Invoice,StockCode,Description,Quantity,InvoiceDate,Price,Customer ID,Country
C489588,79323P,PINK CHERRY LIGHTS,-2,2009-12-01 14:01:00,6.75,13711.0,United Kingdom
C489588,79323GR,GREEN CHERRY LIGHTS,-2,2009-12-01 14:01:00,6.75,13711.0,United Kingdom
C489588,22120,WELCOME  WOODEN BLOCK LETTERS,-1,2009-12-01 14:01:00,9.95,13711.0,United Kingdom
489794,20982,12 PENCILS TALL TUBE SKULLS,12,2009-12-02 12:13:00,0.85,15287.0,United Kingdom
489794,21327,SKULLS WRITING SET ,12,2009-12-02 12:13:00,1.65,15287.0,United Kingdom
489794,21425,SKULLS STORAGE BOX LARGE,6,2009-12-02 12:13:00,2.95,15287.0,United Kingdom
489794,21495,SKULLS WRAP,25,2009-12-02 12:13:00,0.42,15287.0,United Kingdom
489819,85049G,CHOCOLATE BOX RIBBONS ,8,2009-12-02 13:23:00,1.25,14739.0,United Kingdom
489819,85014B,RED/WHITE DOTS RUFFLED UMBRELLA,6,2009-12-02 13:23:00,5.95,14739.0,United Kingdom
489819,85014C,BLUE/BROWN DOTS RUFFLED UMBRELLA,3,2009-12-02 13:23:00,5.95,14739.0,United Kingdom
489819,21591,COSY HOUR CIGAR BOX MATCHES ,48,2009-12-02 13:23:00,1.25,14739.0,United Kingdom
489819,84077,WORLD WAR 2 GLIDERS ASSTD DESIGNS,96,2009-12-02 13:23:00,0.21,14739.0,United Kingdom
489819,84946,ANTIQUE SILVER TEA GLASS ETCHED,72,2009-12-02 13:23:00,1.06,14739.0,United Kingdom
489819,22088,PAPER BUNTING COLOURED LACE,40,2009-12-02 13:23:00,2.55,14739.0,United Kingdom
489819,21186,WHITE DOVE HONEYCOMB PAPER GARLAND,48,2009-12-02 13:23:00,1.45,14739.0,United Kingdom
489819,84832,ZINC WILLIE WINKIE  CANDLE STICK,24,2009-12-02 13:23:00,0.85,14739.0,United Kingdom
489819,20940,SET/6 GARDEN GNOME T-LIGHT CANDLES,36,2009-12-02 13:23:00,2.55,14739.0,United Kingdom
489819,22075,6 RIBBONS ELEGANT CHRISTMAS ,24,2009-12-02 13:23:00,1.65,14739.0,United Kingdom
489819,85049A,TRADITIONAL CHRISTMAS RIBBONS,36,2009-12-02 13:23:00,1.25,14739.0,United Kingdom
489819,85049E,SCANDINAVIAN REDS RIBBONS,24,2009-12-02 13:23:00,1.25,14739.0,United Kingdom
490272,21357,TOAST ITS - DINOSAUR,10,2009-12-04 12:36:00,1.25,14680.0,United Kingdom
490272,21355,TOAST ITS - I LOVE YOU ,10,2009-12-04 12:36:00,1.25,14680.0,United Kingdom
490272,21356,TOAST ITS - FAIRY FLOWER,8,2009-12-04 12:36:00,1.25,14680.0,United Kingdom
490272,21328,BALLOONS  WRITING SET ,2,2009-12-04 12:36:00,1.65,14680.0,United Kingdom
490272,21330,WOODLAND ANIMAL  WRITING SET ,2,2009-12-04 12:36:00,1.65,14680.0,United Kingdom
490272,21329,DINOSAURS  WRITING SET ,2,2009-12-04 12:36:00,1.65,14680.0,United Kingdom
490272,20978,36 PENCILS TUBE SKULLS,5,2009-12-04 12:36:00,1.25,14680.0,United Kingdom
490272,20979,36 PENCILS TUBE RED SPOTTY,4,2009-12-04 12:36:00,1.25,14680.0,United Kingdom
490272,84032B,CHARLIE + LOLA RED HOT WATER BOTTLE,3,2009-12-04 12:36:00,2.95,14680.0,United Kingdom
490272,84032A,CHARLIE+LOLA PINK HOT WATER BOTTLE,5,2009-12-04 12:36:00,2.95,14680.0,United Kingdom
490272,21733,RED HANGING HEART T-LIGHT HOLDER,2,2009-12-04 12:36:00,2.95,14680.0,United Kingdom
490272,85123A,WHITE HANGING HEART T-LIGHT HOLDER,6,2009-12-04 12:36:00,2.95,14680.0,United Kingdom
490272,21411,GINGHAM HEART  DOORSTOP RED,2,2009-12-04 12:36:00,4.25,14680.0,United Kingdom
490272,20969,RED FLORAL FELTCRAFT SHOULDER BAG,3,2009-12-04 12:36:00,3.75,14680.0,United Kingdom
490272,20970,PINK FLORAL FELTCRAFT SHOULDER BAG,1,2009-12-04 12:36:00,3.75,14680.0,United Kingdom
490272,20968,GREEN FLORAL FELTCRAFT SHOULDER BAG,1,2009-12-04 12:36:00,3.75,14680.0,United Kingdom
490272,21181,PLEASE ONE PERSON  METAL SIGN,12,2009-12-04 12:36:00,2.1,14680.0,United Kingdom
490272,85152,HAND OVER THE CHOCOLATE   SIGN ,4,2009-12-04 12:36:00,2.1,14680.0,United Kingdom
490272,82600,NO SINGING METAL SIGN,3,2009-12-04 12:36:00,2.1,14680.0,United Kingdom
490272,21166,COOK WITH WINE METAL SIGN ,12,2009-12-04 12:36:00,1.95,14680.0,United Kingdom
490272,85150,LADIES & GENTLEMEN METAL SIGN,1,2009-12-04 12:36:00,2.55,14680.0,United Kingdom
490272,21163,DO NOT TOUCH MY STUFF DOOR HANGER ,1,2009-12-04 12:36:00,1.45,14680.0,United Kingdom
490272,21158,MOODY GIRL DOOR HANGER ,1,2009-12-04 12:36:00,1.45,14680.0,United Kingdom
490272,21159,MOODY BOY  DOOR HANGER ,1,2009-12-04 12:36:00,1.45,14680.0,United Kingdom
490272,21425,SKULLS STORAGE BOX LARGE,2,2009-12-04 12:36:00,2.95,14680.0,United Kingdom
490272,21427,SKULLS STORAGE BOX SMALL,2,2009-12-04 12:36:00,2.1,14680.0,United Kingdom
490272,20681,PINK SPOTTY CHILDS UMBRELLA,3,2009-12-04 12:36:00,3.25,14680.0,United Kingdom
490272,85136C,RED SHARK HELICOPTER,1,2009-12-04 12:36:00,7.95,14680.0,United Kingdom
490272,85040A,S/4 PINK FLOWER CANDLES IN BOWL,1,2009-12-04 12:36:00,1.65,14680.0,United Kingdom
490272,84050,PINK HEART SHAPE EGG FRYING PAN,1,2009-12-04 12:36:00,1.65,14680.0,United Kingdom
490272,70007,HI TEC ALPINE HAND WARMER,1,2009-12-04 12:36:00,1.65,14680.0,United Kingdom
490272,70006,LOVE HEART POCKET WARMER,1,2009-12-04 12:36:00,1.65,14680.0,United Kingdom
490272,20726,LUNCH BAG WOODLAND,11,2009-12-04 12:36:00,1.65,14680.0,United Kingdom
490272,20725,LUNCH BAG RED SPOTTY,10,2009-12-04 12:36:00,1.65,14680.0,United Kingdom
490272,21558,SKULL LUNCHBOX WITH CUTLERY ,3,2009-12-04 12:36:00,2.55,14680.0,United Kingdom
490272,22353,LUNCHBOX WITH CUTLERY FAIRY CAKES ,3,2009-12-04 12:36:00,2.55,14680.0,United Kingdom
490272,22352,LUNCHBOX WITH CUTLERY RETROSPOT ,3,2009-12-04 12:36:00,2.55,14680.0,United Kingdom
490272,21232,STRAWBERRY CERAMIC TRINKET BOX,5,2009-12-04 12:36:00,1.25,14680.0,United Kingdom
490272,21535,RETRO SPOT SMALL MILK JUG,2,2009-12-04 12:36:00,2.55,14680.0,United Kingdom
490272,21535,RETRO SPOT SMALL MILK JUG,1,2009-12-04 12:36:00,2.55,14680.0,United Kingdom
490272,22068, BLACK PIRATE TREASURE CHEST,2,2009-12-04 12:36:00,1.65,14680.0,United Kingdom
490272,22058,CERAMIC LOVE HEARTS DESIGN MUG,1,2009-12-04 12:36:00,1.49,14680.0,United Kingdom
490272,37448,CERAMIC CAKE DESIGN SPOTTED MUG,1,2009-12-04 12:36:00,1.49,14680.0,United Kingdom
490272,21527,RETRO SPOT TRADITIONAL TEAPOT ,1,2009-12-04 12:36:00,7.95,14680.0,United Kingdom
490272,22058,CERAMIC LOVE HEARTS DESIGN MUG,1,2009-12-04 12:36:00,1.49,14680.0,United Kingdom
490272,21488,RED WHITE SCARF  HOT WATER BOTTLE,3,2009-12-04 12:36:00,3.95,14680.0,United Kingdom
490272,84029E,RED WOOLLY HOTTIE WHITE HEART.,4,2009-12-04 12:36:00,3.75,14680.0,United Kingdom
490272,21213,PACK OF 72 SKULL CAKE CASES,24,2009-12-04 12:36:00,0.55,14680.0,United Kingdom
490272,21212,PACK OF 72 RETRO SPOT CAKE CASES,24,2009-12-04 12:36:00,0.55,14680.0,United Kingdom
490272,37461,FUNKY MONKEY MUG,3,2009-12-04 12:36:00,1.25,14680.0,United Kingdom
490272,21872,GLAMOROUS  MUG,3,2009-12-04 12:36:00,1.25,14680.0,United Kingdom
490272,21479,WHITE SKULL HOT WATER BOTTLE ,5,2009-12-04 12:36:00,3.75,14680.0,United Kingdom
490272,84997C,BLUE 3 PIECE MINI DOTS CUTLERY SET,2,2009-12-04 12:36:00,3.75,14680.0,United Kingdom
490272,84997B,RED 3 PIECE MINI DOTS CUTLERY SET,2,2009-12-04 12:36:00,3.75,14680.0,United Kingdom
490272,21843,RETRO SPOT CAKE STAND,2,2009-12-04 12:36:00,10.95,14680.0,United Kingdom
490272,21430,SET/3 RED GINGHAM ROSE STORAGE BOX,2,2009-12-04 12:36:00,3.75,14680.0,United Kingdom
490272,21430,SET/3 RED GINGHAM ROSE STORAGE BOX,6,2009-12-04 12:36:00,3.75,14680.0,United Kingdom
490272,72756,FAIRY CAKE CANDLES,9,2009-12-04 12:36:00,1.49,14680.0,United Kingdom
490272,72741,GRAND CHOCOLATECANDLE,27,2009-12-04 12:36:00,1.45,14680.0,United Kingdom
490482,35001G,HAND OPEN SHAPE GOLD,1,2009-12-06 12:52:00,4.25,15983.0,United Kingdom
490482,84429A,MEDIUM PINK BUDDHA HEAD ,1,2009-12-06 12:52:00,2.95,15983.0,United Kingdom
490482,85144,JARDIN ETCHED GLASS BUTTER DISH,1,2009-12-06 12:52:00,7.25,15983.0,United Kingdom
490482,22112,CHOCOLATE HOT WATER BOTTLE,1,2009-12-06 12:52:00,4.95,15983.0,United Kingdom
490482,79067,CORONA MEXICAN TRAY,1,2009-12-06 12:52:00,3.75,15983.0,United Kingdom
490482,85184C,S/4 VALENTINE DECOUPAGE HEART BOX,1,2009-12-06 12:52:00,2.95,15983.0,United Kingdom
490482,82597,BOMBS AWAY METAL SIGN,1,2009-12-06 12:52:00,2.1,15983.0,United Kingdom
490482,21464,DISCO BALL ROTATOR BATTERY OPERATED,2,2009-12-06 12:52:00,4.25,15983.0,United Kingdom
490482,84836,ZINC METAL HEART DECORATION,15,2009-12-06 12:52:00,1.25,15983.0,United Kingdom
490482,47591C,BLUE FAIRY CAKE CHILD'S APRON,3,2009-12-06 12:52:00,1.95,15983.0,United Kingdom
490482,20749,ASSORTED COLOUR MINI CASES,3,2009-12-06 12:52:00,7.95,15983.0,United Kingdom
490482,22139,RETRO SPOT TEA SET CERAMIC 11 PC ,2,2009-12-06 12:52:00,4.95,15983.0,United Kingdom
490482,21582,KINGS CHOICE SMALL TUBE MATCHES,3,2009-12-06 12:52:00,1.65,15983.0,United Kingdom
490482,21977,PACK OF 60 PINK PAISLEY CAKE CASES,2,2009-12-06 12:52:00,0.55,15983.0,United Kingdom
490482,22082,RIBBON REEL STRIPES DESIGN ,10,2009-12-06 12:52:00,1.65,15983.0,United Kingdom
490482,21582,KINGS CHOICE SMALL TUBE MATCHES,4,2009-12-06 12:52:00,1.65,15983.0,United Kingdom
490482,47591D,PINK FAIRY CAKE CHILD'S APRON,3,2009-12-06 12:52:00,1.95,15983.0,United Kingdom
490482,21729,SMALL MARAKESH METAL  LANTERN ,5,2009-12-06 12:52:00,3.25,15983.0,United Kingdom
490482,22294,HEART FILIGREE DOVE  SMALL,24,2009-12-06 12:52:00,1.25,15983.0,United Kingdom
490482,72800E,4 IVORY DINNER CANDLES SILVER FLOCK,4,2009-12-06 12:52:00,2.55,15983.0,United Kingdom
490482,84007,MAGIC GARDEN MOUNT FUJI,10,2009-12-06 12:52:00,2.55,15983.0,United Kingdom
490482,84879,ASSORTED COLOUR BIRD ORNAMENT,32,2009-12-06 12:52:00,1.69,15983.0,United Kingdom
490482,21136,PAINTED METAL PEARS ASSORTED,8,2009-12-06 12:52:00,1.69,15983.0,United Kingdom
490482,21122,SET/10 PINK SPOTTY PARTY CANDLES,3,2009-12-06 12:52:00,1.25,15983.0,United Kingdom
490482,21124,SET/10 BLUE SPOTTY PARTY CANDLES,3,2009-12-06 12:52:00,1.25,15983.0,United Kingdom
490482,21977,PACK OF 60 PINK PAISLEY CAKE CASES,1,2009-12-06 12:52:00,0.55,15983.0,United Kingdom
490482,84991,60 TEATIME FAIRY CAKE CASES,3,2009-12-06 12:52:00,0.55,15983.0,United Kingdom
491425,20879,TREE OF NOAH FESTIVE SCENTED CANDLE,6,2009-12-10 20:04:00,0.65,16905.0,United Kingdom
491425,21821,GLITTER STAR GARLAND WITH BELLS ,1,2009-12-10 20:04:00,3.75,16905.0,United Kingdom
491425,21817,GLITTER CHRISTMAS TREE,3,2009-12-10 20:04:00,0.85,16905.0,United Kingdom
491425,20878,SET/9 CHRISTMAS T-LIGHTS SCENTED ,5,2009-12-10 20:04:00,1.25,16905.0,United Kingdom
491425,17091F,SANDALWOOD INCENSE IN TIN,2,2009-12-10 20:04:00,1.25,16905.0,United Kingdom
491425,17091A,LAVENDER INCENSE IN TIN,2,2009-12-10 20:04:00,1.25,16905.0,United Kingdom
491425,84813,SET OF 4 DIAMOND NAPKIN RINGS,1,2009-12-10 20:04:00,12.75,16905.0,United Kingdom
491425,17039,INLAID WOOD INCENSE HOLDER,10,2009-12-10 20:04:00,0.29,16905.0,United Kingdom
491425,17090A,LAVENDER INCENSE 40 CONES IN TIN,3,2009-12-10 20:04:00,1.25,16905.0,United Kingdom
491425,21034,REX CASH+CARRY JUMBO SHOPPER,1,2009-12-10 20:04:00,0.95,16905.0,United Kingdom
491425,79323P,PINK CHERRY LIGHTS,3,2009-12-10 20:04:00,6.75,16905.0,United Kingdom
491425,79323G,GOLD  CHERRY LIGHTS,6,2009-12-10 20:04:00,6.75,16905.0,United Kingdom
491425,79323W, WHITE CHERRY LIGHTS,10,2009-12-10 20:04:00,6.75,16905.0,United Kingdom
491425,20879,TREE OF NOAH FESTIVE SCENTED CANDLE,6,2009-12-10 20:04:00,0.65,16905.0,United Kingdom
491425,21819,GLITTER CHRISTMAS STAR ,3,2009-12-10 20:04:00,0.85,16905.0,United Kingdom
491425,21817,GLITTER CHRISTMAS TREE,2,2009-12-10 20:04:00,0.85,16905.0,United Kingdom
491425,21820,GLITTER HEART GARLAND WITH BELLS ,2,2009-12-10 20:04:00,3.75,16905.0,United Kingdom
491425,21821,GLITTER STAR GARLAND WITH BELLS ,2,2009-12-10 20:04:00,3.75,16905.0,United Kingdom
491425,21817,GLITTER CHRISTMAS TREE,2,2009-12-10 20:04:00,0.85,16905.0,United Kingdom
491425,21817,GLITTER CHRISTMAS TREE,3,2009-12-10 20:04:00,0.85,16905.0,United Kingdom
491425,15056BL,EDWARDIAN PARASOL BLACK,2,2009-12-10 20:04:00,5.95,16905.0,United Kingdom
491425,85048,15CM CHRISTMAS GLASS BALL 20 LIGHTS,1,2009-12-10 20:04:00,7.95,16905.0,United Kingdom
491425,85047,WHITE BEADED GARLAND STRING 20LIGHT,2,2009-12-10 20:04:00,6.35,16905.0,United Kingdom
491448,22082,RIBBON REEL STRIPES DESIGN ,5,2009-12-11 10:54:00,1.65,15983.0,United Kingdom
491448,22078,RIBBON REEL LACE DESIGN ,5,2009-12-11 10:54:00,2.1,15983.0,United Kingdom
491448,20940,SET/6 GARDEN GNOME T-LIGHT CANDLES,2,2009-12-11 10:54:00,2.95,15983.0,United Kingdom
491448,84029G,KNITTED UNION FLAG HOT WATER BOTTLE,1,2009-12-11 10:54:00,3.75,15983.0,United Kingdom
491448,22139,RETRO SPOT TEA SET CERAMIC 11 PC ,2,2009-12-11 10:54:00,4.95,15983.0,United Kingdom
491448,84007,MAGIC GARDEN MOUNT FUJI,10,2009-12-11 10:54:00,2.55,15983.0,United Kingdom
491448,72800E,4 IVORY DINNER CANDLES SILVER FLOCK,8,2009-12-11 10:54:00,2.55,15983.0,United Kingdom
491448,20750, RED/WHITE DOT MINI CASES,2,2009-12-11 10:54:00,7.95,15983.0,United Kingdom
491448,20749,ASSORTED COLOUR MINI CASES,3,2009-12-11 10:54:00,7.95,15983.0,United Kingdom
491448,20775,DAISY NOTEBOOK ,5,2009-12-11 10:54:00,1.65,15983.0,United Kingdom
491448,20755,BLUE PAISLEY POCKET BOOK,6,2009-12-11 10:54:00,0.85,15983.0,United Kingdom
491448,20756,GREEN FERN POCKET BOOK,6,2009-12-11 10:54:00,0.85,15983.0,United Kingdom
491448,20757,RED DAISY POCKET BOOK ,6,2009-12-11 10:54:00,0.85,15983.0,United Kingdom
491448,21133,PAINTED BIRD ASSORTED CHRISTMAS,36,2009-12-11 10:54:00,1.69,15983.0,United Kingdom
491448,21734,SMALL MARAKESH LANTERN ON STICK,6,2009-12-11 10:54:00,3.75,15983.0,United Kingdom
491448,21651,HANGING GLASS ETCHED TEALIGHT,18,2009-12-11 10:54:00,1.65,15983.0,United Kingdom
491448,22294,HEART FILIGREE DOVE  SMALL,48,2009-12-11 10:54:00,1.25,15983.0,United Kingdom
491448,84836,ZINC METAL HEART DECORATION,12,2009-12-11 10:54:00,1.25,15983.0,United Kingdom
491448,22294,HEART FILIGREE DOVE  SMALL,24,2009-12-11 10:54:00,1.25,15983.0,United Kingdom
491448,84836,ZINC METAL HEART DECORATION,12,2009-12-11 10:54:00,1.25,15983.0,United Kingdom
491448,22415,WHITE TISSUE REAM,1,2009-12-11 10:54:00,7.95,15983.0,United Kingdom
491448,47590A,BLUE HAPPY BIRTHDAY BUNTING,1,2009-12-11 10:54:00,5.45,15983.0,United Kingdom
491448,21591,COSY HOUR CIGAR BOX MATCHES ,10,2009-12-11 10:54:00,1.25,15983.0,United Kingdom
491448,21582,KINGS CHOICE SMALL TUBE MATCHES,2,2009-12-11 10:54:00,1.65,15983.0,United Kingdom
491448,21587,COSY HOUR GIANT TUBE MATCHES,2,2009-12-11 10:54:00,2.55,15983.0,United Kingdom
491448,21136,PAINTED METAL PEARS ASSORTED,16,2009-12-11 10:54:00,1.69,15983.0,United Kingdom
491448,84625B,BLCK NEW BAROQUE CANDLESTICK CANDLE,2,2009-12-11 10:54:00,2.95,15983.0,United Kingdom
491448,84625D,WHITE NEWBAROQUE CANDLESTICK CANDLE,4,2009-12-11 10:54:00,2.95,15983.0,United Kingdom
491450,22086,PAPER CHAIN KIT 50'S CHRISTMAS ,40,2009-12-11 11:06:00,2.55,14739.0,United Kingdom
491450,84946,ANTIQUE SILVER TEA GLASS ETCHED,72,2009-12-11 11:06:00,1.06,14739.0,United Kingdom
491450,21666, RIDGED GLASS T-LIGHT HOLDER,96,2009-12-11 11:06:00,0.55,14739.0,United Kingdom
491450,21186,WHITE DOVE HONEYCOMB PAPER GARLAND,48,2009-12-11 11:06:00,1.45,14739.0,United Kingdom
491450,21894,POTTING SHED SEED ENVELOPES,60,2009-12-11 11:06:00,1.06,14739.0,United Kingdom
491450,21868,POTTING SHED TEA MUG,72,2009-12-11 11:06:00,1.06,14739.0,United Kingdom
491450,85174,S/4 CACTI CANDLES,16,2009-12-11 11:06:00,4.25,14739.0,United Kingdom
491450,20940,SET/6 GARDEN GNOME T-LIGHT CANDLES,16,2009-12-11 11:06:00,2.55,14739.0,United Kingdom
491450,21791,VINTAGE HEADS AND TAILS CARD GAME ,72,2009-12-11 11:06:00,1.06,14739.0,United Kingdom
491450,20984,12 PENCILS TALL TUBE POSY,48,2009-12-11 11:06:00,0.19,14739.0,United Kingdom
C491459,79323P,PINK CHERRY LIGHTS,-2,2009-12-11 11:30:00,6.75,13711.0,United Kingdom
491479,84029E,RED WOOLLY HOTTIE WHITE HEART.,5,2009-12-11 12:11:00,3.75,14680.0,United Kingdom
491479,21488,RED WHITE SCARF  HOT WATER BOTTLE,3,2009-12-11 12:11:00,3.95,14680.0,United Kingdom
491479,21975,PACK OF 60 DINOSAUR CAKE CASES,10,2009-12-11 12:11:00,0.55,14680.0,United Kingdom
491479,21212,PACK OF 72 RETRO SPOT CAKE CASES,10,2009-12-11 12:11:00,0.55,14680.0,United Kingdom
491479,21733,RED HANGING HEART T-LIGHT HOLDER,3,2009-12-11 12:11:00,2.95,14680.0,United Kingdom
491479,85123A,WHITE HANGING HEART T-LIGHT HOLDER,5,2009-12-11 12:11:00,2.95,14680.0,United Kingdom
491479,20726,LUNCH BAG WOODLAND,10,2009-12-11 12:11:00,1.65,14680.0,United Kingdom
491479,85132A,CHARLIE + LOLA BISCUITS TINS,1,2009-12-11 12:11:00,9.95,14680.0,United Kingdom
491479,85132B,CHARLIE AND LOLA TABLE TINS,1,2009-12-11 12:11:00,9.95,14680.0,United Kingdom
491479,84519A,TOMATO CHARLIE+LOLA COASTER SET,2,2009-12-11 12:11:00,2.95,14680.0,United Kingdom
491479,84519B,CARROT CHARLIE+LOLA COASTER SET,3,2009-12-11 12:11:00,2.95,14680.0,United Kingdom
491479,72741,GRAND CHOCOLATECANDLE,9,2009-12-11 12:11:00,1.45,14680.0,United Kingdom
491479,37503,TEA TIME CAKE STAND IN GIFT BOX,3,2009-12-11 12:11:00,10.75,14680.0,United Kingdom
491479,22415,WHITE TISSUE REAM,1,2009-12-11 12:11:00,7.95,14680.0,United Kingdom
491479,20682,RED SPOTTY CHILDS UMBRELLA,2,2009-12-11 12:11:00,3.25,14680.0,United Kingdom
491479,22070,SMALL RETRO SPOT MUG IN BOX  RED,1,2009-12-11 12:11:00,3.75,14680.0,United Kingdom
491479,37448,CERAMIC CAKE DESIGN SPOTTED MUG,1,2009-12-11 12:11:00,1.49,14680.0,United Kingdom
491479,47591C,BLUE FAIRY CAKE CHILD'S APRON,2,2009-12-11 12:11:00,1.95,14680.0,United Kingdom
491479,47591D,PINK FAIRY CAKE CHILD'S APRON,5,2009-12-11 12:11:00,1.95,14680.0,United Kingdom
491479,84032A,CHARLIE+LOLA PINK HOT WATER BOTTLE,5,2009-12-11 12:11:00,2.95,14680.0,United Kingdom
491479,84031A,CHARLIE+LOLA RED HOT WATER BOTTLE ,2,2009-12-11 12:11:00,4.65,14680.0,United Kingdom
491479,84032B,CHARLIE + LOLA RED HOT WATER BOTTLE,5,2009-12-11 12:11:00,2.95,14680.0,United Kingdom
491479,72756,FAIRY CAKE CANDLES,18,2009-12-11 12:11:00,1.49,14680.0,United Kingdom
491479,21357,TOAST ITS - DINOSAUR,10,2009-12-11 12:11:00,1.25,14680.0,United Kingdom
491479,21355,TOAST ITS - I LOVE YOU ,5,2009-12-11 12:11:00,1.25,14680.0,United Kingdom
491479,21356,TOAST ITS - FAIRY FLOWER,5,2009-12-11 12:11:00,1.25,14680.0,United Kingdom
491479,21527,RETRO SPOT TRADITIONAL TEAPOT ,1,2009-12-11 12:11:00,7.95,14680.0,United Kingdom
491479,20914,SET/5 RED SPOTTY LID GLASS BOWLS,3,2009-12-11 12:11:00,2.95,14680.0,United Kingdom
491479,84997A,GREEN 3 PIECE MINI DOTS CUTLERY SET,1,2009-12-11 12:11:00,3.75,14680.0,United Kingdom
491479,84997C,BLUE 3 PIECE MINI DOTS CUTLERY SET,1,2009-12-11 12:11:00,3.75,14680.0,United Kingdom
491479,84997B,RED 3 PIECE MINI DOTS CUTLERY SET,1,2009-12-11 12:11:00,3.75,14680.0,United Kingdom
491479,20978,36 PENCILS TUBE SKULLS,4,2009-12-11 12:11:00,1.25,14680.0,United Kingdom
491479,21558,SKULL LUNCHBOX WITH CUTLERY ,2,2009-12-11 12:11:00,2.55,14680.0,United Kingdom
491479,22353,LUNCHBOX WITH CUTLERY FAIRY CAKES ,1,2009-12-11 12:11:00,2.55,14680.0,United Kingdom
491479,22194,BLACK DINER WALL CLOCK,1,2009-12-11 12:11:00,8.5,14680.0,United Kingdom
491479,21232,STRAWBERRY CERAMIC TRINKET BOX,11,2009-12-11 12:11:00,1.25,14680.0,United Kingdom
491479,21527,RETRO SPOT TRADITIONAL TEAPOT ,3,2009-12-11 12:11:00,7.95,14680.0,United Kingdom
491479,21479,WHITE SKULL HOT WATER BOTTLE ,5,2009-12-11 12:11:00,3.75,14680.0,United Kingdom
C491626,21766,VINTAGE WOOD ORGANISER,-2,2009-12-11 14:31:00,16.95,16512.0,United Kingdom
491664,47504G,ENGLISH ROSE TAPE MEASURE,1,2009-12-13 11:28:00,1.25,15983.0,United Kingdom
491664,47504F,ENGLISH ROSE TORCH,1,2009-12-13 11:28:00,1.65,15983.0,United Kingdom
491664,20658,RED SPOTTY LUGGAGE TAG,1,2009-12-13 11:28:00,1.25,15983.0,United Kingdom
491664,21916,SET 12 RETRO WHITE CHALK STICKS,1,2009-12-13 11:28:00,0.42,15983.0,United Kingdom
491664,20982,12 PENCILS TALL TUBE SKULLS,1,2009-12-13 11:28:00,0.85,15983.0,United Kingdom
491664,47504E,ENGLISH ROSE SCISSORS,1,2009-12-13 11:28:00,1.25,15983.0,United Kingdom
491664,84029G,KNITTED UNION FLAG HOT WATER BOTTLE,1,2009-12-13 11:28:00,3.75,15983.0,United Kingdom
491664,84030E,ENGLISH ROSE HOT WATER BOTTLE,2,2009-12-13 11:28:00,4.25,15983.0,United Kingdom
491664,21586,KINGS CHOICE GIANT TUBE MATCHES,1,2009-12-13 11:28:00,2.55,15983.0,United Kingdom
491664,20983,12 PENCILS TALL TUBE RED SPOTTY,1,2009-12-13 11:28:00,0.85,15983.0,United Kingdom
491664,21479,WHITE SKULL HOT WATER BOTTLE ,5,2009-12-13 11:28:00,3.75,15983.0,United Kingdom
491664,20755,BLUE PAISLEY POCKET BOOK,9,2009-12-13 11:28:00,0.85,15983.0,United Kingdom
491664,20756,GREEN FERN POCKET BOOK,9,2009-12-13 11:28:00,0.85,15983.0,United Kingdom
491664,20757,RED DAISY POCKET BOOK ,9,2009-12-13 11:28:00,0.85,15983.0,United Kingdom
491664,20776,ABSTRACT CIRCLES NOTEBOOK,1,2009-12-13 11:28:00,1.65,15983.0,United Kingdom
491664,20774,GREEN FERN NOTEBOOK,3,2009-12-13 11:28:00,1.65,15983.0,United Kingdom
491664,20778,GARDEN PATH NOTEBOOK ,1,2009-12-13 11:28:00,1.65,15983.0,United Kingdom
491664,20777,CHRYSANTHEMUM NOTEBOOK,1,2009-12-13 11:28:00,1.65,15983.0,United Kingdom
491664,20773,BLUE PAISLEY NOTEBOOK,5,2009-12-13 11:28:00,1.65,15983.0,United Kingdom
491664,20775,DAISY NOTEBOOK ,3,2009-12-13 11:28:00,1.65,15983.0,United Kingdom
491664,20652,BLUE SPOTTY LUGGAGE TAG ,1,2009-12-13 11:28:00,1.25,15983.0,United Kingdom
491664,72800E,4 IVORY DINNER CANDLES SILVER FLOCK,5,2009-12-13 11:28:00,2.55,15983.0,United Kingdom
491664,22139,RETRO SPOT TEA SET CERAMIC 11 PC ,2,2009-12-13 11:28:00,4.95,15983.0,United Kingdom
491664,84836,ZINC METAL HEART DECORATION,12,2009-12-13 11:28:00,1.25,15983.0,United Kingdom
491664,22294,HEART FILIGREE DOVE  SMALL,72,2009-12-13 11:28:00,1.25,15983.0,United Kingdom
491664,20767,BLUE PAISLEY JOURNAL ,2,2009-12-13 11:28:00,2.55,15983.0,United Kingdom
491664,20768,GREEN FERN JOURNAL ,2,2009-12-13 11:28:00,2.55,15983.0,United Kingdom
491664,20769,DAISY JOURNAL ,2,2009-12-13 11:28:00,2.55,15983.0,United Kingdom
491664,21136,PAINTED METAL PEARS ASSORTED,16,2009-12-13 11:28:00,1.69,15983.0,United Kingdom
491664,84879,ASSORTED COLOUR BIRD ORNAMENT,40,2009-12-13 11:28:00,1.69,15983.0,United Kingdom
491664,22294,HEART FILIGREE DOVE  SMALL,24,2009-12-13 11:28:00,1.25,15983.0,United Kingdom
491664,84625B,BLCK NEW BAROQUE CANDLESTICK CANDLE,10,2009-12-13 11:28:00,2.95,15983.0,United Kingdom
491664,84625D,WHITE NEWBAROQUE CANDLESTICK CANDLE,10,2009-12-13 11:28:00,2.95,15983.0,United Kingdom
491664,21651,HANGING GLASS ETCHED TEALIGHT,12,2009-12-13 11:28:00,1.65,15983.0,United Kingdom
491664,21156,RED SPOTTY CHILDS APRON,3,2009-12-13 11:28:00,1.95,15983.0,United Kingdom
491664,85170A,SET/6 IVORY BIRD T-LIGHT CANDLES,2,2009-12-13 11:28:00,2.1,15983.0,United Kingdom
491664,20940,SET/6 GARDEN GNOME T-LIGHT CANDLES,2,2009-12-13 11:28:00,2.95,15983.0,United Kingdom
492233,21485,RED SPOT HEART HOT WATER BOTTLE,3,2009-12-15 19:04:00,4.95,13711.0,United Kingdom
492233,22112,CHOCOLATE HOT WATER BOTTLE,3,2009-12-15 19:04:00,4.95,13711.0,United Kingdom
492233,22114,HOT WATER BOTTLE TEA AND SYMPATHY,4,2009-12-15 19:04:00,3.95,13711.0,United Kingdom
492233,79323GR,GREEN CHERRY LIGHTS,4,2009-12-15 19:04:00,6.75,13711.0,United Kingdom
492233,79323P,PINK CHERRY LIGHTS,4,2009-12-15 19:04:00,6.75,13711.0,United Kingdom
492233,79323B,BLACK CHERRY LIGHTS,4,2009-12-15 19:04:00,6.75,13711.0,United Kingdom
492313,85049F,BABY BOOM RIBBONS ,1,2009-12-16 12:09:00,1.25,14680.0,United Kingdom
492313,35963,FOLKART ZINC CLIP ON ANGEL WINGS,2,2009-12-16 12:09:00,0.38,14680.0,United Kingdom
492313,21216,"SET 3 RED SPOT TIN TEA,COFFEE,SUGAR",1,2009-12-16 12:09:00,4.95,14680.0,United Kingdom
492313,21232,STRAWBERRY CERAMIC TRINKET BOX,12,2009-12-16 12:09:00,1.25,14680.0,United Kingdom
492313,21357,TOAST ITS - DINOSAUR,20,2009-12-16 12:09:00,1.25,14680.0,United Kingdom
492313,21733,RED HANGING HEART T-LIGHT HOLDER,32,2009-12-16 12:09:00,2.55,14680.0,United Kingdom
492313,72756,FAIRY CAKE CANDLES,9,2009-12-16 12:09:00,1.49,14680.0,United Kingdom
492313,72741,GRAND CHOCOLATECANDLE,9,2009-12-16 12:09:00,1.45,14680.0,United Kingdom
492313,22311,OFFICE MUG WARMER BLACK+SILVER ,1,2009-12-16 12:09:00,4.95,14680.0,United Kingdom
492313,84388,WISE MAN STAR SHAPE EGG PAN,1,2009-12-16 12:09:00,1.65,14680.0,United Kingdom
492313,20718,RED SPOTTY SHOPPER BAG,4,2009-12-16 12:09:00,1.25,14680.0,United Kingdom
492313,21479,WHITE SKULL HOT WATER BOTTLE ,2,2009-12-16 12:09:00,3.75,14680.0,United Kingdom
492313,21488,RED WHITE SCARF  HOT WATER BOTTLE,1,2009-12-16 12:09:00,3.95,14680.0,United Kingdom
492313,22352,LUNCHBOX WITH CUTLERY RETROSPOT ,1,2009-12-16 12:09:00,2.55,14680.0,United Kingdom
492313,20727,LUNCH BAG  BLACK SKULL.,10,2009-12-16 12:09:00,1.65,14680.0,United Kingdom
492313,20725,LUNCH BAG RED SPOTTY,10,2009-12-16 12:09:00,1.65,14680.0,United Kingdom
492313,21479,WHITE SKULL HOT WATER BOTTLE ,10,2009-12-16 12:09:00,3.75,14680.0,United Kingdom
492313,21488,RED WHITE SCARF  HOT WATER BOTTLE,7,2009-12-16 12:09:00,3.95,14680.0,United Kingdom
492313,22353,LUNCHBOX WITH CUTLERY FAIRY CAKES ,2,2009-12-16 12:09:00,2.55,14680.0,United Kingdom
492313,21558,SKULL LUNCHBOX WITH CUTLERY ,1,2009-12-16 12:09:00,2.55,14680.0,United Kingdom
492313,22352,LUNCHBOX WITH CUTLERY RETROSPOT ,2,2009-12-16 12:09:00,2.55,14680.0,United Kingdom
492313,84997B,RED 3 PIECE MINI DOTS CUTLERY SET,1,2009-12-16 12:09:00,3.75,14680.0,United Kingdom
492313,84997D,PINK 3 PIECE MINI DOTS CUTLERY SET,2,2009-12-16 12:09:00,3.75,14680.0,United Kingdom
492313,21181,PLEASE ONE PERSON  METAL SIGN,3,2009-12-16 12:09:00,2.1,14680.0,United Kingdom
492313,85152,HAND OVER THE CHOCOLATE   SIGN ,7,2009-12-16 12:09:00,2.1,14680.0,United Kingdom
492313,21175,GIN + TONIC DIET METAL SIGN,4,2009-12-16 12:09:00,2.1,14680.0,United Kingdom
492313,85132A,CHARLIE + LOLA BISCUITS TINS,2,2009-12-16 12:09:00,9.95,14680.0,United Kingdom
492313,37448,CERAMIC CAKE DESIGN SPOTTED MUG,3,2009-12-16 12:09:00,1.49,14680.0,United Kingdom
492313,21218,RED SPOTTY BISCUIT TIN,2,2009-12-16 12:09:00,3.75,14680.0,United Kingdom
492313,21527,RETRO SPOT TRADITIONAL TEAPOT ,3,2009-12-16 12:09:00,7.95,14680.0,United Kingdom
492313,84991,60 TEATIME FAIRY CAKE CASES,12,2009-12-16 12:09:00,0.55,14680.0,United Kingdom
492313,21212,PACK OF 72 RETRO SPOT CAKE CASES,24,2009-12-16 12:09:00,0.55,14680.0,United Kingdom
C493430,21556,CERAMIC STRAWBERRY MONEY BOX,-1,2010-01-04 11:43:00,2.55,14680.0,United Kingdom
C493430,21232,STRAWBERRY CERAMIC TRINKET BOX,-2,2010-01-04 11:43:00,1.25,14680.0,United Kingdom
C493430,21527,RETRO SPOT TRADITIONAL TEAPOT ,-1,2010-01-04 11:43:00,7.95,14680.0,United Kingdom
C493430,85123A,WHITE HANGING HEART T-LIGHT HOLDER,-1,2010-01-04 11:43:00,2.95,14680.0,United Kingdom
493432,21488,RED WHITE SCARF  HOT WATER BOTTLE,1,2010-01-04 12:30:00,3.95,14680.0,United Kingdom
493432,84029E,RED WOOLLY HOTTIE WHITE HEART.,3,2010-01-04 12:30:00,3.75,14680.0,United Kingdom
493432,21357,TOAST ITS - DINOSAUR,5,2010-01-04 12:30:00,1.25,14680.0,United Kingdom
493432,37448,CERAMIC CAKE DESIGN SPOTTED MUG,2,2010-01-04 12:30:00,1.49,14680.0,United Kingdom
493432,20726,LUNCH BAG WOODLAND,20,2010-01-04 12:30:00,1.65,14680.0,United Kingdom
493432,21870,I CAN ONLY PLEASE ONE PERSON MUG,2,2010-01-04 12:30:00,1.25,14680.0,United Kingdom
493432,37461,FUNKY MONKEY MUG,2,2010-01-04 12:30:00,1.25,14680.0,United Kingdom
493432,21872,GLAMOROUS  MUG,2,2010-01-04 12:30:00,1.25,14680.0,United Kingdom
493432,47591D,PINK FAIRY CAKE CHILD'S APRON,1,2010-01-04 12:30:00,1.95,14680.0,United Kingdom
493432,21156,RED SPOTTY CHILDS APRON,2,2010-01-04 12:30:00,1.95,14680.0,United Kingdom
493432,22415,WHITE TISSUE REAM,1,2010-01-04 12:30:00,7.95,14680.0,United Kingdom
493432,21329,DINOSAURS  WRITING SET ,1,2010-01-04 12:30:00,1.65,14680.0,United Kingdom
493432,21327,SKULLS WRITING SET ,1,2010-01-04 12:30:00,1.65,14680.0,United Kingdom
493432,85132B,CHARLIE AND LOLA TABLE TINS,2,2010-01-04 12:30:00,9.95,14680.0,United Kingdom
493432,21523,FANCY FONT HOME SWEET HOME DOORMAT,1,2010-01-04 12:30:00,6.75,14680.0,United Kingdom
493432,85150,LADIES & GENTLEMEN METAL SIGN,1,2010-01-04 12:30:00,2.55,14680.0,United Kingdom
493432,21218,RED SPOTTY BISCUIT TIN,1,2010-01-04 12:30:00,3.75,14680.0,United Kingdom
493432,84032A,CHARLIE+LOLA PINK HOT WATER BOTTLE,2,2010-01-04 12:30:00,2.95,14680.0,United Kingdom
493432,20681,PINK SPOTTY CHILDS UMBRELLA,2,2010-01-04 12:30:00,3.25,14680.0,United Kingdom
493432,20682,RED SPOTTY CHILDS UMBRELLA,2,2010-01-04 12:30:00,3.25,14680.0,United Kingdom
493432,21903,MAN FLU METAL SIGN,2,2010-01-04 12:30:00,2.1,14680.0,United Kingdom
493432,85152,HAND OVER THE CHOCOLATE   SIGN ,6,2010-01-04 12:30:00,2.1,14680.0,United Kingdom
493432,21175,GIN + TONIC DIET METAL SIGN,2,2010-01-04 12:30:00,2.1,14680.0,United Kingdom
493432,85123A,WHITE HANGING HEART T-LIGHT HOLDER,32,2010-01-04 12:30:00,2.55,14680.0,United Kingdom
493432,21733,RED HANGING HEART T-LIGHT HOLDER,8,2010-01-04 12:30:00,2.95,14680.0,United Kingdom
493432,84997A,GREEN 3 PIECE MINI DOTS CUTLERY SET,3,2010-01-04 12:30:00,3.75,14680.0,United Kingdom
493432,84997B,RED 3 PIECE MINI DOTS CUTLERY SET,4,2010-01-04 12:30:00,3.75,14680.0,United Kingdom
493432,84997C,BLUE 3 PIECE MINI DOTS CUTLERY SET,4,2010-01-04 12:30:00,3.75,14680.0,United Kingdom
493432,84997D,PINK 3 PIECE MINI DOTS CUTLERY SET,1,2010-01-04 12:30:00,3.75,14680.0,United Kingdom
493432,21217,RED SPOTTY ROUND CAKE TINS,2,2010-01-04 12:30:00,9.95,14680.0,United Kingdom
493432,20914,SET/5 RED SPOTTY LID GLASS BOWLS,1,2010-01-04 12:30:00,2.95,14680.0,United Kingdom
493432,21558,SKULL LUNCHBOX WITH CUTLERY ,1,2010-01-04 12:30:00,2.55,14680.0,United Kingdom
493432,22353,LUNCHBOX WITH CUTLERY FAIRY CAKES ,2,2010-01-04 12:30:00,2.55,14680.0,United Kingdom
493432,21559,STRAWBERRY LUNCHBOX WITH CUTLERY,2,2010-01-04 12:30:00,2.55,14680.0,United Kingdom
493432,21556,CERAMIC STRAWBERRY MONEY BOX,3,2010-01-04 12:30:00,2.55,14680.0,United Kingdom
493432,20718,RED SPOTTY SHOPPER BAG,2,2010-01-04 12:30:00,1.25,14680.0,United Kingdom
493432,20725,LUNCH BAG RED SPOTTY,10,2010-01-04 12:30:00,1.65,14680.0,United Kingdom
493432,22073,RETRO SPOT STORAGE JAR,1,2010-01-04 12:30:00,3.75,14680.0,United Kingdom
493432,21533,RETRO SPOT LARGE MILK JUG,1,2010-01-04 12:30:00,4.95,14680.0,United Kingdom
493432,22072,TEA CUP AND SAUCER RETRO SPOT,2,2010-01-04 12:30:00,3.75,14680.0,United Kingdom
493432,21537,RETRO SPOTS PUDDING BOWL,1,2010-01-04 12:30:00,4.25,14680.0,United Kingdom
493432,21527,RETRO SPOT TRADITIONAL TEAPOT ,5,2010-01-04 12:30:00,7.95,14680.0,United Kingdom
493432,21531,RETRO SPOT SUGAR JAM BOWL,2,2010-01-04 12:30:00,2.55,14680.0,United Kingdom
493432,21535,RETRO SPOT SMALL MILK JUG,2,2010-01-04 12:30:00,2.55,14680.0,United Kingdom
493432,21232,STRAWBERRY CERAMIC TRINKET BOX,7,2010-01-04 12:30:00,1.25,14680.0,United Kingdom
493432,21231,SWEETHEART CERAMIC TRINKET BOX,4,2010-01-04 12:30:00,1.25,14680.0,United Kingdom
493432,37503,TEA TIME CAKE STAND IN GIFT BOX,2,2010-01-04 12:30:00,10.75,14680.0,United Kingdom
493432,21844,RETRO SPOT MUG,2,2010-01-04 12:30:00,2.95,14680.0,United Kingdom
493432,21874,GIN AND TONIC MUG,2,2010-01-04 12:30:00,1.25,14680.0,United Kingdom
493873,21348,PINK SPOTS CHOCOLATE NESTING BOXES ,24,2010-01-07 18:34:00,1.25,13711.0,United Kingdom
493873,22415,WHITE TISSUE REAM,1,2010-01-07 18:34:00,7.95,13711.0,United Kingdom
493873,85123A,WHITE HANGING HEART T-LIGHT HOLDER,6,2010-01-07 18:34:00,2.95,13711.0,United Kingdom
493873,20914,SET/5 RED SPOTTY LID GLASS BOWLS,6,2010-01-07 18:34:00,2.95,13711.0,United Kingdom
493873,20676,RED SPOTTY BOWL,8,2010-01-07 18:34:00,1.25,13711.0,United Kingdom
493873,21216,"SET 3 RED SPOT TIN TEA,COFFEE,SUGAR",4,2010-01-07 18:34:00,4.95,13711.0,United Kingdom
493873,21217,RED SPOTTY ROUND CAKE TINS,2,2010-01-07 18:34:00,9.95,13711.0,United Kingdom
493873,21238,RED SPOTTY CUP,16,2010-01-07 18:34:00,0.85,13711.0,United Kingdom
493873,21242,RED SPOTTY PLATE ,8,2010-01-07 18:34:00,1.69,13711.0,United Kingdom
493873,21246,RED SPOTTY BIG BOWL,6,2010-01-07 18:34:00,4.95,13711.0,United Kingdom
493873,21396,RED SPOTTY EGG CUP ,12,2010-01-07 18:34:00,1.25,13711.0,United Kingdom
493873,21498,RED SPOTS  WRAP ,25,2010-01-07 18:34:00,0.42,13711.0,United Kingdom
493873,21527,RETRO SPOT TRADITIONAL TEAPOT ,4,2010-01-07 18:34:00,7.95,13711.0,United Kingdom
493873,21533,RETRO SPOT LARGE MILK JUG,6,2010-01-07 18:34:00,4.95,13711.0,United Kingdom
493873,21535,RETRO SPOT SMALL MILK JUG,6,2010-01-07 18:34:00,2.55,13711.0,United Kingdom
493873,21537,RETRO SPOTS PUDDING BOWL,4,2010-01-07 18:34:00,4.25,13711.0,United Kingdom
493873,21539,RETRO SPOTS BUTTER DISH,3,2010-01-07 18:34:00,4.95,13711.0,United Kingdom
493873,21843,RETRO SPOT CAKE STAND,3,2010-01-07 18:34:00,10.95,13711.0,United Kingdom
493873,21844,RETRO SPOT MUG,12,2010-01-07 18:34:00,2.95,13711.0,United Kingdom
493873,22072,TEA CUP AND SAUCER RETRO SPOT,8,2010-01-07 18:34:00,3.75,13711.0,United Kingdom
493873,22073,RETRO SPOT STORAGE JAR,4,2010-01-07 18:34:00,3.75,13711.0,United Kingdom
493873,22094,RED POLKA DOT TISSUE BOX,12,2010-01-07 18:34:00,1.25,13711.0,United Kingdom
493873,79323P,PINK CHERRY LIGHTS,4,2010-01-07 18:34:00,6.75,13711.0,United Kingdom
493873,79323LP,LIGHT PINK CHERRY LIGHTS,4,2010-01-07 18:34:00,6.75,13711.0,United Kingdom
493873,21175,GIN + TONIC DIET METAL SIGN,6,2010-01-07 18:34:00,2.1,13711.0,United Kingdom
493873,22185,SLATE TILE NATURAL HANGING,12,2010-01-07 18:34:00,1.65,13711.0,United Kingdom
493873,21289,LARGE STRIPES CHOCOLATE GIFT BAG,48,2010-01-07 18:34:00,0.38,13711.0,United Kingdom
493873,21292,SMALL STRIPES CHOCOLATE GIFT BAG ,64,2010-01-07 18:34:00,0.19,13711.0,United Kingdom
493873,21288,STRIPEY CHOCOLATE NESTING BOXES,24,2010-01-07 18:34:00,1.25,13711.0,United Kingdom
494344,84836,ZINC METAL HEART DECORATION,24,2010-01-13 13:31:00,1.25,16585.0,United Kingdom
494344,22189,CREAM HEART CARD HOLDER,4,2010-01-13 13:31:00,3.95,16585.0,United Kingdom
494344,84691,PACK 20 DOLLY PEGS,12,2010-01-13 13:31:00,0.85,16585.0,United Kingdom
494344,21135,VICTORIAN  METAL POSTCARD SPRING,8,2010-01-13 13:31:00,1.69,16585.0,United Kingdom
494344,22341,LOVE GARLAND PAINTED ZINC ,12,2010-01-13 13:31:00,1.65,16585.0,United Kingdom
C494500,21843,RETRO SPOT CAKE STAND,-1,2010-01-14 18:06:00,10.95,13711.0,United Kingdom
C494500,21539,RETRO SPOTS BUTTER DISH,-1,2010-01-14 18:06:00,4.95,13711.0,United Kingdom
C494500,21527,RETRO SPOT TRADITIONAL TEAPOT ,-2,2010-01-14 18:06:00,7.95,13711.0,United Kingdom
494505,21359,RELAX LARGE WOOD LETTERS,2,2010-01-14 19:20:00,15.95,13711.0,United Kingdom
494505,22119, PEACE WOODEN BLOCK LETTERS,3,2010-01-14 19:20:00,6.95,13711.0,United Kingdom
494505,21755,LOVE BUILDING BLOCK WORD,3,2010-01-14 19:20:00,5.95,13711.0,United Kingdom
494505,21754,HOME BUILDING BLOCK WORD,3,2010-01-14 19:20:00,5.95,13711.0,United Kingdom
494505,71053,WHITE METAL LANTERN,4,2010-01-14 19:20:00,3.75,13711.0,United Kingdom
494505,22224,WHITE LOVEBIRD LANTERN,6,2010-01-14 19:20:00,2.95,13711.0,United Kingdom
494505,71459,HANGING JAM JAR T-LIGHT HOLDER,12,2010-01-14 19:20:00,0.85,13711.0,United Kingdom
494505,85123A,WHITE HANGING HEART T-LIGHT HOLDER,6,2010-01-14 19:20:00,2.95,13711.0,United Kingdom
494505,85186A,EASTER BUNNY GARLAND OF FLOWERS,24,2010-01-14 19:20:00,0.42,13711.0,United Kingdom
494505,22129,PARTY CONES CANDY TREE DECORATION,12,2010-01-14 19:20:00,0.85,13711.0,United Kingdom
494868,85099B,JUMBO BAG RED WHITE SPOTTY ,30,2010-01-19 12:13:00,1.95,17706.0,United Kingdom
494868,22165,"DIAMANTE HEART SHAPED WALL MIRROR, ",6,2010-01-19 12:13:00,12.75,17706.0,United Kingdom
494868,20855,PINK PATCH PURSE BLUE HEART,24,2010-01-19 12:13:00,1.65,17706.0,United Kingdom
494868,20862,PINK PATCH PENCIL CASE BLUE HEART,24,2010-01-19 12:13:00,2.1,17706.0,United Kingdom
494868,47502,POLKADOT CUTLERY 24 PCS IN TRAY,6,2010-01-19 12:13:00,12.75,17706.0,United Kingdom
494868,47556B,TEA TIME TEA TOWELS ,6,2010-01-19 12:13:00,2.95,17706.0,United Kingdom
494868,21165,BEWARE OF THE CAT METAL SIGN ,24,2010-01-19 12:13:00,1.69,17706.0,United Kingdom
494868,84836,ZINC METAL HEART DECORATION,24,2010-01-19 12:13:00,1.25,17706.0,United Kingdom
494868,85123A,WHITE HANGING HEART T-LIGHT HOLDER,24,2010-01-19 12:13:00,2.95,17706.0,United Kingdom
494868,15036,ASSORTED COLOURS SILK FAN,36,2010-01-19 12:13:00,0.65,17706.0,United Kingdom
494868,21529,RETRO SPOT CERAMIC TOASTRACK,6,2010-01-19 12:13:00,3.45,17706.0,United Kingdom
494868,21540,DAIRY MAID CERAMIC BUTTER DISH,6,2010-01-19 12:13:00,4.25,17706.0,United Kingdom
494868,21528,DAIRY MAID TRADITIONAL TEAPOT ,6,2010-01-19 12:13:00,6.95,17706.0,United Kingdom
494868,21175,GIN + TONIC DIET METAL SIGN,12,2010-01-19 12:13:00,2.1,17706.0,United Kingdom
494868,21174,POTTERING IN THE SHED METAL SIGN,12,2010-01-19 12:13:00,1.95,17706.0,United Kingdom
494868,21155,RED SPOTTY PEG BAG,6,2010-01-19 12:13:00,2.1,17706.0,United Kingdom
494868,20754,RETRO RED SPOTTY WASHING UP GLOVES,6,2010-01-19 12:13:00,2.1,17706.0,United Kingdom
494868,84406B,CREAM CUPID HEARTS COAT HANGER,8,2010-01-19 12:13:00,3.25,17706.0,United Kingdom
494868,48189,DOOR MAT FRIENDSHIP ,6,2010-01-19 12:13:00,6.75,17706.0,United Kingdom
494868,40003,WHITE BAMBOO RIBS LAMPSHADE,12,2010-01-19 12:13:00,1.25,17706.0,United Kingdom
494868,40001, WHITE BAMBOO RIBS LAMPSHADE,12,2010-01-19 12:13:00,0.85,17706.0,United Kingdom
494868,82482,WOODEN PICTURE FRAME WHITE FINISH,9,2010-01-19 12:13:00,2.55,17706.0,United Kingdom
494868,82494L,WOODEN FRAME ANTIQUE WHITE ,12,2010-01-19 12:13:00,2.95,17706.0,United Kingdom
494868,85065,CREAM SWEETHEART TRAYS,6,2010-01-19 12:13:00,12.75,17706.0,United Kingdom
494868,84837,WHITE SWEETHEARTS CABINET 4 DRAWERS,6,2010-01-19 12:13:00,12.75,17706.0,United Kingdom
494868,85063,CREAM SWEETHEART MAGAZINE RACK,2,2010-01-19 12:13:00,16.95,17706.0,United Kingdom
494868,15044A,PINK PAPER PARASOL ,12,2010-01-19 12:13:00,2.95,17706.0,United Kingdom
494868,85025C,PINK HEART SHAPE PHOTO FRAME,12,2010-01-19 12:13:00,1.65,17706.0,United Kingdom
494868,85184C,S/4 VALENTINE DECOUPAGE HEART BOX,6,2010-01-19 12:13:00,2.95,17706.0,United Kingdom
494868,85066,CREAM SWEETHEART MINI CHEST,6,2010-01-19 12:13:00,12.75,17706.0,United Kingdom
494868,79323G,GOLD  CHERRY LIGHTS,12,2010-01-19 12:13:00,6.75,17706.0,United Kingdom
494868,21533,RETRO SPOT LARGE MILK JUG,6,2010-01-19 12:13:00,4.95,17706.0,United Kingdom
494868,85067,CREAM SWEETHEART WALL CABINET,6,2010-01-19 12:13:00,18.95,17706.0,United Kingdom
494868,21218,RED SPOTTY BISCUIT TIN,6,2010-01-19 12:13:00,3.75,17706.0,United Kingdom
494868,79323LP,LIGHT PINK CHERRY LIGHTS,12,2010-01-19 12:13:00,6.75,17706.0,United Kingdom
494868,21527,RETRO SPOT TRADITIONAL TEAPOT ,6,2010-01-19 12:13:00,7.95,17706.0,United Kingdom
494868,21539,RETRO SPOTS BUTTER DISH,6,2010-01-19 12:13:00,4.95,17706.0,United Kingdom
494871,72008,FROSTED BOX 9 WHITE T-LIGHT CANDLES,36,2010-01-19 12:17:00,0.42,17706.0,United Kingdom
494871,21644,ASSORTED TUTTI FRUTTI HEART BOX,36,2010-01-19 12:17:00,1.25,17706.0,United Kingdom
494871,21276,TWO EMBOSSED HEART MINI DRAWERS,6,2010-01-19 12:17:00,6.95,17706.0,United Kingdom
494871,84791,GINGHAM HEART DECORATION,12,2010-01-19 12:17:00,2.95,17706.0,United Kingdom
494871,22212,FOUR HOOK  WHITE LOVEBIRDS,12,2010-01-19 12:17:00,2.1,17706.0,United Kingdom
494871,21910,WAY OUT METAL SIGN ,12,2010-01-19 12:17:00,1.65,17706.0,United Kingdom
494871,21903,MAN FLU METAL SIGN,12,2010-01-19 12:17:00,2.1,17706.0,United Kingdom
494871,85152,HAND OVER THE CHOCOLATE   SIGN ,12,2010-01-19 12:17:00,2.1,17706.0,United Kingdom
494871,21495,SKULLS WRAP,50,2010-01-19 12:17:00,0.42,17706.0,United Kingdom
494871,21160,KEEP OUT GIRLS DOOR HANGER ,12,2010-01-19 12:17:00,1.45,17706.0,United Kingdom
494871,21159,MOODY BOY  DOOR HANGER ,12,2010-01-19 12:17:00,1.45,17706.0,United Kingdom
494871,21757,LIGHTHOUSE PRINTED METAL SIGN,4,2010-01-19 12:17:00,4.95,17706.0,United Kingdom
494871,21758,VINTAGE SHELLS PRINT,4,2010-01-19 12:17:00,6.45,17706.0,United Kingdom
494871,21304,ARCHED GREY MIRROR,6,2010-01-19 12:17:00,12.75,17706.0,United Kingdom
494871,21674,RIDGED GLASS PENDANT LAMPSHADE,6,2010-01-19 12:17:00,16.95,17706.0,United Kingdom
494871,21832,CHOCOLATE CALCULATOR,12,2010-01-19 12:17:00,1.65,17706.0,United Kingdom
494871,84247G,"DECOUPAGE,GREETING CARD,",12,2010-01-19 12:17:00,0.42,17706.0,United Kingdom
494871,22277,COSMETIC BAG VINTAGE ROSE PAISLEY,12,2010-01-19 12:17:00,2.1,17706.0,United Kingdom
494871,22276,WASH BAG VINTAGE ROSE PAISLEY,6,2010-01-19 12:17:00,2.55,17706.0,United Kingdom
494871,22278,OVERNIGHT BAG VINTAGE ROSE PAISLEY,6,2010-01-19 12:17:00,4.95,17706.0,United Kingdom
494871,22275,WEEKEND BAG VINTAGE ROSE PAISLEY,6,2010-01-19 12:17:00,8.5,17706.0,United Kingdom
494871,22076,6 RIBBONS EMPIRE  ,12,2010-01-19 12:17:00,1.65,17706.0,United Kingdom
494871,22358,KINGS CHOICE TEA CADDY ,6,2010-01-19 12:17:00,2.95,17706.0,United Kingdom
494871,21875,KINGS CHOICE MUG,36,2010-01-19 12:17:00,1.25,17706.0,United Kingdom
494966,84050,PINK HEART SHAPE EGG FRYING PAN,5,2010-01-20 11:01:00,1.65,14680.0,United Kingdom
494966,21355,TOAST ITS - I LOVE YOU ,15,2010-01-20 11:01:00,1.25,14680.0,United Kingdom
494966,21232,STRAWBERRY CERAMIC TRINKET BOX,9,2010-01-20 11:01:00,1.25,14680.0,United Kingdom
494966,21733,RED HANGING HEART T-LIGHT HOLDER,32,2010-01-20 11:01:00,2.55,14680.0,United Kingdom
494966,85123A,WHITE HANGING HEART T-LIGHT HOLDER,32,2010-01-20 11:01:00,2.55,14680.0,United Kingdom
494966,20914,SET/5 RED SPOTTY LID GLASS BOWLS,2,2010-01-20 11:01:00,2.95,14680.0,United Kingdom
494966,85132A,CHARLIE + LOLA BISCUITS TINS,1,2010-01-20 11:01:00,9.95,14680.0,United Kingdom
494966,22352,LUNCHBOX WITH CUTLERY RETROSPOT ,5,2010-01-20 11:01:00,2.55,14680.0,United Kingdom
494966,20727,LUNCH BAG  BLACK SKULL.,2,2010-01-20 11:01:00,1.65,14680.0,United Kingdom
494966,72789,BASKET/8 SCENTED LOVE TOKEN CANDLES,5,2010-01-20 11:01:00,3.75,14680.0,United Kingdom
494966,20728,LUNCH BAG CARS BLUE,4,2010-01-20 11:01:00,1.65,14680.0,United Kingdom
494966,20725,LUNCH BAG RED SPOTTY,2,2010-01-20 11:01:00,1.65,14680.0,United Kingdom
494966,21556,CERAMIC STRAWBERRY MONEY BOX,2,2010-01-20 11:01:00,2.55,14680.0,United Kingdom
494966,37448,CERAMIC CAKE DESIGN SPOTTED MUG,1,2010-01-20 11:01:00,1.49,14680.0,United Kingdom
494966,22058,CERAMIC LOVE HEARTS DESIGN MUG,2,2010-01-20 11:01:00,1.49,14680.0,United Kingdom
494966,20726,LUNCH BAG WOODLAND,4,2010-01-20 11:01:00,1.65,14680.0,United Kingdom
495394,79323P,PINK CHERRY LIGHTS,8,2010-01-24 15:53:00,6.75,13711.0,United Kingdom
495394,79323W, WHITE CHERRY LIGHTS,4,2010-01-24 15:53:00,6.75,13711.0,United Kingdom
495394,79342B,BROWN FLOWER LIGHTS,4,2010-01-24 15:53:00,6.75,13711.0,United Kingdom
495394,79323B,BLACK CHERRY LIGHTS,4,2010-01-24 15:53:00,6.75,13711.0,United Kingdom
495689,47591C,BLUE FAIRY CAKE CHILD'S APRON,3,2010-01-26 12:23:00,1.95,14680.0,United Kingdom
495689,22384,LUNCHBAG PINK RETROSPOT,10,2010-01-26 12:23:00,1.65,14680.0,United Kingdom
495689,20726,LUNCH BAG WOODLAND,23,2010-01-26 12:23:00,1.65,14680.0,United Kingdom
495689,20728,LUNCH BAG CARS BLUE,6,2010-01-26 12:23:00,1.65,14680.0,United Kingdom
495689,20725,LUNCH BAG RED SPOTTY,26,2010-01-26 12:23:00,1.65,14680.0,United Kingdom
495689,20727,LUNCH BAG  BLACK SKULL.,20,2010-01-26 12:23:00,1.65,14680.0,United Kingdom
495689,22352,LUNCHBOX WITH CUTLERY RETROSPOT ,10,2010-01-26 12:23:00,2.55,14680.0,United Kingdom
495689,22353,LUNCHBOX WITH CUTLERY FAIRY CAKES ,7,2010-01-26 12:23:00,2.55,14680.0,United Kingdom
495689,21559,STRAWBERRY LUNCHBOX WITH CUTLERY,4,2010-01-26 12:23:00,2.55,14680.0,United Kingdom
495689,21535,RETRO SPOT SMALL MILK JUG,3,2010-01-26 12:23:00,2.55,14680.0,United Kingdom
495689,85152,HAND OVER THE CHOCOLATE   SIGN ,12,2010-01-26 12:23:00,2.1,14680.0,United Kingdom
495689,21175,GIN + TONIC DIET METAL SIGN,12,2010-01-26 12:23:00,2.1,14680.0,United Kingdom
495689,20975,12 PENCILS SMALL TUBE RED SPOTTY,12,2010-01-26 12:23:00,0.65,14680.0,United Kingdom
495689,20974,12 PENCILS SMALL TUBE SKULL,6,2010-01-26 12:23:00,0.65,14680.0,United Kingdom
495689,21156,RED SPOTTY CHILDS APRON,2,2010-01-26 12:23:00,1.95,14680.0,United Kingdom
495689,47591D,PINK FAIRY CAKE CHILD'S APRON,3,2010-01-26 12:23:00,1.95,14680.0,United Kingdom
495689,21870,I CAN ONLY PLEASE ONE PERSON MUG,1,2010-01-26 12:23:00,1.25,14680.0,United Kingdom
495689,21357,TOAST ITS - DINOSAUR,5,2010-01-26 12:23:00,1.25,14680.0,United Kingdom
495689,21356,TOAST ITS - FAIRY FLOWER,5,2010-01-26 12:23:00,1.25,14680.0,United Kingdom
495689,37503,TEA TIME CAKE STAND IN GIFT BOX,3,2010-01-26 12:23:00,10.75,14680.0,United Kingdom
495689,84997D,PINK 3 PIECE MINI DOTS CUTLERY SET,5,2010-01-26 12:23:00,3.75,14680.0,United Kingdom
495689,84997B,RED 3 PIECE MINI DOTS CUTLERY SET,6,2010-01-26 12:23:00,3.75,14680.0,United Kingdom
495689,21218,RED SPOTTY BISCUIT TIN,3,2010-01-26 12:23:00,3.75,14680.0,United Kingdom
495689,20671,BLUE TEATIME PRINT BOWL ,3,2010-01-26 12:23:00,1.25,14680.0,United Kingdom
495689,20672,PINK TEATIME PRINT BOWL,3,2010-01-26 12:23:00,1.25,14680.0,United Kingdom
495689,84596G,SMALL CHOCOLATES PINK BOWL,3,2010-01-26 12:23:00,1.25,14680.0,United Kingdom
495689,20676,RED SPOTTY BOWL,3,2010-01-26 12:23:00,1.25,14680.0,United Kingdom
495689,84596B,SMALL DOLLY MIX DESIGN ORANGE BOWL,3,2010-01-26 12:23:00,1.25,14680.0,United Kingdom
495689,84519A,TOMATO CHARLIE+LOLA COASTER SET,2,2010-01-26 12:23:00,2.95,14680.0,United Kingdom
495689,21488,RED WHITE SCARF  HOT WATER BOTTLE,5,2010-01-26 12:23:00,3.95,14680.0,United Kingdom
495689,84029E,RED WOOLLY HOTTIE WHITE HEART.,10,2010-01-26 12:23:00,3.75,14680.0,United Kingdom
495689,21976,PACK OF 60 MUSHROOM CAKE CASES,24,2010-01-26 12:23:00,0.55,14680.0,United Kingdom
495689,84991,60 TEATIME FAIRY CAKE CASES,24,2010-01-26 12:23:00,0.55,14680.0,United Kingdom
495689,21213,PACK OF 72 SKULL CAKE CASES,24,2010-01-26 12:23:00,0.55,14680.0,United Kingdom
495689,21212,PACK OF 72 RETRO SPOT CAKE CASES,48,2010-01-26 12:23:00,0.55,14680.0,United Kingdom
495689,84992,72 SWEETHEART FAIRY CAKE CASES,48,2010-01-26 12:23:00,0.55,14680.0,United Kingdom
495689,21975,PACK OF 60 DINOSAUR CAKE CASES,24,2010-01-26 12:23:00,0.55,14680.0,United Kingdom
495809,22139,RETRO SPOT TEA SET CERAMIC 11 PC ,3,2010-01-27 09:44:00,4.95,14365.0,United Kingdom
495809,22138,BAKING SET 9 PIECE RETROSPOT ,3,2010-01-27 09:44:00,4.95,14365.0,United Kingdom
495809,22353,LUNCHBOX WITH CUTLERY FAIRY CAKES ,6,2010-01-27 09:44:00,2.55,14365.0,United Kingdom
495809,21503,TOYBOX  WRAP ,25,2010-01-27 09:44:00,0.42,14365.0,United Kingdom
495809,21561,DINOSAUR LUNCHBOX WITH CUTLERY,6,2010-01-27 09:44:00,2.55,14365.0,United Kingdom
495809,22367,CHILDS APRON SPACEBOY DESIGN,8,2010-01-27 09:44:00,1.95,14365.0,United Kingdom
495809,22382,LUNCHBAG SPACEBOY DESIGN ,10,2010-01-27 09:44:00,1.65,14365.0,United Kingdom
495809,20971,PINK BLUE FELT CRAFT TRINKET BOX,12,2010-01-27 09:44:00,1.25,14365.0,United Kingdom
495809,21559,STRAWBERRY LUNCHBOX WITH CUTLERY,6,2010-01-27 09:44:00,2.55,14365.0,United Kingdom
495809,20727,LUNCH BAG  BLACK SKULL.,10,2010-01-27 09:44:00,1.65,14365.0,United Kingdom
495809,22356,"CHARLOTTE BAG , PINK/WHITE SPOTS",10,2010-01-27 09:44:00,0.85,14365.0,United Kingdom
495809,20719,WOODLAND CHARLOTTE BAG,10,2010-01-27 09:44:00,0.85,14365.0,United Kingdom
495809,21156,RED SPOTTY CHILDS APRON,8,2010-01-27 09:44:00,1.95,14365.0,United Kingdom
495809,84997D,PINK 3 PIECE MINI DOTS CUTLERY SET,6,2010-01-27 09:44:00,3.75,14365.0,United Kingdom
495809,84997B,RED 3 PIECE MINI DOTS CUTLERY SET,6,2010-01-27 09:44:00,3.75,14365.0,United Kingdom
495809,22352,LUNCHBOX WITH CUTLERY RETROSPOT ,6,2010-01-27 09:44:00,2.55,14365.0,United Kingdom
495809,22036,DINOSAUR BIRTHDAY CARD,12,2010-01-27 09:44:00,0.42,14365.0,United Kingdom
495809,21508,VINTAGE KID DOLLY CARD ,12,2010-01-27 09:44:00,0.42,14365.0,United Kingdom
495809,21506,"FANCY FONT BIRTHDAY CARD, ",12,2010-01-27 09:44:00,0.42,14365.0,United Kingdom
495809,21507,"ELEPHANT, BIRTHDAY CARD, ",12,2010-01-27 09:44:00,0.42,14365.0,United Kingdom
495809,22025,RING OF ROSES BIRTHDAY CARD,12,2010-01-27 09:44:00,0.42,14365.0,United Kingdom
495809,21504,SKULLS GREETING CARD,12,2010-01-27 09:44:00,0.42,14365.0,United Kingdom
495809,22029,SPACE BOY BIRTHDAY CARD,12,2010-01-27 09:44:00,0.42,14365.0,United Kingdom
495809,22037,ROBOT BIRTHDAY CARD,12,2010-01-27 09:44:00,0.42,14365.0,United Kingdom
495809,84247G,"DECOUPAGE,GREETING CARD,",12,2010-01-27 09:44:00,0.42,14365.0,United Kingdom
495809,22027,TEA PARTY BIRTHDAY CARD,12,2010-01-27 09:44:00,0.42,14365.0,United Kingdom
495809,22045,SPACE BOY GIFT WRAP,25,2010-01-27 09:44:00,0.42,14365.0,United Kingdom
495809,16156S,WRAP PINK FAIRY CAKES ,25,2010-01-27 09:44:00,0.42,14365.0,United Kingdom
495809,21495,SKULLS WRAP,25,2010-01-27 09:44:00,0.42,14365.0,United Kingdom
496003,79323W, WHITE CHERRY LIGHTS,4,2010-01-28 12:20:00,6.75,16905.0,United Kingdom
496003,84360,TABLE LAMP WHITE SHADE WOOD BASE,1,2010-01-28 12:20:00,5.95,16905.0,United Kingdom
496003,72803B,OCEAN SCENT CANDLE JEWELLED DRAWER,1,2010-01-28 12:20:00,4.25,16905.0,United Kingdom
496003,21167,WHITE SAGE INCENSE,5,2010-01-28 12:20:00,0.21,16905.0,United Kingdom
496003,21947,SET OF 6 HEART CHOPSTICKS,10,2010-01-28 12:20:00,1.25,16905.0,United Kingdom
496003,21949,SET OF 6 STRAWBERRY CHOPSTICKS,2,2010-01-28 12:20:00,1.25,16905.0,United Kingdom
496003,72023F,RED ORGANIC CANDLE IN GLASS,4,2010-01-28 12:20:00,1.25,16905.0,United Kingdom
496003,72232,FENG SHUI PILLAR CANDLE,18,2010-01-28 12:20:00,0.19,16905.0,United Kingdom
496003,17091B,JASMINE TEA INCENSE IN TIN,2,2010-01-28 12:20:00,1.25,16905.0,United Kingdom
496003,17039,INLAID WOOD INCENSE HOLDER,3,2010-01-28 12:20:00,0.29,16905.0,United Kingdom
496003,85060,WOOD FAN WITH FLOWER DESIGN,7,2010-01-28 12:20:00,1.25,16905.0,United Kingdom
496003,20989,URBAN CHIC CHOPSTICKS SET/5,2,2010-01-28 12:20:00,1.95,16905.0,United Kingdom
496003,20990,SPRING FLOWER CHOPSTICKS SET/5,2,2010-01-28 12:20:00,1.95,16905.0,United Kingdom
496003,20886,BOX OF 9 PEBBLE CANDLES,4,2010-01-28 12:20:00,1.95,16905.0,United Kingdom
496003,72793,BLACK BOX MIRROR LANTERN,2,2010-01-28 12:20:00,5.95,16905.0,United Kingdom
496003,84360,TABLE LAMP WHITE SHADE WOOD BASE,2,2010-01-28 12:20:00,5.95,16905.0,United Kingdom
496060,37450,CERAMIC CAKE BOWL + HANGING CAKES,18,2010-01-28 15:30:00,2.55,18194.0,United Kingdom
496060,37449,CERAMIC CAKE STAND + HANGING CAKES,8,2010-01-28 15:30:00,8.5,18194.0,United Kingdom
496060,21232,STRAWBERRY CERAMIC TRINKET BOX,72,2010-01-28 15:30:00,1.06,18194.0,United Kingdom
496060,21108,FAIRY CAKE FLANNEL ASSORTED COLOUR,90,2010-01-28 15:30:00,2.1,18194.0,United Kingdom
496060,21107,CREAM SLICE FLANNEL PINK SPOT ,72,2010-01-28 15:30:00,2.55,18194.0,United Kingdom
496060,21110,LARGE CAKE TOWEL PINK SPOTS,6,2010-01-28 15:30:00,6.75,18194.0,United Kingdom
496060,21109,"LARGE CAKE TOWEL, CHOCOLATE SPOTS",4,2010-01-28 15:30:00,6.75,18194.0,United Kingdom
496081,85150,LADIES & GENTLEMEN METAL SIGN,1,2010-01-28 17:54:00,2.55,17905.0,United Kingdom
496081,79191C,RETRO PLASTIC ELEPHANT TRAY,1,2010-01-28 17:54:00,0.85,17905.0,United Kingdom
496081,84558A,3D DOG PICTURE PLAYING CARDS,1,2010-01-28 17:54:00,2.95,17905.0,United Kingdom
496081,22080,RIBBON REEL SPOTS DESIGN ,1,2010-01-28 17:54:00,1.65,17905.0,United Kingdom
496081,82600,NO SINGING METAL SIGN,1,2010-01-28 17:54:00,2.1,17905.0,United Kingdom
496081,82583,HOT BATHS METAL SIGN,1,2010-01-28 17:54:00,2.1,17905.0,United Kingdom
496081,21076,SET/20 COLLAGE PAPER NAPKIN ,2,2010-01-28 17:54:00,0.85,17905.0,United Kingdom
496081,21080,SET/20 RED SPOTTY PAPER NAPKINS ,2,2010-01-28 17:54:00,0.85,17905.0,United Kingdom
496081,85049B,LUSH GREENS RIBBONS,1,2010-01-28 17:54:00,1.25,17905.0,United Kingdom
496081,85099B,JUMBO BAG RED WHITE SPOTTY ,1,2010-01-28 17:54:00,1.95,17905.0,United Kingdom
496081,72728,ROSE SCENT CANDLES IN GLASS,9,2010-01-28 17:54:00,0.85,17905.0,United Kingdom
496081,72728,ROSE SCENT CANDLES IN GLASS,144,2010-01-28 17:54:00,0.72,17905.0,United Kingdom
496081,22354,RETRO SPOT PADDED SEAT CUSHION,4,2010-01-28 17:54:00,3.75,17905.0,United Kingdom
496081,85099C,JUMBO  BAG BAROQUE BLACK WHITE,4,2010-01-28 17:54:00,1.95,17905.0,United Kingdom
496081,21482,MUSHROOM BLUE HOT WATER BOTTLE,1,2010-01-28 17:54:00,2.95,17905.0,United Kingdom
496081,21812,GARLAND WITH HEARTS AND BELLS,1,2010-01-28 17:54:00,4.95,17905.0,United Kingdom
496081,20750, RED/WHITE DOT MINI CASES,1,2010-01-28 17:54:00,7.95,17905.0,United Kingdom
496081,82482,WOODEN PICTURE FRAME WHITE FINISH,1,2010-01-28 17:54:00,2.55,17905.0,United Kingdom
496083,22350,CAT BOWL ,2,2010-01-28 17:55:00,2.55,17905.0,United Kingdom
C496225,21644,ASSORTED TUTTI FRUTTI HEART BOX,-3,2010-01-29 14:02:00,1.25,17706.0,United Kingdom
C496225,21528,DAIRY MAID TRADITIONAL TEAPOT ,-1,2010-01-29 14:02:00,6.95,17706.0,United Kingdom
C496225,21540,DAIRY MAID CERAMIC BUTTER DISH,-1,2010-01-29 14:02:00,4.25,17706.0,United Kingdom
C496225,21539,RETRO SPOTS BUTTER DISH,-1,2010-01-29 14:02:00,4.95,17706.0,United Kingdom
C496228,82613A,"METAL SIGN,CUPCAKE SINGLE HOOK",-1,2010-01-29 14:11:00,1.25,17706.0,United Kingdom
C496228,21658,GLASS  BEURRE DISH,-1,2010-01-29 14:11:00,3.95,17706.0,United Kingdom
496317,84970L,SINGLE HEART ZINC T-LIGHT HOLDER,12,2010-01-31 12:27:00,0.95,17137.0,United Kingdom
496317,84975,HEART SHAPED MIRROR,3,2010-01-31 12:27:00,1.69,17137.0,United Kingdom
496317,21294,ETCHED GLASS COASTER,4,2010-01-31 12:27:00,1.25,17137.0,United Kingdom
496317,21314,SMALL GLASS HEART TRINKET POT,4,2010-01-31 12:27:00,2.1,17137.0,United Kingdom
496317,82607A,GLASS BONBON JAR PARFUME AUX FLEURE,1,2010-01-31 12:27:00,1.25,17137.0,United Kingdom
496317,21256,"FRENCH BOTTLE, BRASSERIE DES ARTIST",2,2010-01-31 12:27:00,1.65,17137.0,United Kingdom
496317,21255,"FRENCH BOTTLE , LAVENDER",2,2010-01-31 12:27:00,1.65,17137.0,United Kingdom
496317,84753A,PINK EAU DE COLOGNE BOTTLE,2,2010-01-31 12:27:00,0.85,17137.0,United Kingdom
496317,21390,FILIGRIS HEART WITH BUTTERFLY,12,2010-01-31 12:27:00,1.25,17137.0,United Kingdom
496317,85123A,WHITE HANGING HEART T-LIGHT HOLDER,12,2010-01-31 12:27:00,2.95,17137.0,United Kingdom
496317,21166,COOK WITH WINE METAL SIGN ,1,2010-01-31 12:27:00,1.95,17137.0,United Kingdom
496317,82597,BOMBS AWAY METAL SIGN,2,2010-01-31 12:27:00,2.1,17137.0,United Kingdom
496317,21166,COOK WITH WINE METAL SIGN ,1,2010-01-31 12:27:00,1.95,17137.0,United Kingdom
496317,21175,GIN + TONIC DIET METAL SIGN,2,2010-01-31 12:27:00,2.1,17137.0,United Kingdom
496317,21181,PLEASE ONE PERSON METAL SIGN,1,2010-01-31 12:27:00,2.1,17137.0,United Kingdom
496317,85152,HAND OVER THE CHOCOLATE   SIGN ,2,2010-01-31 12:27:00,2.1,17137.0,United Kingdom
496317,82600,NO SINGING METAL SIGN,2,2010-01-31 12:27:00,2.1,17137.0,United Kingdom
496317,21908,CHOCOLATE THIS WAY METAL SIGN,3,2010-01-31 12:27:00,2.1,17137.0,United Kingdom
496317,21173,LOO ROLL  METAL SIGN ,1,2010-01-31 12:27:00,1.65,17137.0,United Kingdom
496317,82494L,WOODEN FRAME ANTIQUE WHITE ,3,2010-01-31 12:27:00,2.95,17137.0,United Kingdom
496317,21135,VICTORIAN  METAL POSTCARD SPRING,16,2010-01-31 12:27:00,1.69,17137.0,United Kingdom
496317,22300,COFFEE MUG DOG + BALL DESIGN,1,2010-01-31 12:27:00,2.55,17137.0,United Kingdom
496317,22301,COFFEE MUG CAT + BIRD DESIGN,2,2010-01-31 12:27:00,2.55,17137.0,United Kingdom
496317,21612,SET 12 WILDFLOWER BOTANICAL T-LIGHT,1,2010-01-31 12:27:00,2.95,17137.0,United Kingdom
496317,21613,S/12 VANILLA  BOTANICAL T-LIGHTS,1,2010-01-31 12:27:00,2.95,17137.0,United Kingdom
496317,21610,SET 12 PEAR BOTANICAL T-LIGHTS,1,2010-01-31 12:27:00,2.95,17137.0,United Kingdom
496317,21611,SET OF 12 LILY BOTANICAL T-LIGHTS,1,2010-01-31 12:27:00,2.95,17137.0,United Kingdom
496317,22185,SLATE TILE NATURAL HANGING,5,2010-01-31 12:27:00,1.65,17137.0,United Kingdom
496317,22178,VICTORIAN GLASS HANGING T-LIGHT,12,2010-01-31 12:27:00,1.25,17137.0,United Kingdom
496317,21411,GINGHAM HEART  DOORSTOP RED,2,2010-01-31 12:27:00,4.25,17137.0,United Kingdom
496317,85231E,STRAWBERRY SCENTED SET/9 T-LIGHTS,2,2010-01-31 12:27:00,0.85,17137.0,United Kingdom
496317,85231G,ORANGE SCENTED SET/9 T-LIGHTS,2,2010-01-31 12:27:00,0.85,17137.0,United Kingdom
496317,85231L,LAVENDER SCENTED SET/9 T-LIGHTS,2,2010-01-31 12:27:00,0.85,17137.0,United Kingdom
496317,85231B,CINAMMON SET OF 9 T-LIGHTS,2,2010-01-31 12:27:00,0.85,17137.0,United Kingdom
496317,85036C,ROSE 1 WICK MORRIS BOXED CANDLE,1,2010-01-31 12:27:00,4.25,17137.0,United Kingdom
496317,84949,SILVER HANGING T-LIGHT HOLDER,12,2010-01-31 12:27:00,1.65,17137.0,United Kingdom
496317,85088,CANDY SPOT HAND BAG,1,2010-01-31 12:27:00,2.1,17137.0,United Kingdom
496317,22500,SET OF 2 TINS JARDIN DE PROVENCE,2,2010-01-31 12:27:00,4.95,17137.0,United Kingdom
496317,84978,HANGING HEART JAR T-LIGHT HOLDER,6,2010-01-31 12:27:00,1.25,17137.0,United Kingdom
496317,84946,ANTIQUE SILVER TEA GLASS ETCHED,12,2010-01-31 12:27:00,1.25,17137.0,United Kingdom
496317,85061W,WHITE JEWELLED HEART DECORATION,6,2010-01-31 12:27:00,0.85,17137.0,United Kingdom
496317,21545,CERAMIC BIRDHOUSE BUTTERFLY SMALL,2,2010-01-31 12:27:00,2.95,17137.0,United Kingdom
496317,22497,SET OF 2 TINS VINTAGE BATHROOM ,2,2010-01-31 12:27:00,4.25,17137.0,United Kingdom
496317,22189,CREAM HEART CARD HOLDER,4,2010-01-31 12:27:00,3.95,17137.0,United Kingdom
496317,35096B,RED VICTORIAN FABRIC HEART BOX,3,2010-01-31 12:27:00,0.42,17137.0,United Kingdom
496317,35096A,BLUE VICTORIAN FABRIC HEART BOX,2,2010-01-31 12:27:00,0.42,17137.0,United Kingdom
496317,35095B,RED VICTORIAN FABRIC OVAL BOX,3,2010-01-31 12:27:00,0.42,17137.0,United Kingdom
496317,15056N,EDWARDIAN PARASOL NATURAL,1,2010-01-31 12:27:00,5.95,17137.0,United Kingdom
496318,22284,HEN HOUSE DECORATION,2,2010-01-31 12:32:00,1.65,17137.0,United Kingdom
496318,22265,EASTER DECORATION NATURAL CHICK,6,2010-01-31 12:32:00,0.65,17137.0,United Kingdom
496318,22268,EASTER DECORATION SITTING BUNNY,2,2010-01-31 12:32:00,0.85,17137.0,United Kingdom
496318,22266,EASTER DECORATION HANGING BUNNY,6,2010-01-31 12:32:00,0.65,17137.0,United Kingdom
496318,22248,DECORATION  PINK CHICK MAGIC GARDEN,3,2010-01-31 12:32:00,0.85,17137.0,United Kingdom
496318,22249,DECORATION WHITE CHICK MAGIC GARDEN,3,2010-01-31 12:32:00,0.85,17137.0,United Kingdom
496318,22269,EGG CUP NATURAL CHICKEN,4,2010-01-31 12:32:00,1.25,17137.0,United Kingdom
496318,22268,EASTER DECORATION SITTING BUNNY,4,2010-01-31 12:32:00,0.85,17137.0,United Kingdom
496318,22267,EASTER DECORATION EGG BUNNY ,6,2010-01-31 12:32:00,1.25,17137.0,United Kingdom
496318,85196,EASTER BUNNIES ON A STICK,12,2010-01-31 12:32:00,0.55,17137.0,United Kingdom
496318,22283,6 EGG HOUSE PAINTED WOOD,1,2010-01-31 12:32:00,7.95,17137.0,United Kingdom
496318,22285,"DECORATION HEN ON NEST, HANGING",2,2010-01-31 12:32:00,1.65,17137.0,United Kingdom
496318,22288,"DECORATION , HANGING METAL RABBIT",4,2010-01-31 12:32:00,1.25,17137.0,United Kingdom
496318,21717,EASTER TIN BUCKET,2,2010-01-31 12:32:00,2.55,17137.0,United Kingdom
496318,84586L,"PINK ROSES/GINGHAM PATCH RABBIT 8""",1,2010-01-31 12:32:00,2.95,17137.0,United Kingdom
496318,22291,"SPRING DEC , HANGING CHICK CREAM",2,2010-01-31 12:32:00,1.45,17137.0,United Kingdom
496318,22293,"SPRING DEC , HANGING CHICK  GREEN",2,2010-01-31 12:32:00,1.45,17137.0,United Kingdom
496318,22286,"DECORATION , WOBBLY RABBIT , METAL ",2,2010-01-31 12:32:00,1.65,17137.0,United Kingdom
496318,22290,STANDING METAL RABBIT WITH EGG,2,2010-01-31 12:32:00,2.1,17137.0,United Kingdom
496318,21437,24 HANGING EASTER EGGS FLORAL TUB,1,2010-01-31 12:32:00,3.75,17137.0,United Kingdom
496318,21034,REX CASH+CARRY JUMBO SHOPPER,1,2010-01-31 12:32:00,0.95,17137.0,United Kingdom
496349,21523,FANCY FONT HOME SWEET HOME DOORMAT,2,2010-02-01 08:13:00,6.75,14739.0,United Kingdom
496349,21524,SPOTTY  HOME SWEET HOME DOORMAT,2,2010-02-01 08:13:00,6.75,14739.0,United Kingdom
496349,48116,DOOR MAT MULTICOLOUR STRIPE,2,2010-02-01 08:13:00,6.75,14739.0,United Kingdom
496349,48129,DOOR MAT TOPIARY,2,2010-02-01 08:13:00,6.75,14739.0,United Kingdom
496349,48138,DOOR MAT UNION FLAG,2,2010-02-01 08:13:00,6.75,14739.0,United Kingdom
496349,48189,DOOR MAT FRIENDSHIP ,2,2010-02-01 08:13:00,6.75,14739.0,United Kingdom
496349,48194,DOORMAT HEARTS,2,2010-02-01 08:13:00,6.75,14739.0,United Kingdom
496349,48197,DOOR MAT BIRD ON THE WIRE,2,2010-02-01 08:13:00,6.75,14739.0,United Kingdom
496349,84971S,SMALL HEART FLOWERS HOOK ,24,2010-02-01 08:13:00,0.85,14739.0,United Kingdom
496349,85178,VICTORIAN SEWING KIT,12,2010-02-01 08:13:00,1.25,14739.0,United Kingdom
496349,21704,BAG 250g SWIRLY MARBLES,72,2010-02-01 08:13:00,0.72,14739.0,United Kingdom
496349,21506,"FANCY FONT BIRTHDAY CARD, ",12,2010-02-01 08:13:00,0.42,14739.0,United Kingdom
496349,22029,SPACEBOY BIRTHDAY CARD,12,2010-02-01 08:13:00,0.42,14739.0,United Kingdom
496349,79067,CORONA MEXICAN TRAY,50,2010-02-01 08:13:00,2.95,14739.0,United Kingdom
496349,20933,YELLOW POT PLANT CANDLE,24,2010-02-01 08:13:00,2.95,14739.0,United Kingdom
496349,79029,GLASS HONEYPOT WASP CATCHER,6,2010-02-01 08:13:00,1.95,14739.0,United Kingdom
496471,20822,SILVER WINE GOBLET,2,2010-02-01 15:32:00,4.65,17905.0,United Kingdom
496471,21901,"KEY FOB , BACK DOOR ",1,2010-02-01 15:32:00,0.65,17905.0,United Kingdom
496471,21586,KINGS CHOICE GIANT TUBE MATCHES,1,2010-02-01 15:32:00,2.55,17905.0,United Kingdom
496471,79163,BLACK CHAMPAGNE GLASS,24,2010-02-01 15:32:00,1.65,17905.0,United Kingdom
496471,84578,ELEPHANT TOY WITH BLUE T-SHIRT,1,2010-02-01 15:32:00,3.75,17905.0,United Kingdom
496471,51014A,"FEATHER PEN,HOT PINK",36,2010-02-01 15:32:00,0.85,17905.0,United Kingdom
496471,22183,CAKE STAND VICTORIAN FILIGREE MED,1,2010-02-01 15:32:00,6.75,17905.0,United Kingdom
496471,22182,CAKE STAND VICTORIAN FILIGREE SMALL,1,2010-02-01 15:32:00,4.95,17905.0,United Kingdom
496471,85107,CUT GLASS T-LIGHT HOLDER OCTAGON,24,2010-02-01 15:32:00,2.55,17905.0,United Kingdom
496471,72779,SET/6 BLACK ROSE T-LIGHT CANDLES,4,2010-02-01 15:32:00,1.69,17905.0,United Kingdom
496471,84711A,SILVER OVAL SHAPE TRINKET BOX,4,2010-02-01 15:32:00,9.95,17905.0,United Kingdom
496471,85099C,JUMBO  BAG BAROQUE BLACK WHITE,2,2010-02-01 15:32:00,1.95,17905.0,United Kingdom
496471,48184,DOOR MAT ENGLISH ROSE ,1,2010-02-01 15:32:00,6.75,17905.0,United Kingdom
496471,21374,MIRRORED WALL ART SKULLS,4,2010-02-01 15:32:00,3.75,17905.0,United Kingdom
C496472,20822,SILVER WINE GOBLET,-2,2010-02-01 15:35:00,4.65,17905.0,United Kingdom
496516,37448,CERAMIC CAKE DESIGN SPOTTED MUG,5,2010-02-02 11:58:00,1.49,14680.0,United Kingdom
496516,21218,RED SPOTTY BISCUIT TIN,6,2010-02-02 11:58:00,3.75,14680.0,United Kingdom
496516,84029E,RED WOOLLY HOTTIE WHITE HEART.,10,2010-02-02 11:58:00,3.75,14680.0,United Kingdom
496516,22384,LUNCH BAG PINK RETROSPOT,20,2010-02-02 11:58:00,1.65,14680.0,United Kingdom
496516,20726,LUNCH BAG WOODLAND,20,2010-02-02 11:58:00,1.65,14680.0,United Kingdom
496516,20727,LUNCH BAG  BLACK SKULL.,15,2010-02-02 11:58:00,1.65,14680.0,United Kingdom
496516,20728,LUNCH BAG CARS BLUE,20,2010-02-02 11:58:00,1.65,14680.0,United Kingdom
496516,84997B,RED 3 PIECE MINI DOTS CUTLERY SET,3,2010-02-02 11:58:00,3.75,14680.0,United Kingdom
496516,84997D,PINK 3 PIECE MINI DOTS CUTLERY SET,3,2010-02-02 11:58:00,3.75,14680.0,United Kingdom
496516,21535,RETRO SPOT SMALL MILK JUG,5,2010-02-02 11:58:00,2.55,14680.0,United Kingdom
496516,20725,LUNCH BAG RED SPOTTY,61,2010-02-02 11:58:00,1.65,14680.0,United Kingdom
496516,21166,COOK WITH WINE METAL SIGN ,12,2010-02-02 11:58:00,1.95,14680.0,United Kingdom
496516,21357,TOAST ITS - DINOSAUR,14,2010-02-02 11:58:00,1.25,14680.0,United Kingdom
496516,37503,TEA TIME CAKE STAND IN GIFT BOX,1,2010-02-02 11:58:00,10.75,14680.0,United Kingdom
496516,84991,60 TEATIME FAIRY CAKE CASES,24,2010-02-02 11:58:00,0.55,14680.0,United Kingdom
496516,21733,RED HANGING HEART T-LIGHT HOLDER,32,2010-02-02 11:58:00,2.55,14680.0,United Kingdom
496516,84992,72 SWEETHEART FAIRY CAKE CASES,24,2010-02-02 11:58:00,0.55,14680.0,United Kingdom
496516,85123A,WHITE HANGING HEART T-LIGHT HOLDER,32,2010-02-02 11:58:00,2.55,14680.0,United Kingdom
496516,21212,PACK OF 72 RETRO SPOT CAKE CASES,48,2010-02-02 11:58:00,0.55,14680.0,United Kingdom
C497381,21231,SWEETHEART CERAMIC TRINKET BOX,-1,2010-02-09 11:49:00,1.25,14680.0,United Kingdom
497382,85132C,CHARLIE AND LOLA FIGURES TINS,1,2010-02-09 11:50:00,9.95,14680.0,United Kingdom
497382,85132A,CHARLIE + LOLA BISCUITS TINS,2,2010-02-09 11:50:00,9.95,14680.0,United Kingdom
497382,84519B,CARROT CHARLIE+LOLA COASTER SET,5,2010-02-09 11:50:00,2.95,14680.0,United Kingdom
497382,84519A,TOMATO CHARLIE+LOLA COASTER SET,4,2010-02-09 11:50:00,2.95,14680.0,United Kingdom
497382,20718,RED SPOTTY SHOPPER BAG,5,2010-02-09 11:50:00,1.25,14680.0,United Kingdom
497382,20726,LUNCH BAG WOODLAND,40,2010-02-09 11:50:00,1.65,14680.0,United Kingdom
497382,20727,LUNCH BAG  BLACK SKULL.,20,2010-02-09 11:50:00,1.65,14680.0,United Kingdom
497382,20725,LUNCH BAG RED SPOTTY,40,2010-02-09 11:50:00,1.65,14680.0,United Kingdom
497382,22353,LUNCHBOX WITH CUTLERY FAIRY CAKES ,1,2010-02-09 11:50:00,2.55,14680.0,United Kingdom
497382,84029E,RED WOOLLY HOTTIE WHITE HEART.,24,2010-02-09 11:50:00,2.95,14680.0,United Kingdom
497382,22352,LUNCHBOX WITH CUTLERY RETROSPOT ,6,2010-02-09 11:50:00,2.55,14680.0,United Kingdom
497382,22353,LUNCHBOX WITH CUTLERY FAIRY CAKES ,10,2010-02-09 11:50:00,2.55,14680.0,United Kingdom
497382,21488,RED WHITE SCARF  HOT WATER BOTTLE,5,2010-02-09 11:50:00,3.95,14680.0,United Kingdom
497382,21218,RED SPOTTY BISCUIT TIN,7,2010-02-09 11:50:00,3.75,14680.0,United Kingdom
497382,47590B,PINK HAPPY BIRTHDAY BUNTING,1,2010-02-09 11:50:00,5.45,14680.0,United Kingdom
497382,84050,PINK HEART SHAPE EGG FRYING PAN,10,2010-02-09 11:50:00,1.65,14680.0,United Kingdom
497382,84997B,RED 3 PIECE MINI DOTS CUTLERY SET,2,2010-02-09 11:50:00,3.75,14680.0,United Kingdom
497382,84997C,BLUE 3 PIECE MINI DOTS CUTLERY SET,3,2010-02-09 11:50:00,3.75,14680.0,United Kingdom
497382,84997D,PINK 3 PIECE MINI DOTS CUTLERY SET,2,2010-02-09 11:50:00,3.75,14680.0,United Kingdom
497382,21559,STRAWBERRY LUNCHBOX WITH CUTLERY,3,2010-02-09 11:50:00,2.55,14680.0,United Kingdom
497382,21217,RED SPOTTY ROUND CAKE TINS,1,2010-02-09 11:50:00,9.95,14680.0,United Kingdom
497382,21535,RETRO SPOT SMALL MILK JUG,5,2010-02-09 11:50:00,2.55,14680.0,United Kingdom
497382,37448,CERAMIC CAKE DESIGN SPOTTED MUG,3,2010-02-09 11:50:00,1.49,14680.0,United Kingdom
497382,37461,FUNKY MONKEY MUG,4,2010-02-09 11:50:00,1.25,14680.0,United Kingdom
497382,37503,TEA TIME CAKE STAND IN GIFT BOX,2,2010-02-09 11:50:00,10.75,14680.0,United Kingdom
497382,21537,RETRO SPOTS PUDDING BOWL,1,2010-02-09 11:50:00,4.25,14680.0,United Kingdom
497382,22072,TEA CUP AND SAUCER RETRO SPOT,1,2010-02-09 11:50:00,3.75,14680.0,United Kingdom
497382,21232,STRAWBERRY CERAMIC TRINKET BOX,8,2010-02-09 11:50:00,1.25,14680.0,United Kingdom
497382,21212,PACK OF 72 RETRO SPOT CAKE CASES,48,2010-02-09 11:50:00,0.55,14680.0,United Kingdom
497382,21213,PACK OF 72 SKULL CAKE CASES,24,2010-02-09 11:50:00,0.55,14680.0,United Kingdom
497382,21975,PACK OF 60 DINOSAUR CAKE CASES,24,2010-02-09 11:50:00,0.55,14680.0,United Kingdom
497382,84991,60 TEATIME FAIRY CAKE CASES,24,2010-02-09 11:50:00,0.55,14680.0,United Kingdom
497382,84992,72 SWEETHEART FAIRY CAKE CASES,24,2010-02-09 11:50:00,0.55,14680.0,United Kingdom
497382,21354,TOAST ITS - BEST MUM,10,2010-02-09 11:50:00,1.25,14680.0,United Kingdom
497382,21355,TOAST ITS - I LOVE YOU ,10,2010-02-09 11:50:00,1.25,14680.0,United Kingdom
497382,21357,TOAST ITS - DINOSAUR,10,2010-02-09 11:50:00,1.25,14680.0,United Kingdom
497574,46000S,POLYESTER FILLER PAD 40x40cm,3,2010-02-10 14:36:00,1.45,14739.0,United Kingdom
497574,22082,RIBBON REEL STRIPES DESIGN ,10,2010-02-10 14:36:00,1.65,14739.0,United Kingdom
497574,21610,SET 12 PEAR BOTANICAL T-LIGHTS,6,2010-02-10 14:36:00,2.95,14739.0,United Kingdom
497574,21611,SET OF 12 LILY BOTANICAL T-LIGHTS,6,2010-02-10 14:36:00,2.95,14739.0,United Kingdom
497574,21612,SET 12 WILDFLOWER BOTANICAL T-LIGHT,6,2010-02-10 14:36:00,2.95,14739.0,United Kingdom
497574,21614,SET OF 12 ROSE BOTANICAL T-LIGHTS,6,2010-02-10 14:36:00,2.95,14739.0,United Kingdom
497574,21283,NATURAL BARK CANDLE SMALL,24,2010-02-10 14:36:00,2.75,14739.0,United Kingdom
497574,84077,WORLD WAR 2 GLIDERS ASSTD DESIGNS,48,2010-02-10 14:36:00,0.21,14739.0,United Kingdom
497574,22083,PAPER CHAIN KIT RETRO SPOT,40,2010-02-10 14:36:00,2.55,14739.0,United Kingdom
497574,21916,SET 12 RETRO WHITE CHALK STICKS,24,2010-02-10 14:36:00,0.42,14739.0,United Kingdom
497574,21837,CROSS STITCH ALPHABET CUSHION COVER,3,2010-02-10 14:36:00,5.95,14739.0,United Kingdom
497934,84358,FLOOR LAMP SHADE WOOD BASE,2,2010-02-15 10:43:00,9.95,16905.0,United Kingdom
497934,84360,TABLE LAMP WHITE SHADE WOOD BASE,6,2010-02-15 10:43:00,5.95,16905.0,United Kingdom
497934,15056N,EDWARDIAN PARASOL NATURAL,1,2010-02-15 10:43:00,5.95,16905.0,United Kingdom
497934,79323W, WHITE CHERRY LIGHTS,2,2010-02-15 10:43:00,6.75,16905.0,United Kingdom
497934,79323P,PINK CHERRY LIGHTS,3,2010-02-15 10:43:00,6.75,16905.0,United Kingdom
497934,79323S, SILVER CHERRY LIGHTS,2,2010-02-15 10:43:00,6.75,16905.0,United Kingdom
497934,79323B,BLACK CHERRY LIGHTS,1,2010-02-15 10:43:00,6.75,16905.0,United Kingdom
497934,79323G,GOLD  CHERRY LIGHTS,2,2010-02-15 10:43:00,6.75,16905.0,United Kingdom
497958,84997D,PINK 3 PIECE MINI DOTS CUTLERY SET,15,2010-02-15 13:20:00,3.75,14680.0,United Kingdom
497958,84997C,BLUE 3 PIECE MINI DOTS CUTLERY SET,8,2010-02-15 13:20:00,3.75,14680.0,United Kingdom
497958,84997B,RED 3 PIECE MINI DOTS CUTLERY SET,12,2010-02-15 13:20:00,3.75,14680.0,United Kingdom
497958,21535,RETRO SPOT SMALL MILK JUG,10,2010-02-15 13:20:00,2.55,14680.0,United Kingdom
497958,20672,PINK TEATIME PRINT BOWL,1,2010-02-15 13:20:00,1.25,14680.0,United Kingdom
497958,20671,BLUE TEATIME PRINT BOWL ,2,2010-02-15 13:20:00,1.25,14680.0,United Kingdom
497958,84596B,SMALL DOLLY MIX DESIGN ORANGE BOWL,2,2010-02-15 13:20:00,1.25,14680.0,United Kingdom
497958,84596G,SMALL CHOCOLATES PINK BOWL,2,2010-02-15 13:20:00,1.25,14680.0,United Kingdom
497958,20676,RED SPOTTY BOWL,8,2010-02-15 13:20:00,1.25,14680.0,United Kingdom
497958,20675,BLUE SPOTTY BOWL,8,2010-02-15 13:20:00,1.25,14680.0,United Kingdom
497958,84029E,RED WOOLLY HOTTIE WHITE HEART.,48,2010-02-15 13:20:00,2.95,14680.0,United Kingdom
497958,21874,GIN AND TONIC MUG,2,2010-02-15 13:20:00,1.25,14680.0,United Kingdom
497958,21870,I CAN ONLY PLEASE ONE PERSON MUG,2,2010-02-15 13:20:00,1.25,14680.0,United Kingdom
497958,37461,FUNKY MONKEY MUG,2,2010-02-15 13:20:00,1.25,14680.0,United Kingdom
497958,21488,RED WHITE SCARF  HOT WATER BOTTLE,6,2010-02-15 13:20:00,3.95,14680.0,United Kingdom
497958,85150,LADIES & GENTLEMEN METAL SIGN,5,2010-02-15 13:20:00,2.55,14680.0,United Kingdom
497958,21173,LOO ROLL  METAL SIGN ,5,2010-02-15 13:20:00,1.65,14680.0,United Kingdom
497958,84050,PINK HEART SHAPE EGG FRYING PAN,5,2010-02-15 13:20:00,1.65,14680.0,United Kingdom
497958,20914,SET/5 RED SPOTTY LID GLASS BOWLS,7,2010-02-15 13:20:00,2.95,14680.0,United Kingdom
497958,37448,CERAMIC CAKE DESIGN SPOTTED MUG,8,2010-02-15 13:20:00,1.49,14680.0,United Kingdom
497958,21537,RETRO SPOTS PUDDING BOWL,3,2010-02-15 13:20:00,4.25,14680.0,United Kingdom
497958,22072,TEA CUP AND SAUCER RETRO SPOT,3,2010-02-15 13:20:00,3.75,14680.0,United Kingdom
497958,21218,RED SPOTTY BISCUIT TIN,24,2010-02-15 13:20:00,3.25,14680.0,United Kingdom
497958,37503,TEA TIME CAKE STAND IN GIFT BOX,12,2010-02-15 13:20:00,9.95,14680.0,United Kingdom
497958,85132A,CHARLIE + LOLA BISCUITS TINS,1,2010-02-15 13:20:00,9.95,14680.0,United Kingdom
497958,85123A,WHITE HANGING HEART T-LIGHT HOLDER,32,2010-02-15 13:20:00,2.55,14680.0,United Kingdom
497958,21733,RED HANGING HEART T-LIGHT HOLDER,32,2010-02-15 13:20:00,2.55,14680.0,United Kingdom
497958,84519B,CARROT CHARLIE+LOLA COASTER SET,3,2010-02-15 13:20:00,2.95,14680.0,United Kingdom
497958,84519A,TOMATO CHARLIE+LOLA COASTER SET,4,2010-02-15 13:20:00,2.95,14680.0,United Kingdom
497958,20674,GREEN SPOTTY BOWL,8,2010-02-15 13:20:00,1.25,14680.0,United Kingdom
497958,20677,PINK SPOTTY BOWL,8,2010-02-15 13:20:00,1.25,14680.0,United Kingdom
497958,21843,RETRO SPOT CAKE STAND,5,2010-02-15 13:20:00,10.95,14680.0,United Kingdom
497958,21213,PACK OF 72 SKULL CAKE CASES,24,2010-02-15 13:20:00,0.55,14680.0,United Kingdom
497958,21212,PACK OF 72 RETRO SPOT CAKE CASES,24,2010-02-15 13:20:00,0.55,14680.0,United Kingdom
497958,21216,"SET 3 RED SPOT TIN TEA,COFFEE,SUGAR",3,2010-02-15 13:20:00,4.95,14680.0,United Kingdom
497958,21156,RED SPOTTY CHILDS APRON,2,2010-02-15 13:20:00,1.95,14680.0,United Kingdom
497958,47591C,BLUE FAIRY CAKE CHILD'S APRON,3,2010-02-15 13:20:00,1.95,14680.0,United Kingdom
497958,47591D,PINK FAIRY CAKE CHILD'S APRON,2,2010-02-15 13:20:00,1.95,14680.0,United Kingdom
497958,20728,LUNCH BAG CARS BLUE,10,2010-02-15 13:20:00,1.65,14680.0,United Kingdom
497958,85099B,JUMBO BAG RED WHITE SPOTTY ,10,2010-02-15 13:20:00,1.95,14680.0,United Kingdom
497958,20718,RED SPOTTY SHOPPER BAG,2,2010-02-15 13:20:00,1.25,14680.0,United Kingdom
497958,84032A,CHARLIE+LOLA PINK HOT WATER BOTTLE,5,2010-02-15 13:20:00,2.95,14680.0,United Kingdom
497958,20725,LUNCH BAG RED SPOTTY,10,2010-02-15 13:20:00,1.65,14680.0,United Kingdom
497958,22384,LUNCH BAG PINK RETROSPOT,10,2010-02-15 13:20:00,1.65,14680.0,United Kingdom
497958,20726,LUNCH BAG WOODLAND,10,2010-02-15 13:20:00,1.65,14680.0,United Kingdom
497958,20727,LUNCH BAG  BLACK SKULL.,10,2010-02-15 13:20:00,1.65,14680.0,United Kingdom
497958,22382,LUNCH BAG SPACEBOY DESIGN ,10,2010-02-15 13:20:00,1.65,14680.0,United Kingdom
C498703,21733,RED HANGING HEART T-LIGHT HOLDER,-1,2010-02-22 12:37:00,2.55,14680.0,United Kingdom
C498703,85152,HAND OVER THE CHOCOLATE   SIGN ,-1,2010-02-22 12:37:00,2.1,14680.0,United Kingdom
C498703,85123A,WHITE HANGING HEART T-LIGHT HOLDER,-5,2010-02-22 12:37:00,2.55,14680.0,United Kingdom
C498703,20726,LUNCH BAG WOODLAND,-3,2010-02-22 12:37:00,1.65,14680.0,United Kingdom
C498703,21556,CERAMIC STRAWBERRY MONEY BOX,-1,2010-02-22 12:37:00,2.55,14680.0,United Kingdom
C498703,22384,LUNCH BAG PINK RETROSPOT,-1,2010-02-22 12:37:00,1.65,14680.0,United Kingdom
C498703,37448,CERAMIC CAKE DESIGN SPOTTED MUG,-2,2010-02-22 12:37:00,1.49,14680.0,United Kingdom
C498703,22352,LUNCHBOX WITH CUTLERY RETROSPOT ,-1,2010-02-22 12:37:00,2.55,14680.0,United Kingdom
498705,21533,RETRO SPOT LARGE MILK JUG,1,2010-02-22 12:44:00,4.95,14680.0,United Kingdom
498705,20718,RED SPOTTY SHOPPER BAG,2,2010-02-22 12:44:00,1.25,14680.0,United Kingdom
498705,84519B,CARROT CHARLIE+LOLA COASTER SET,10,2010-02-22 12:44:00,2.95,14680.0,United Kingdom
498705,84519A,TOMATO CHARLIE+LOLA COASTER SET,8,2010-02-22 12:44:00,2.95,14680.0,United Kingdom
498705,85099B,JUMBO BAG RED WHITE SPOTTY ,25,2010-02-22 12:44:00,1.95,14680.0,United Kingdom
498705,85123A,WHITE HANGING HEART T-LIGHT HOLDER,32,2010-02-22 12:44:00,2.55,14680.0,United Kingdom
498705,21156,RED SPOTTY CHILDS APRON,2,2010-02-22 12:44:00,1.95,14680.0,United Kingdom
498705,47591C,BLUE FAIRY CAKE CHILD'S APRON,2,2010-02-22 12:44:00,1.95,14680.0,United Kingdom
498705,20726,LUNCH BAG WOODLAND,20,2010-02-22 12:44:00,1.65,14680.0,United Kingdom
498705,20725,LUNCH BAG RED SPOTTY,10,2010-02-22 12:44:00,1.65,14680.0,United Kingdom
498705,20727,LUNCH BAG  BLACK SKULL.,10,2010-02-22 12:44:00,1.65,14680.0,United Kingdom
498705,20728,LUNCH BAG CARS BLUE,10,2010-02-22 12:44:00,1.65,14680.0,United Kingdom
498705,21538,DAIRY MAID  PUDDING BOWL,3,2010-02-22 12:44:00,3.75,14680.0,United Kingdom
498705,21488,RED WHITE SCARF  HOT WATER BOTTLE,5,2010-02-22 12:44:00,3.95,14680.0,United Kingdom
498705,20676,RED SPOTTY BOWL,8,2010-02-22 12:44:00,1.25,14680.0,United Kingdom
498705,37502,TEA TIME MUG IN GIFT BOX,1,2010-02-22 12:44:00,2.95,14680.0,United Kingdom
498705,22073,RETRO SPOT STORAGE JAR,9,2010-02-22 12:44:00,3.75,14680.0,United Kingdom
498705,22352,LUNCHBOX WITH CUTLERY RETROSPOT ,7,2010-02-22 12:44:00,2.55,14680.0,United Kingdom
498705,84997B,RED 3 PIECE MINI DOTS CUTLERY SET,7,2010-02-22 12:44:00,3.75,14680.0,United Kingdom
498705,84997D,PINK 3 PIECE MINI DOTS CUTLERY SET,9,2010-02-22 12:44:00,3.75,14680.0,United Kingdom
498705,84997C,BLUE 3 PIECE MINI DOTS CUTLERY SET,10,2010-02-22 12:44:00,3.75,14680.0,United Kingdom
498705,20914,SET/5 RED SPOTTY LID GLASS BOWLS,5,2010-02-22 12:44:00,2.95,14680.0,United Kingdom
498705,21843,RETRO SPOT CAKE STAND,4,2010-02-22 12:44:00,10.95,14680.0,United Kingdom
498705,20618,QUEEN OF THE SKIES PASSPORT COVER ,1,2010-02-22 12:44:00,2.1,14680.0,United Kingdom
498705,20618,QUEEN OF THE SKIES PASSPORT COVER ,1,2010-02-22 12:44:00,2.1,14680.0,United Kingdom
498705,21864,UNION JACK FLAG PASSPORT COVER ,1,2010-02-22 12:44:00,2.1,14680.0,United Kingdom
498705,21865,PINK UNION JACK  PASSPORT COVER ,1,2010-02-22 12:44:00,2.1,14680.0,United Kingdom
498705,21535,RETRO SPOT SMALL MILK JUG,2,2010-02-22 12:44:00,2.55,14680.0,United Kingdom
498705,21536,DAIRY MAID  SMALL  MILK JUG,5,2010-02-22 12:44:00,2.1,14680.0,United Kingdom
498705,21532,DAIRY MAID SUGAR JAM BOWL,4,2010-02-22 12:44:00,2.1,14680.0,United Kingdom
498705,21531,RETRO SPOT SUGAR JAM BOWL,8,2010-02-22 12:44:00,2.55,14680.0,United Kingdom
498705,21845,DAIRY MAID STRIPE MUG,6,2010-02-22 12:44:00,2.95,14680.0,United Kingdom
498705,21844,RETRO SPOT MUG,10,2010-02-22 12:44:00,2.95,14680.0,United Kingdom
498705,37500,TEA TIME TEAPOT IN GIFT BOX,2,2010-02-22 12:44:00,9.95,14680.0,United Kingdom
498705,37501,TEA TIME TEA SET IN GIFT BOX,2,2010-02-22 12:44:00,6.95,14680.0,United Kingdom
498705,21212,PACK OF 72 RETRO SPOT CAKE CASES,120,2010-02-22 12:44:00,0.42,14680.0,United Kingdom
498705,21975,PACK OF 60 DINOSAUR CAKE CASES,24,2010-02-22 12:44:00,0.55,14680.0,United Kingdom
498705,84991,60 TEATIME FAIRY CAKE CASES,24,2010-02-22 12:44:00,0.55,14680.0,United Kingdom
C499328,22073,RETRO SPOT STORAGE JAR,-1,2010-02-26 11:26:00,3.75,14680.0,United Kingdom
C499328,20725,LUNCH BAG RED SPOTTY,-4,2010-02-26 11:26:00,1.65,14680.0,United Kingdom
C499328,21843,RETRO SPOT CAKE STAND,-1,2010-02-26 11:26:00,10.95,14680.0,United Kingdom
C499328,85123A,WHITE HANGING HEART T-LIGHT HOLDER,-1,2010-02-26 11:26:00,2.55,14680.0,United Kingdom
C499328,21218,RED SPOTTY BISCUIT TIN,-1,2010-02-26 11:26:00,3.75,14680.0,United Kingdom
499387,47422,ASSORTED MONKEY SUCTION CUP HOOK,2,2010-02-26 12:41:00,0.42,14680.0,United Kingdom
499387,21533,RETRO SPOT LARGE MILK JUG,3,2010-02-26 12:41:00,4.95,14680.0,United Kingdom
499387,47591C,BLUE FAIRY CAKE CHILD'S APRON,5,2010-02-26 12:41:00,1.95,14680.0,United Kingdom
499387,47591D,PINK FAIRY CAKE CHILD'S APRON,1,2010-02-26 12:41:00,1.95,14680.0,United Kingdom
499387,85099B,JUMBO BAG RED WHITE SPOTTY ,30,2010-02-26 12:41:00,1.95,14680.0,United Kingdom
499387,20718,RED SPOTTY SHOPPER BAG,10,2010-02-26 12:41:00,1.25,14680.0,United Kingdom
499387,21930,JUMBO STORAGE BAG SKULLS,10,2010-02-26 12:41:00,1.95,14680.0,United Kingdom
499387,22386,JUMBO BAG PINK WITH WHITE SPOTS,20,2010-02-26 12:41:00,1.95,14680.0,United Kingdom
499387,22073,RETRO SPOT STORAGE JAR,5,2010-02-26 12:41:00,3.75,14680.0,United Kingdom
499387,22384,LUNCH BAG PINK RETROSPOT,10,2010-02-26 12:41:00,1.65,14680.0,United Kingdom
499387,21535,RETRO SPOT SMALL MILK JUG,5,2010-02-26 12:41:00,2.55,14680.0,United Kingdom
499387,20727,LUNCH BAG  BLACK SKULL.,10,2010-02-26 12:41:00,1.65,14680.0,United Kingdom
499387,84519A,TOMATO CHARLIE+LOLA COASTER SET,3,2010-02-26 12:41:00,2.95,14680.0,United Kingdom
499387,21843,RETRO SPOT CAKE STAND,7,2010-02-26 12:41:00,10.95,14680.0,United Kingdom
499387,84519B,CARROT CHARLIE+LOLA COASTER SET,6,2010-02-26 12:41:00,2.95,14680.0,United Kingdom
499387,21217,RED SPOTTY ROUND CAKE TINS,2,2010-02-26 12:41:00,9.95,14680.0,United Kingdom
499387,20725,LUNCH BAG RED SPOTTY,20,2010-02-26 12:41:00,1.65,14680.0,United Kingdom
499387,20752,RETRO BLUE SPOTTY WASHING UP GLOVES,4,2010-02-26 12:41:00,2.1,14680.0,United Kingdom
499387,20754,RETRO RED SPOTTY WASHING UP GLOVES,4,2010-02-26 12:41:00,2.1,14680.0,United Kingdom
499387,20751,FUNKY WASHING UP GLOVES ASSORTED,12,2010-02-26 12:41:00,2.1,14680.0,United Kingdom
499387,21216,"SET 3 RED SPOT TIN TEA,COFFEE,SUGAR",3,2010-02-26 12:41:00,4.95,14680.0,United Kingdom
499387,37448,CERAMIC CAKE DESIGN SPOTTED MUG,5,2010-02-26 12:41:00,1.49,14680.0,United Kingdom
499387,84992,72 SWEETHEART FAIRY CAKE CASES,24,2010-02-26 12:41:00,0.55,14680.0,United Kingdom
499387,37503,TEA TIME CAKE STAND IN GIFT BOX,12,2010-02-26 12:41:00,9.95,14680.0,United Kingdom
499387,20728,LUNCH BAG CARS BLUE,10,2010-02-26 12:41:00,1.65,14680.0,United Kingdom
499387,21365,MIRRORED WALL ART STARS,1,2010-02-26 12:41:00,2.95,14680.0,United Kingdom
499387,21358,TOAST ITS - HAPPY BIRTHDAY,2,2010-02-26 12:41:00,1.25,14680.0,United Kingdom
499387,21354,TOAST ITS - BEST MUM,5,2010-02-26 12:41:00,1.25,14680.0,United Kingdom
499387,21357,TOAST ITS - DINOSAUR,11,2010-02-26 12:41:00,1.25,14680.0,United Kingdom
499387,84997D,PINK 3 PIECE MINI DOTS CUTLERY SET,1,2010-02-26 12:41:00,3.75,14680.0,United Kingdom
499387,20671,BLUE TEATIME PRINT BOWL ,2,2010-02-26 12:41:00,1.25,14680.0,United Kingdom
499387,20726,LUNCH BAG WOODLAND,20,2010-02-26 12:41:00,1.65,14680.0,United Kingdom
499387,21181,PLEASE ONE PERSON METAL SIGN,12,2010-02-26 12:41:00,2.1,14680.0,United Kingdom
499387,21175,GIN + TONIC DIET METAL SIGN,12,2010-02-26 12:41:00,2.1,14680.0,United Kingdom
499387,85152,HAND OVER THE CHOCOLATE   SIGN ,12,2010-02-26 12:41:00,2.1,14680.0,United Kingdom
499387,22413,METAL SIGN TAKE IT OR LEAVE IT ,12,2010-02-26 12:41:00,2.95,14680.0,United Kingdom
499405,21358,TOAST ITS - HAPPY BIRTHDAY,14,2010-02-26 14:35:00,1.25,14739.0,United Kingdom
499405,21355,TOAST ITS - I LOVE YOU ,12,2010-02-26 14:35:00,1.25,14739.0,United Kingdom
499405,84077,WORLD WAR 2 GLIDERS ASSTD DESIGNS,144,2010-02-26 14:35:00,0.21,14739.0,United Kingdom
499405,10135,COLOURING PENCILS BROWN TUBE,20,2010-02-26 14:35:00,1.25,14739.0,United Kingdom
499405,22496,SET OF 2 ROUND TINS DUTCH CHEESE,12,2010-02-26 14:35:00,2.95,14739.0,United Kingdom
499405,22495,SET OF 2 ROUND TINS CAMEMBERT ,12,2010-02-26 14:35:00,2.95,14739.0,United Kingdom
499405,21590,KINGS CHOICE CIGAR BOX MATCHES ,24,2010-02-26 14:35:00,1.25,14739.0,United Kingdom
499405,22080,RIBBON REEL SPOTS DESIGN ,30,2010-02-26 14:35:00,1.65,14739.0,United Kingdom
499405,85049D,BRIGHT BLUES RIBBONS ,24,2010-02-26 14:35:00,1.25,14739.0,United Kingdom
499405,84971S,SMALL HEART FLOWERS HOOK ,48,2010-02-26 14:35:00,0.85,14739.0,United Kingdom
499405,21612,SET 12 WILDFLOWER BOTANICAL T-LIGHT,12,2010-02-26 14:35:00,2.95,14739.0,United Kingdom
499405,21613,S/12 VANILLA  BOTANICAL T-LIGHTS,12,2010-02-26 14:35:00,2.95,14739.0,United Kingdom
499405,21611,SET OF 12 LILY BOTANICAL T-LIGHTS,12,2010-02-26 14:35:00,2.95,14739.0,United Kingdom
499405,21610,SET 12 PEAR BOTANICAL T-LIGHTS,12,2010-02-26 14:35:00,2.95,14739.0,United Kingdom
499405,85014A,BLACK/BLUE DOTS RUFFLED UMBRELLA,6,2010-02-26 14:35:00,5.95,14739.0,United Kingdom
499405,21790,VINTAGE SNAP CARDS,24,2010-02-26 14:35:00,0.85,14739.0,United Kingdom
499405,22178,VICTORIAN GLASS HANGING T-LIGHT,18,2010-02-26 14:35:00,1.25,14739.0,United Kingdom
499405,21506,"FANCY FONT BIRTHDAY CARD, ",24,2010-02-26 14:35:00,0.42,14739.0,United Kingdom
499405,22029,SPACEBOY BIRTHDAY CARD,12,2010-02-26 14:35:00,0.42,14739.0,United Kingdom
499405,22035,VINTAGE CARAVAN GREETING CARD ,12,2010-02-26 14:35:00,0.42,14739.0,United Kingdom
499405,21674,RIDGED GLASS PENDANT LAMPSHADE,4,2010-02-26 14:35:00,16.95,14739.0,United Kingdom
499405,79029,GLASS HONEYPOT WASP CATCHER,12,2010-02-26 14:35:00,1.95,14739.0,United Kingdom
499405,48116,DOOR MAT MULTICOLOUR STRIPE,2,2010-02-26 14:35:00,7.49,14739.0,United Kingdom
499405,48197,DOOR MAT BIRD ON THE WIRE,2,2010-02-26 14:35:00,7.49,14739.0,United Kingdom
499405,21524,DOOR MAT SPOTTY HOME SWEET HOME,3,2010-02-26 14:35:00,7.49,14739.0,United Kingdom
499405,48138,DOOR MAT UNION FLAG,2,2010-02-26 14:35:00,7.49,14739.0,United Kingdom
499455,22090,PAPER BUNTING RETRO SPOTS,120,2010-02-28 10:37:00,2.55,15477.0,United Kingdom
499455,84755,COLOUR GLASS T-LIGHT HOLDER HANGING,96,2010-02-28 10:37:00,0.65,15477.0,United Kingdom
499689,51014A,"FEATHER PEN,HOT PINK",36,2010-03-02 10:37:00,0.85,17905.0,United Kingdom
499689,79331,PINK FLOCK GLASS CANDLEHOLDER,6,2010-03-02 10:37:00,1.65,17905.0,United Kingdom
499689,84937,KASHMIR FOLKART TUMBLERS,3,2010-03-02 10:37:00,2.1,17905.0,United Kingdom
499689,79338,DARK PINK FLOCK GLASS CANDLEHOLDER,6,2010-03-02 10:37:00,1.65,17905.0,United Kingdom
499689,22078,RIBBON REEL LACE DESIGN ,4,2010-03-02 10:37:00,2.1,17905.0,United Kingdom
499689,22149,FELTCRAFT 6 FLOWER FRIENDS,1,2010-03-02 10:37:00,2.1,17905.0,United Kingdom
499689,22148,EASTER CRAFT 4 CHICKS ,1,2010-03-02 10:37:00,1.95,17905.0,United Kingdom
499689,84711A,SILVER OVAL SHAPE TRINKET BOX,4,2010-03-02 10:37:00,9.95,17905.0,United Kingdom
499689,84707A,SILVER JEWELLED MIRROR TRINKET TRAY,2,2010-03-02 10:37:00,9.95,17905.0,United Kingdom
499689,85099C,JUMBO  BAG BAROQUE BLACK WHITE,3,2010-03-02 10:37:00,1.95,17905.0,United Kingdom
C499832,79323B,BLACK CHERRY LIGHTS,-3,2010-03-02 16:13:00,6.75,13711.0,United Kingdom
500118,20754,RETRO RED SPOTTY WASHING UP GLOVES,12,2010-03-04 13:39:00,2.1,14680.0,United Kingdom
500118,21843,RETRO SPOT CAKE STAND,7,2010-03-04 13:39:00,10.95,14680.0,United Kingdom
500118,37500,TEA TIME TEAPOT IN GIFT BOX,2,2010-03-04 13:39:00,9.95,14680.0,United Kingdom
500118,37502,TEA TIME MUG IN GIFT BOX,2,2010-03-04 13:39:00,2.95,14680.0,United Kingdom
500118,21844,RETRO SPOT MUG,6,2010-03-04 13:39:00,2.95,14680.0,United Kingdom
500118,22072,TEA CUP AND SAUCER RETRO SPOT,3,2010-03-04 13:39:00,3.75,14680.0,United Kingdom
500118,21537,RETRO SPOTS PUDDING BOWL,3,2010-03-04 13:39:00,4.25,14680.0,United Kingdom
500118,21232,STRAWBERRY CERAMIC TRINKET BOX,10,2010-03-04 13:39:00,1.25,14680.0,United Kingdom
500118,21216,"SET 3 RED SPOT TIN TEA,COFFEE,SUGAR",3,2010-03-04 13:39:00,4.95,14680.0,United Kingdom
500118,21975,PACK OF 60 DINOSAUR CAKE CASES,24,2010-03-04 13:39:00,0.55,14680.0,United Kingdom
500118,21213,PACK OF 72 SKULL CAKE CASES,48,2010-03-04 13:39:00,0.55,14680.0,United Kingdom
500118,84991,60 TEATIME FAIRY CAKE CASES,24,2010-03-04 13:39:00,0.55,14680.0,United Kingdom
500118,85123A,WHITE HANGING HEART T-LIGHT HOLDER,32,2010-03-04 13:39:00,2.55,14680.0,United Kingdom
500118,37503,TEA TIME CAKE STAND IN GIFT BOX,12,2010-03-04 13:39:00,9.95,14680.0,United Kingdom
500118,21218,RED SPOTTY BISCUIT TIN,12,2010-03-04 13:39:00,3.75,14680.0,United Kingdom
500118,37501,TEA TIME TEA SET IN GIFT BOX,1,2010-03-04 13:39:00,6.95,14680.0,United Kingdom
500118,22384,LUNCH BAG PINK RETROSPOT,20,2010-03-04 13:39:00,1.65,14680.0,United Kingdom
500118,85099B,JUMBO BAG RED WHITE SPOTTY ,20,2010-03-04 13:39:00,1.95,14680.0,United Kingdom
500118,20713,JUMBO BAG OWLS,10,2010-03-04 13:39:00,1.95,14680.0,United Kingdom
500118,20718,RED SPOTTY SHOPPER BAG,15,2010-03-04 13:39:00,1.25,14680.0,United Kingdom
500118,84029E,RED WOOLLY HOTTIE WHITE HEART.,5,2010-03-04 13:39:00,3.75,14680.0,United Kingdom
500118,21488,RED WHITE SCARF  HOT WATER BOTTLE,2,2010-03-04 13:39:00,3.95,14680.0,United Kingdom
500118,21156,RED SPOTTY CHILDS APRON,4,2010-03-04 13:39:00,1.95,14680.0,United Kingdom
500118,47591C,BLUE FAIRY CAKE CHILD'S APRON,6,2010-03-04 13:39:00,1.95,14680.0,United Kingdom
500118,47591D,PINK FAIRY CAKE CHILD'S APRON,5,2010-03-04 13:39:00,1.95,14680.0,United Kingdom
500118,20682,RED SPOTTY CHILDS UMBRELLA,3,2010-03-04 13:39:00,3.25,14680.0,United Kingdom
500118,20725,LUNCH BAG RED SPOTTY,20,2010-03-04 13:39:00,1.65,14680.0,United Kingdom
500118,20726,LUNCH BAG WOODLAND,20,2010-03-04 13:39:00,1.65,14680.0,United Kingdom
500118,22353,LUNCHBOX WITH CUTLERY FAIRY CAKES ,10,2010-03-04 13:39:00,2.55,14680.0,United Kingdom
500118,21357,TOAST ITS - DINOSAUR,5,2010-03-04 13:39:00,1.25,14680.0,United Kingdom
500118,21354,TOAST ITS - BEST MUM,5,2010-03-04 13:39:00,1.25,14680.0,United Kingdom
500118,21355,TOAST ITS - I LOVE YOU ,4,2010-03-04 13:39:00,1.25,14680.0,United Kingdom
500118,21358,TOAST ITS - HAPPY BIRTHDAY,5,2010-03-04 13:39:00,1.25,14680.0,United Kingdom
500118,22352,LUNCHBOX WITH CUTLERY RETROSPOT ,7,2010-03-04 13:39:00,2.55,14680.0,United Kingdom
500118,21531,RETRO SPOT SUGAR JAM BOWL,10,2010-03-04 13:39:00,2.55,14680.0,United Kingdom
500118,85132A,CHARLIE + LOLA BISCUITS TINS,4,2010-03-04 13:39:00,9.95,14680.0,United Kingdom
500118,84997C,BLUE 3 PIECE MINI DOTS CUTLERY SET,9,2010-03-04 13:39:00,3.75,14680.0,United Kingdom
500118,84997B,RED 3 PIECE MINI DOTS CUTLERY SET,10,2010-03-04 13:39:00,3.75,14680.0,United Kingdom
500118,21874,GIN AND TONIC MUG,2,2010-03-04 13:39:00,1.25,14680.0,United Kingdom
500118,21870,I CAN ONLY PLEASE ONE PERSON MUG,4,2010-03-04 13:39:00,1.25,14680.0,United Kingdom
500119,21242,RED SPOTTY PLATE ,8,2010-03-04 13:47:00,1.69,17905.0,United Kingdom
500119,21238,RED SPOTTY CUP,8,2010-03-04 13:47:00,0.85,17905.0,United Kingdom
500119,21246,RED SPOTTY BIG BOWL,2,2010-03-04 13:47:00,4.95,17905.0,United Kingdom
500119,21247,SET OF RED SALAD SERVERS ,1,2010-03-04 13:47:00,1.49,17905.0,United Kingdom
500119,51014A,"FEATHER PEN,HOT PINK",240,2010-03-04 13:47:00,0.85,17905.0,United Kingdom
500119,21034,REX CASH+CARRY JUMBO SHOPPER,1,2010-03-04 13:47:00,0.95,17905.0,United Kingdom
C500831,22384,LUNCH BAG PINK RETROSPOT,-1,2010-03-10 11:32:00,1.65,14680.0,United Kingdom
C500831,20726,LUNCH BAG WOODLAND,-1,2010-03-10 11:32:00,1.65,14680.0,United Kingdom
C500831,85123A,WHITE HANGING HEART T-LIGHT HOLDER,-1,2010-03-10 11:32:00,2.55,14680.0,United Kingdom
C500831,22386,JUMBO BAG PINK WITH WHITE SPOTS,-1,2010-03-10 11:32:00,1.95,14680.0,United Kingdom
C500831,21535,RETRO SPOT SMALL MILK JUG,-1,2010-03-10 11:32:00,2.55,14680.0,United Kingdom
C500831,22073,RETRO SPOT STORAGE JAR,-1,2010-03-10 11:32:00,3.75,14680.0,United Kingdom
C500831,21843,RETRO SPOT CAKE STAND,-1,2010-03-10 11:32:00,10.95,14680.0,United Kingdom
C500831,21537,RETRO SPOTS PUDDING BOWL,-1,2010-03-10 11:32:00,4.25,14680.0,United Kingdom
500861,85123A,WHITE HANGING HEART T-LIGHT HOLDER,64,2010-03-10 12:45:00,2.55,14680.0,United Kingdom
500861,21535,RETRO SPOT SMALL MILK JUG,6,2010-03-10 12:45:00,2.55,14680.0,United Kingdom
500861,21843,RETRO SPOT CAKE STAND,4,2010-03-10 12:45:00,10.95,14680.0,United Kingdom
500861,20970,PINK FLORAL FELTCRAFT SHOULDER BAG,3,2010-03-10 12:45:00,3.75,14680.0,United Kingdom
500861,84029E,RED WOOLLY HOTTIE WHITE HEART.,24,2010-03-10 12:45:00,2.95,14680.0,United Kingdom
500861,21930,JUMBO STORAGE BAG SKULLS,10,2010-03-10 12:45:00,1.95,14680.0,United Kingdom
500861,85099B,JUMBO BAG RED WHITE SPOTTY ,30,2010-03-10 12:45:00,1.95,14680.0,United Kingdom
500861,20712,JUMBO BAG WOODLAND ANIMALS,10,2010-03-10 12:45:00,1.95,14680.0,United Kingdom
500861,21354,TOAST ITS - BEST MUM,4,2010-03-10 12:45:00,1.25,14680.0,United Kingdom
500861,21365,MIRRORED WALL ART STARS,1,2010-03-10 12:45:00,2.95,14680.0,United Kingdom
500861,85152,HAND OVER THE CHOCOLATE   SIGN ,12,2010-03-10 12:45:00,2.1,14680.0,United Kingdom
500861,22353,LUNCHBOX WITH CUTLERY FAIRY CAKES ,5,2010-03-10 12:45:00,2.55,14680.0,United Kingdom
500861,21533,RETRO SPOT LARGE MILK JUG,4,2010-03-10 12:45:00,4.95,14680.0,United Kingdom
500861,47591C,BLUE FAIRY CAKE CHILD'S APRON,3,2010-03-10 12:45:00,1.95,14680.0,United Kingdom
500861,21488,RED WHITE SCARF  HOT WATER BOTTLE,3,2010-03-10 12:45:00,3.95,14680.0,United Kingdom
500861,84031A,CHARLIE+LOLA RED HOT WATER BOTTLE ,2,2010-03-10 12:45:00,4.65,14680.0,United Kingdom
500861,21217,RED SPOTTY ROUND CAKE TINS,4,2010-03-10 12:45:00,9.95,14680.0,United Kingdom
500861,85132A,CHARLIE + LOLA BISCUITS TINS,2,2010-03-10 12:45:00,9.95,14680.0,United Kingdom
500861,22384,LUNCH BAG PINK RETROSPOT,20,2010-03-10 12:45:00,1.65,14680.0,United Kingdom
500861,85132A,CHARLIE + LOLA BISCUITS TINS,2,2010-03-10 12:45:00,9.95,14680.0,United Kingdom
500861,20754,RETRO RED SPOTTY WASHING UP GLOVES,12,2010-03-10 12:45:00,2.1,14680.0,United Kingdom
500861,20726,LUNCH BAG WOODLAND,20,2010-03-10 12:45:00,1.65,14680.0,United Kingdom
500861,20728,LUNCH BAG CARS BLUE,20,2010-03-10 12:45:00,1.65,14680.0,United Kingdom
500861,22326,ROUND SNACK BOXES SET OF4 WOODLAND ,5,2010-03-10 12:45:00,2.95,14680.0,United Kingdom
500861,22327,ROUND SNACK BOXES SET OF 4 SKULLS,5,2010-03-10 12:45:00,2.95,14680.0,United Kingdom
500861,22328,ROUND SNACK BOXES SET OF 4 FRUITS ,5,2010-03-10 12:45:00,2.95,14680.0,United Kingdom
500861,22329,ROUND CONTAINER SET OF 5 RETROSPOT,6,2010-03-10 12:45:00,1.65,14680.0,United Kingdom
500861,47556B,TEA TIME TEA TOWELS ,8,2010-03-10 12:45:00,2.95,14680.0,United Kingdom
500861,47559B,TEA TIME OVEN GLOVE,5,2010-03-10 12:45:00,1.25,14680.0,United Kingdom
500861,21035,SET/2 RED SPOTTY TEA TOWELS ,5,2010-03-10 12:45:00,2.95,14680.0,United Kingdom
500861,20725,LUNCH BAG RED SPOTTY,20,2010-03-10 12:45:00,1.65,14680.0,United Kingdom
500861,20727,LUNCH BAG  BLACK SKULL.,20,2010-03-10 12:45:00,1.65,14680.0,United Kingdom
500861,21216,"SET 3 RED SPOT TIN TEA,COFFEE,SUGAR",2,2010-03-10 12:45:00,4.95,14680.0,United Kingdom
500861,21531,RETRO SPOT SUGAR JAM BOWL,5,2010-03-10 12:45:00,2.55,14680.0,United Kingdom
500861,21535,RETRO SPOT SMALL MILK JUG,5,2010-03-10 12:45:00,2.55,14680.0,United Kingdom
500861,21212,PACK OF 72 RETRO SPOT CAKE CASES,72,2010-03-10 12:45:00,0.55,14680.0,United Kingdom
500861,21212,PACK OF 72 RETRO SPOT CAKE CASES,48,2010-03-10 12:45:00,0.55,14680.0,United Kingdom
500861,21232,STRAWBERRY CERAMIC TRINKET BOX,10,2010-03-10 12:45:00,1.25,14680.0,United Kingdom
500861,84519A,TOMATO CHARLIE+LOLA COASTER SET,6,2010-03-10 12:45:00,2.95,14680.0,United Kingdom
500861,84519B,CARROT CHARLIE+LOLA COASTER SET,6,2010-03-10 12:45:00,2.95,14680.0,United Kingdom
C500865,21212,PACK OF 72 RETRO SPOT CAKE CASES,-48,2010-03-10 13:00:00,0.55,14680.0,United Kingdom
C500865,21212,PACK OF 72 RETRO SPOT CAKE CASES,-72,2010-03-10 13:00:00,0.55,14680.0,United Kingdom
500867,21212,PACK OF 72 RETRO SPOT CAKE CASES,120,2010-03-10 13:01:00,0.42,14680.0,United Kingdom
501147,21240,BLUE  SPOTTY CUP,1,2010-03-14 13:28:00,0.85,17905.0,United Kingdom
501147,21238,RED SPOTTY CUP,1,2010-03-14 13:28:00,0.85,17905.0,United Kingdom
501147,21241,GREEN SPOTTY CUP,1,2010-03-14 13:28:00,0.85,17905.0,United Kingdom
501147,21239,PINK  SPOTTY CUP,1,2010-03-14 13:28:00,0.85,17905.0,United Kingdom
501147,22047,EMPIRE GIFT WRAP,25,2010-03-14 13:28:00,0.42,17905.0,United Kingdom
501147,84925A,WAKE UP COCKEREL WALL THERMOMETER,1,2010-03-14 13:28:00,2.55,17905.0,United Kingdom
501147,51014A,"FEATHER PEN,HOT PINK",96,2010-03-14 13:28:00,0.85,17905.0,United Kingdom
501147,84691,PACK 20 DOLLY PEGS,2,2010-03-14 13:28:00,0.85,17905.0,United Kingdom
501147,22485,SET OF 2 WOODEN MARKET CRATES,2,2010-03-14 13:28:00,12.75,17905.0,United Kingdom
501147,85099C,JUMBO  BAG BAROQUE BLACK WHITE,2,2010-03-14 13:28:00,1.95,17905.0,United Kingdom
501147,22078,RIBBON REEL LACE DESIGN ,2,2010-03-14 13:28:00,2.1,17905.0,United Kingdom
501147,M,Manual,25,2010-03-14 13:28:00,0.42,17905.0,United Kingdom
501147,85049D,BRIGHT BLUES RIBBONS ,1,2010-03-14 13:28:00,1.25,17905.0,United Kingdom
501147,85049E,SCANDINAVIAN REDS RIBBONS,1,2010-03-14 13:28:00,1.25,17905.0,United Kingdom
501147,85049A,TRADITIONAL CHRISTMAS RIBBONS,1,2010-03-14 13:28:00,1.25,17905.0,United Kingdom
501147,85049B,LUSH GREENS RIBBONS,1,2010-03-14 13:28:00,1.25,17905.0,United Kingdom
501147,21165,BEWARE OF THE CAT METAL SIGN ,1,2010-03-14 13:28:00,1.69,17905.0,United Kingdom
501147,85152,HAND OVER THE CHOCOLATE   SIGN ,1,2010-03-14 13:28:00,2.1,17905.0,United Kingdom
501147,21401,BLUE PUDDING SPOON,1,2010-03-14 13:28:00,0.42,17905.0,United Kingdom
501147,21402,RED  EGG  SPOON,1,2010-03-14 13:28:00,0.42,17905.0,United Kingdom
501147,20725,LUNCH BAG RED SPOTTY,1,2010-03-14 13:28:00,1.65,17905.0,United Kingdom
501147,84937,KASHMIR FOLKART TUMBLERS,6,2010-03-14 13:28:00,2.1,17905.0,United Kingdom
C501506,85123A,WHITE HANGING HEART T-LIGHT HOLDER,-5,2010-03-17 11:06:00,2.55,14680.0,United Kingdom
C501506,21843,RETRO SPOT CAKE STAND,-1,2010-03-17 11:06:00,10.95,14680.0,United Kingdom
501528,85123A,WHITE HANGING HEART T-LIGHT HOLDER,32,2010-03-17 12:32:00,2.55,14680.0,United Kingdom
501528,21843,RETRO SPOT CAKE STAND,11,2010-03-17 12:32:00,10.95,14680.0,United Kingdom
501528,20713,JUMBO BAG OWLS,20,2010-03-17 12:32:00,1.95,14680.0,United Kingdom
501528,85099B,JUMBO BAG RED WHITE SPOTTY ,20,2010-03-17 12:32:00,1.95,14680.0,United Kingdom
501528,20725,LUNCH BAG RED SPOTTY,10,2010-03-17 12:32:00,1.65,14680.0,United Kingdom
501528,20726,LUNCH BAG WOODLAND,10,2010-03-17 12:32:00,1.65,14680.0,United Kingdom
501528,22384,LUNCH BAG PINK RETROSPOT,10,2010-03-17 12:32:00,1.65,14680.0,United Kingdom
501528,21531,RETRO SPOT SUGAR JAM BOWL,24,2010-03-17 12:32:00,2.1,14680.0,United Kingdom
501528,37448,CERAMIC CAKE DESIGN SPOTTED MUG,6,2010-03-17 12:32:00,1.49,14680.0,United Kingdom
501528,21216,"SET 3 RED SPOT TIN TEA,COFFEE,SUGAR",6,2010-03-17 12:32:00,4.95,14680.0,United Kingdom
501528,72741,GRAND CHOCOLATECANDLE,9,2010-03-17 12:32:00,1.45,14680.0,United Kingdom
501528,84997B,RED 3 PIECE MINI DOTS CUTLERY SET,4,2010-03-17 12:32:00,3.75,14680.0,United Kingdom
501528,84997C,BLUE 3 PIECE MINI DOTS CUTLERY SET,4,2010-03-17 12:32:00,3.75,14680.0,United Kingdom
501528,21231,SWEETHEART CERAMIC TRINKET BOX,10,2010-03-17 12:32:00,1.25,14680.0,United Kingdom
501528,21232,STRAWBERRY CERAMIC TRINKET BOX,5,2010-03-17 12:32:00,1.25,14680.0,United Kingdom
501528,37461,FUNKY MONKEY MUG,4,2010-03-17 12:32:00,1.25,14680.0,United Kingdom
501528,21844,RETRO SPOT MUG,8,2010-03-17 12:32:00,2.95,14680.0,United Kingdom
501528,47559B,TEA TIME OVEN GLOVE,5,2010-03-17 12:32:00,1.25,14680.0,United Kingdom
501528,21154,RED SPOTTY OVEN GLOVE ,5,2010-03-17 12:32:00,1.25,14680.0,United Kingdom
501528,22352,LUNCHBOX WITH CUTLERY RETROSPOT ,5,2010-03-17 12:32:00,2.55,14680.0,United Kingdom
501528,22353,LUNCHBOX WITH CUTLERY FAIRY CAKES ,6,2010-03-17 12:32:00,2.55,14680.0,United Kingdom
501528,21218,RED SPOTTY BISCUIT TIN,24,2010-03-17 12:32:00,3.25,14680.0,United Kingdom
501528,37503,TEA TIME CAKE STAND IN GIFT BOX,12,2010-03-17 12:32:00,9.95,14680.0,United Kingdom
501553,84077,WORLD WAR 2 GLIDERS ASSTD DESIGNS,48,2010-03-17 15:43:00,0.21,16254.0,United Kingdom
501553,22172,METAL SHELF WITH RAIL ,2,2010-03-17 15:43:00,8.5,16254.0,United Kingdom
501553,84801A,PINK HYDRANGEA ART FLOWER,6,2010-03-17 15:43:00,2.1,16254.0,United Kingdom
501553,84804A,CREAM DELPHINIUM ARTIFICIAL FLOWER,6,2010-03-17 15:43:00,2.95,16254.0,United Kingdom
501553,84800M,MEDIUM WHITE/PINK ROSE ART FLOWER,6,2010-03-17 15:43:00,1.69,16254.0,United Kingdom
501553,84800S,SMALL WHITE/PINK ROSE ART FLOWER,6,2010-03-17 15:43:00,1.25,16254.0,United Kingdom
501553,84801B,WHITE HYDRANGEA ART FLOWER,6,2010-03-17 15:43:00,2.1,16254.0,United Kingdom
501553,84799,SPRIG LAVENDER ARTIFICIAL FLOWER,6,2010-03-17 15:43:00,1.25,16254.0,United Kingdom
501553,84800L,LARGE WHITE/PINK ROSE ART FLOWER,6,2010-03-17 15:43:00,2.12,16254.0,United Kingdom
501553,21272,SALLE DE BAIN HOOK,5,2010-03-17 15:43:00,1.25,16254.0,United Kingdom
501553,85123A,WHITE HANGING HEART T-LIGHT HOLDER,8,2010-03-17 15:43:00,2.95,16254.0,United Kingdom
501553,85038,6 CHOCOLATE LOVE HEART T-LIGHTS,4,2010-03-17 15:43:00,2.1,16254.0,United Kingdom
501553,85099C,JUMBO  BAG BAROQUE BLACK WHITE,7,2010-03-17 15:43:00,1.95,16254.0,United Kingdom
501553,84804A,CREAM DELPHINIUM ARTIFICIAL FLOWER,6,2010-03-17 15:43:00,2.95,16254.0,United Kingdom
501816,84358,FLOOR LAMP SHADE WOOD BASE,4,2010-03-19 14:59:00,8.49,16905.0,United Kingdom
501816,84360,TABLE LAMP WHITE SHADE WOOD BASE,6,2010-03-19 14:59:00,5.95,16905.0,United Kingdom
501816,15056BL,EDWARDIAN PARASOL BLACK,4,2010-03-19 14:59:00,5.95,16905.0,United Kingdom
501816,79323P,PINK CHERRY LIGHTS,3,2010-03-19 14:59:00,6.75,16905.0,United Kingdom
501816,79323W,WHITE CHERRY LIGHTS,6,2010-03-19 14:59:00,6.75,16905.0,United Kingdom
502105,84800M,MEDIUM WHITE/PINK ROSE ART FLOWER,24,2010-03-23 10:06:00,1.69,13711.0,United Kingdom
502105,82583,HOT BATHS METAL SIGN,12,2010-03-23 10:06:00,2.1,13711.0,United Kingdom
502105,22413,METAL SIGN TAKE IT OR LEAVE IT ,6,2010-03-23 10:06:00,2.95,13711.0,United Kingdom
502105,71477,COLOUR GLASS. STAR T-LIGHT HOLDER,4,2010-03-23 10:06:00,3.25,13711.0,United Kingdom
502105,21153,RED SPOTTY TABLECLOTH ,2,2010-03-23 10:06:00,10.65,13711.0,United Kingdom
502105,85206A,CREAM FELT EASTER EGG BASKET,6,2010-03-23 10:06:00,1.65,13711.0,United Kingdom
502105,84824,DANISH ROSE UMBRELLA STAND,1,2010-03-23 10:06:00,15.95,13711.0,United Kingdom
502105,22077,6 RIBBONS RUSTIC CHARM,12,2010-03-23 10:06:00,1.65,13711.0,United Kingdom
C502127,85123A,WHITE HANGING HEART T-LIGHT HOLDER,-5,2010-03-23 11:16:00,2.55,14680.0,United Kingdom
C502127,21536,DAIRY MAID  SMALL  MILK JUG,-1,2010-03-23 11:16:00,2.1,14680.0,United Kingdom
C502127,84031A,CHARLIE+LOLA RED HOT WATER BOTTLE ,-1,2010-03-23 11:16:00,4.65,14680.0,United Kingdom
502192,21844,RETRO SPOT MUG,6,2010-03-23 11:48:00,2.95,14680.0,United Kingdom
502192,21041,RED SPOTTY OVEN GLOVE DOUBLE,5,2010-03-23 11:48:00,2.95,14680.0,United Kingdom
502192,37503,TEA TIME CAKE STAND IN GIFT BOX,12,2010-03-23 11:48:00,9.95,14680.0,United Kingdom
502192,47559B,TEA TIME OVEN GLOVE,10,2010-03-23 11:48:00,1.25,14680.0,United Kingdom
502192,84029E,RED WOOLLY HOTTIE WHITE HEART.,24,2010-03-23 11:48:00,2.95,14680.0,United Kingdom
502192,47556B,TEA TIME TEA TOWELS ,10,2010-03-23 11:48:00,2.95,14680.0,United Kingdom
502192,72741,GRAND CHOCOLATECANDLE,9,2010-03-23 11:48:00,1.45,14680.0,United Kingdom
502192,22326,ROUND SNACK BOXES SET OF4 WOODLAND ,3,2010-03-23 11:48:00,2.95,14680.0,United Kingdom
502192,22352,LUNCHBOX WITH CUTLERY RETROSPOT ,8,2010-03-23 11:48:00,2.55,14680.0,United Kingdom
502192,84519A,TOMATO CHARLIE+LOLA COASTER SET,6,2010-03-23 11:48:00,2.95,14680.0,United Kingdom
502192,84992,72 SWEETHEART FAIRY CAKE CASES,24,2010-03-23 11:48:00,0.55,14680.0,United Kingdom
502192,21216,"SET 3 RED SPOT TIN TEA,COFFEE,SUGAR",1,2010-03-23 11:48:00,4.95,14680.0,United Kingdom
502192,84032B,CHARLIE + LOLA RED HOT WATER BOTTLE,5,2010-03-23 11:48:00,2.95,14680.0,United Kingdom
502192,84032A,CHARLIE+LOLA PINK HOT WATER BOTTLE,6,2010-03-23 11:48:00,2.95,14680.0,United Kingdom
502192,20713,JUMBO BAG OWLS,10,2010-03-23 11:48:00,1.95,14680.0,United Kingdom
502192,20712,JUMBO BAG WOODLAND ANIMALS,10,2010-03-23 11:48:00,1.95,14680.0,United Kingdom
502192,85099C,JUMBO  BAG BAROQUE BLACK WHITE,30,2010-03-23 11:48:00,1.95,14680.0,United Kingdom
502192,20728,LUNCH BAG CARS BLUE,10,2010-03-23 11:48:00,1.65,14680.0,United Kingdom
502192,20725,LUNCH BAG RED SPOTTY,40,2010-03-23 11:48:00,1.65,14680.0,United Kingdom
502192,22384,LUNCH BAG PINK RETROSPOT,30,2010-03-23 11:48:00,1.65,14680.0,United Kingdom
502192,20727,LUNCH BAG  BLACK SKULL.,30,2010-03-23 11:48:00,1.65,14680.0,United Kingdom
502192,20726,LUNCH BAG WOODLAND,30,2010-03-23 11:48:00,1.65,14680.0,United Kingdom
502192,84997B,RED 3 PIECE MINI DOTS CUTLERY SET,10,2010-03-23 11:48:00,3.75,14680.0,United Kingdom
502192,84997C,BLUE 3 PIECE MINI DOTS CUTLERY SET,3,2010-03-23 11:48:00,3.75,14680.0,United Kingdom
502192,21181,PLEASE ONE PERSON METAL SIGN,12,2010-03-23 11:48:00,2.1,14680.0,United Kingdom
502192,37448,CERAMIC CAKE DESIGN SPOTTED MUG,3,2010-03-23 11:48:00,1.49,14680.0,United Kingdom
502192,21232,STRAWBERRY CERAMIC TRINKET BOX,8,2010-03-23 11:48:00,1.25,14680.0,United Kingdom
502192,21535,RETRO SPOT SMALL MILK JUG,3,2010-03-23 11:48:00,2.55,14680.0,United Kingdom
502192,47591C,BLUE FAIRY CAKE CHILD'S APRON,2,2010-03-23 11:48:00,1.95,14680.0,United Kingdom
502192,21156,RED SPOTTY CHILDS APRON,5,2010-03-23 11:48:00,1.95,14680.0,United Kingdom
502192,22072,TEA CUP AND SAUCER RETRO SPOT,1,2010-03-23 11:48:00,3.75,14680.0,United Kingdom
502192,20914,SET/5 RED SPOTTY LID GLASS BOWLS,1,2010-03-23 11:48:00,2.95,14680.0,United Kingdom
502192,21217,RED SPOTTY ROUND CAKE TINS,4,2010-03-23 11:48:00,9.95,14680.0,United Kingdom
502192,84031A,CHARLIE+LOLA RED HOT WATER BOTTLE ,2,2010-03-23 11:48:00,4.65,14680.0,United Kingdom
502219,85123A,WHITE HANGING HEART T-LIGHT HOLDER,32,2010-03-23 12:07:00,2.55,14680.0,United Kingdom
502233,22178,VICTORIAN GLASS HANGING T-LIGHT,96,2010-03-23 12:20:00,1.06,14739.0,United Kingdom
502233,48138,DOOR MAT UNION FLAG,10,2010-03-23 12:20:00,6.35,14739.0,United Kingdom
502233,22035,VINTAGE CARAVAN GREETING CARD ,24,2010-03-23 12:20:00,0.42,14739.0,United Kingdom
502233,21186,WHITE DOVE HONEYCOMB PAPER GARLAND,48,2010-03-23 12:20:00,1.45,14739.0,United Kingdom
502233,21916,SET 12 RETRO WHITE CHALK STICKS,24,2010-03-23 12:20:00,0.42,14739.0,United Kingdom
502606,82552,WASHROOM METAL SIGN,12,2010-03-25 13:46:00,1.25,13900.0,United Kingdom
502606,21877,HOME SWEET HOME MUG,12,2010-03-25 13:46:00,1.25,13900.0,United Kingdom
502606,37370,RETRO COFFEE MUGS ASSORTED,12,2010-03-25 13:46:00,1.25,13900.0,United Kingdom
502606,21871,SAVE THE PLANET MUG,12,2010-03-25 13:46:00,1.25,13900.0,United Kingdom
502606,22115,METAL SIGN EMPIRE TEA,6,2010-03-25 13:46:00,2.95,13900.0,United Kingdom
502606,21621,VINTAGE UNION JACK BUNTING,4,2010-03-25 13:46:00,8.5,13900.0,United Kingdom
502606,71459,HANGING JAM JAR T-LIGHT HOLDER,12,2010-03-25 13:46:00,0.85,13900.0,United Kingdom
502606,20846,ZINC HEART LATTICE T-LIGHT HOLDER,12,2010-03-25 13:46:00,1.25,13900.0,United Kingdom
502606,84970S,HANGING HEART ZINC T-LIGHT HOLDER,12,2010-03-25 13:46:00,0.85,13900.0,United Kingdom
502606,21900,"KEY FOB , SHED",24,2010-03-25 13:46:00,0.65,13900.0,United Kingdom
502606,21899,"KEY FOB , GARAGE DESIGN",24,2010-03-25 13:46:00,0.65,13900.0,United Kingdom
502606,22457,NATURAL SLATE HEART CHALKBOARD ,6,2010-03-25 13:46:00,2.95,13900.0,United Kingdom
502606,21911,GARDEN METAL SIGN ,12,2010-03-25 13:46:00,1.65,13900.0,United Kingdom
502606,21910,WAY OUT METAL SIGN ,12,2010-03-25 13:46:00,1.65,13900.0,United Kingdom
502606,21770,OPEN CLOSED METAL SIGN,2,2010-03-25 13:46:00,4.95,13900.0,United Kingdom
502606,82551,LAUNDRY 15C METAL SIGN,12,2010-03-25 13:46:00,1.25,13900.0,United Kingdom
C502899,85123A,WHITE HANGING HEART T-LIGHT HOLDER,-5,2010-03-29 12:03:00,2.95,14680.0,United Kingdom
C502899,22384,LUNCH BAG PINK RETROSPOT,-3,2010-03-29 12:03:00,1.65,14680.0,United Kingdom
C502899,21733,RED HANGING HEART T-LIGHT HOLDER,-1,2010-03-29 12:03:00,2.95,14680.0,United Kingdom
C502899,21733,RED HANGING HEART T-LIGHT HOLDER,-1,2010-03-29 12:03:00,2.95,14680.0,United Kingdom
C502899,21874,GIN AND TONIC MUG,-1,2010-03-29 12:03:00,1.25,14680.0,United Kingdom
502912,21217,RED SPOTTY ROUND CAKE TINS,2,2010-03-29 13:09:00,9.95,14680.0,United Kingdom
502912,85123A,WHITE HANGING HEART T-LIGHT HOLDER,32,2010-03-29 13:09:00,2.55,14680.0,United Kingdom
502912,85099B,JUMBO BAG RED WHITE SPOTTY ,10,2010-03-29 13:09:00,1.95,14680.0,United Kingdom
502912,22384,LUNCH BAG PINK RETROSPOT,10,2010-03-29 13:09:00,1.65,14680.0,United Kingdom
502912,20726,LUNCH BAG WOODLAND,20,2010-03-29 13:09:00,1.65,14680.0,United Kingdom
502912,20725,LUNCH BAG RED SPOTTY,30,2010-03-29 13:09:00,1.65,14680.0,United Kingdom
502912,20725,LUNCH BAG RED SPOTTY,10,2010-03-29 13:09:00,1.65,14680.0,United Kingdom
502912,20728,LUNCH BAG CARS BLUE,10,2010-03-29 13:09:00,1.65,14680.0,United Kingdom
502912,20713,JUMBO BAG OWLS,10,2010-03-29 13:09:00,1.95,14680.0,United Kingdom
502912,21175,GIN + TONIC DIET METAL SIGN,12,2010-03-29 13:09:00,2.1,14680.0,United Kingdom
502912,85150,LADIES & GENTLEMEN METAL SIGN,12,2010-03-29 13:09:00,2.55,14680.0,United Kingdom
502912,21975,PACK OF 60 DINOSAUR CAKE CASES,24,2010-03-29 13:09:00,0.55,14680.0,United Kingdom
502912,22073,RETRO SPOT STORAGE JAR,2,2010-03-29 13:09:00,3.75,14680.0,United Kingdom
502912,21216,"SET 3 RED SPOT TIN TEA,COFFEE,SUGAR",2,2010-03-29 13:09:00,4.95,14680.0,United Kingdom
502912,22353,LUNCHBOX WITH CUTLERY FAIRY CAKES ,15,2010-03-29 13:09:00,2.55,14680.0,United Kingdom
502912,21535,RETRO SPOT SMALL MILK JUG,6,2010-03-29 13:09:00,2.55,14680.0,United Kingdom
502912,21874,GIN AND TONIC MUG,4,2010-03-29 13:09:00,1.25,14680.0,United Kingdom
502912,37502,TEA TIME MUG IN GIFT BOX,3,2010-03-29 13:09:00,2.95,14680.0,United Kingdom
502912,21843,RETRO SPOT CAKE STAND,14,2010-03-29 13:09:00,10.95,14680.0,United Kingdom
502914,84997B,RED 3 PIECE MINI DOTS CUTLERY SET,11,2010-03-29 13:21:00,3.75,14680.0,United Kingdom
503784,84032B,CHARLIE + LOLA RED HOT WATER BOTTLE,2,2010-04-07 12:09:00,2.95,14680.0,United Kingdom
503784,20725,LUNCH BAG RED SPOTTY,40,2010-04-07 12:09:00,1.65,14680.0,United Kingdom
503784,20727,LUNCH BAG  BLACK SKULL.,20,2010-04-07 12:09:00,1.65,14680.0,United Kingdom
503784,22384,LUNCH BAG PINK RETROSPOT,30,2010-04-07 12:09:00,1.65,14680.0,United Kingdom
503784,20726,LUNCH BAG WOODLAND,20,2010-04-07 12:09:00,1.65,14680.0,United Kingdom
503784,20713,JUMBO BAG OWLS,10,2010-04-07 12:09:00,1.95,14680.0,United Kingdom
503784,20718,RED SPOTTY SHOPPER BAG,10,2010-04-07 12:09:00,1.25,14680.0,United Kingdom
503784,85099B,RED RETROSPOT JUMBO BAG ,60,2010-04-07 12:09:00,1.95,14680.0,United Kingdom
503784,21559,STRAWBERRY LUNCH BOX WITH CUTLERY,5,2010-04-07 12:09:00,2.55,14680.0,United Kingdom
503784,22352,LUNCH BOX WITH CUTLERY RETROSPOT ,10,2010-04-07 12:09:00,2.55,14680.0,United Kingdom
503784,22353,LUNCH BOX WITH CUTLERY FAIRY CAKES ,10,2010-04-07 12:09:00,2.55,14680.0,United Kingdom
503784,72741,GRAND CHOCOLATECANDLE,9,2010-04-07 12:09:00,1.45,14680.0,United Kingdom
503784,22327,ROUND SNACK BOXES SET OF 4 SKULLS,2,2010-04-07 12:09:00,2.95,14680.0,United Kingdom
503784,22326,ROUND SNACK BOXES SET OF4 WOODLAND ,3,2010-04-07 12:09:00,2.95,14680.0,United Kingdom
503784,21533,RETRO SPOT LARGE MILK JUG,6,2010-04-07 12:09:00,4.95,14680.0,United Kingdom
503784,22072,RED RETROSPOT TEA CUP AND SAUCER ,4,2010-04-07 12:09:00,3.75,14680.0,United Kingdom
503784,21535,RED RETROSPOT SMALL MILK JUG,4,2010-04-07 12:09:00,2.55,14680.0,United Kingdom
503784,21217,RED SPOTTY ROUND CAKE TINS,2,2010-04-07 12:09:00,9.95,14680.0,United Kingdom
503784,22073,RED RETROSPOT STORAGE JAR,11,2010-04-07 12:09:00,3.75,14680.0,United Kingdom
503784,21232,STRAWBERRY CERAMIC TRINKET BOX,15,2010-04-07 12:09:00,1.25,14680.0,United Kingdom
503784,21231,SWEETHEART CERAMIC TRINKET BOX,5,2010-04-07 12:09:00,1.25,14680.0,United Kingdom
503784,84997C,BLUE 3 PIECE MINI DOTS CUTLERY SET,3,2010-04-07 12:09:00,3.75,14680.0,United Kingdom
503784,47556B,TEA TIME TEA TOWELS ,15,2010-04-07 12:09:00,2.95,14680.0,United Kingdom
503784,21035,SET/2 RED SPOTTY TEA TOWELS ,6,2010-04-07 12:09:00,2.95,14680.0,United Kingdom
503784,37502,TEA TIME MUG IN GIFT BOX,2,2010-04-07 12:09:00,2.95,14680.0,United Kingdom
503784,37501,TEA TIME TEA SET IN GIFT BOX,2,2010-04-07 12:09:00,6.95,14680.0,United Kingdom
503784,37503,TEA TIME CAKE STAND IN GIFT BOX,12,2010-04-07 12:09:00,9.95,14680.0,United Kingdom
503784,21212,PACK OF 72 RETRO SPOT CAKE CASES,120,2010-04-07 12:09:00,0.42,14680.0,United Kingdom
503784,84992,72 SWEETHEART FAIRY CAKE CASES,24,2010-04-07 12:09:00,0.55,14680.0,United Kingdom
503784,21975,PACK OF 60 DINOSAUR CAKE CASES,24,2010-04-07 12:09:00,0.55,14680.0,United Kingdom
503784,84991,60 TEATIME FAIRY CAKE CASES,24,2010-04-07 12:09:00,0.55,14680.0,United Kingdom
503784,21733,RED HANGING HEART T-LIGHT HOLDER,32,2010-04-07 12:09:00,2.55,14680.0,United Kingdom
503784,85123A,WHITE HANGING HEART T-LIGHT HOLDER,32,2010-04-07 12:09:00,2.55,14680.0,United Kingdom
503784,21843,RED RETROSPOT CAKE STAND,14,2010-04-07 12:09:00,10.95,14680.0,United Kingdom
503927,47590B,PINK HAPPY BIRTHDAY BUNTING,50,2010-04-08 13:21:00,4.65,18194.0,United Kingdom
503927,47590A,BLUE HAPPY BIRTHDAY BUNTING,50,2010-04-08 13:21:00,4.65,18194.0,United Kingdom
503927,22089,PAPER BUNTING VINTAGE PAISLEY,40,2010-04-08 13:21:00,2.55,18194.0,United Kingdom
503927,47566,PARTY BUNTING,60,2010-04-08 13:21:00,3.75,18194.0,United Kingdom
503927,22090,PAPER BUNTING RETRO SPOTS,40,2010-04-08 13:21:00,2.55,18194.0,United Kingdom
504730,21216,"SET 3 RED SPOT TIN TEA,COFFEE,SUGAR",5,2010-04-16 11:21:00,4.95,14680.0,United Kingdom
504730,37503,TEA TIME CAKE STAND IN GIFT BOX,12,2010-04-16 11:21:00,9.95,14680.0,United Kingdom
C504729,85123A,WHITE HANGING HEART T-LIGHT HOLDER,-3,2010-04-16 11:21:00,2.55,14680.0,United Kingdom
C504729,21218,RED SPOTTY BISCUIT TIN,-1,2010-04-16 11:21:00,3.75,14680.0,United Kingdom
C504729,21843,RED RETROSPOT CAKE STAND,-2,2010-04-16 11:21:00,10.95,14680.0,United Kingdom
C504729,20727,LUNCH BAG  BLACK SKULL.,-1,2010-04-16 11:21:00,1.65,14680.0,United Kingdom
C504729,21232,STRAWBERRY CERAMIC TRINKET BOX,-1,2010-04-16 11:21:00,1.25,14680.0,United Kingdom
C504729,20726,LUNCH BAG WOODLAND,-1,2010-04-16 11:21:00,1.65,14680.0,United Kingdom
C504729,22382,LUNCH BAG SPACEBOY DESIGN ,-10,2010-04-16 11:21:00,1.65,14680.0,United Kingdom
504730,21181,PLEASE ONE PERSON METAL SIGN,12,2010-04-16 11:21:00,2.1,14680.0,United Kingdom
504730,21217,RED SPOTTY ROUND CAKE TINS,2,2010-04-16 11:21:00,9.95,14680.0,United Kingdom
504730,21213,PACK OF 72 SKULL CAKE CASES,48,2010-04-16 11:21:00,0.55,14680.0,United Kingdom
504730,47556B,TEA TIME TEA TOWELS ,3,2010-04-16 11:21:00,2.95,14680.0,United Kingdom
504730,21156,RED SPOTTY CHILDS APRON,5,2010-04-16 11:21:00,1.95,14680.0,United Kingdom
504730,84029E,RED WOOLLY HOTTIE WHITE HEART.,5,2010-04-16 11:21:00,3.75,14680.0,United Kingdom
504730,21154,RED SPOTTY OVEN GLOVE ,6,2010-04-16 11:21:00,1.25,14680.0,United Kingdom
504730,47559B,TEA TIME OVEN GLOVE,6,2010-04-16 11:21:00,1.25,14680.0,United Kingdom
504730,22386,JUMBO BAG PINK WITH WHITE SPOTS,10,2010-04-16 11:21:00,1.95,14680.0,United Kingdom
504730,20712,JUMBO BAG WOODLAND ANIMALS,20,2010-04-16 11:21:00,1.95,14680.0,United Kingdom
504730,85099B,RED RETROSPOT JUMBO BAG ,100,2010-04-16 11:21:00,1.65,14680.0,United Kingdom
504730,21930,JUMBO STORAGE BAG SKULLS,20,2010-04-16 11:21:00,1.95,14680.0,United Kingdom
504730,20725,LUNCH BAG RED SPOTTY,100,2010-04-16 11:21:00,1.45,14680.0,United Kingdom
504730,20726,LUNCH BAG WOODLAND,30,2010-04-16 11:21:00,1.65,14680.0,United Kingdom
504730,20727,LUNCH BAG  BLACK SKULL.,30,2010-04-16 11:21:00,1.65,14680.0,United Kingdom
504730,22384,LUNCH BAG PINK RETROSPOT,20,2010-04-16 11:21:00,1.65,14680.0,United Kingdom
504730,20728,LUNCH BAG CARS BLUE,20,2010-04-16 11:21:00,1.65,14680.0,United Kingdom
504730,84997A,GREEN 3 PIECE MINI DOTS CUTLERY SET,12,2010-04-16 11:21:00,3.75,14680.0,United Kingdom
504730,84997C,BLUE 3 PIECE MINI DOTS CUTLERY SET,7,2010-04-16 11:21:00,3.75,14680.0,United Kingdom
504730,84997B,RED 3 PIECE MINI DOTS CUTLERY SET,5,2010-04-16 11:21:00,3.75,14680.0,United Kingdom
504730,84997D,PINK 3 PIECE MINI DOTS CUTLERY SET,12,2010-04-16 11:21:00,3.75,14680.0,United Kingdom
504730,85150,LADIES & GENTLEMEN METAL SIGN,12,2010-04-16 11:21:00,2.55,14680.0,United Kingdom
504730,85152,HAND OVER THE CHOCOLATE   SIGN ,12,2010-04-16 11:21:00,2.1,14680.0,United Kingdom
505002,22606,WOODEN SKITTLES GARDEN SET,4,2010-04-19 12:39:00,12.75,16905.0,United Kingdom
505002,22605,WOODEN CROQUET GARDEN SET,4,2010-04-19 12:39:00,10.95,16905.0,United Kingdom
505002,20886,BOX OF 9 PEBBLE CANDLES,5,2010-04-19 12:39:00,1.95,16905.0,United Kingdom
505002,21949,SET OF 6 STRAWBERRY CHOPSTICKS,1,2010-04-19 12:39:00,1.25,16905.0,United Kingdom
505002,17091B,JASMINE TEA INCENSE IN TIN,2,2010-04-19 12:39:00,1.25,16905.0,United Kingdom
505002,21384,IVORY HANGING DECORATION  BUTTERFLY,9,2010-04-19 12:39:00,0.85,16905.0,United Kingdom
505002,21390,FILIGRIS HEART WITH BUTTERFLY,5,2010-04-19 12:39:00,1.25,16905.0,United Kingdom
505002,M,Manual,2,2010-04-19 12:39:00,1.25,16905.0,United Kingdom
505002,17039,INLAID WOOD INCENSE HOLDER,10,2010-04-19 12:39:00,0.29,16905.0,United Kingdom
505002,79323P,PINK CHERRY LIGHTS,3,2010-04-19 12:39:00,6.75,16905.0,United Kingdom
505002,79323W,WHITE CHERRY LIGHTS,5,2010-04-19 12:39:00,6.75,16905.0,United Kingdom
505002,79323S,SILVER CHERRY LIGHTS,1,2010-04-19 12:39:00,6.75,16905.0,United Kingdom
505002,79323G,GOLD  CHERRY LIGHTS,1,2010-04-19 12:39:00,6.75,16905.0,United Kingdom
505007,22441,GROW YOUR OWN BASIL IN ENAMEL MUG,3,2010-04-19 12:52:00,2.1,16905.0,United Kingdom
505007,22442,GROW YOUR OWN FLOWERS SET OF 3,2,2010-04-19 12:52:00,7.95,16905.0,United Kingdom
505007,22443,GROW YOUR OWN HERBS SET OF 3,2,2010-04-19 12:52:00,7.95,16905.0,United Kingdom
C505446,20726,LUNCH BAG WOODLAND,-1,2010-04-22 11:05:00,1.65,14680.0,United Kingdom
C505446,21733,RED HANGING HEART T-LIGHT HOLDER,-1,2010-04-22 11:05:00,2.55,14680.0,United Kingdom
C505446,20727,LUNCH BAG  BLACK SKULL.,-1,2010-04-22 11:05:00,1.65,14680.0,United Kingdom
C505446,20725,LUNCH BAG RED SPOTTY,-1,2010-04-22 11:05:00,1.45,14680.0,United Kingdom
505447,21218,RED SPOTTY BISCUIT TIN,12,2010-04-22 11:14:00,3.75,14680.0,United Kingdom
505447,21217,RED SPOTTY ROUND CAKE TINS,6,2010-04-22 11:14:00,9.95,14680.0,United Kingdom
505447,20713,JUMBO BAG OWLS,20,2010-04-22 11:14:00,1.95,14680.0,United Kingdom
505447,20754,RETRO RED SPOTTY WASHING UP GLOVES,4,2010-04-22 11:14:00,2.1,14680.0,United Kingdom
505447,84997B,RED 3 PIECE MINI DOTS CUTLERY SET,3,2010-04-22 11:14:00,3.75,14680.0,United Kingdom
505447,47591D,PINK FAIRY CAKE CHILD'S APRON,2,2010-04-22 11:14:00,1.95,14680.0,United Kingdom
505447,85123A,WHITE HANGING HEART T-LIGHT HOLDER,32,2010-04-22 11:14:00,2.55,14680.0,United Kingdom
505447,22072,RED RETROSPOT TEA CUP AND SAUCER ,4,2010-04-22 11:14:00,3.75,14680.0,United Kingdom
505447,21843,RED RETROSPOT CAKE STAND,1,2010-04-22 11:14:00,10.95,14680.0,United Kingdom
505447,21232,STRAWBERRY CERAMIC TRINKET BOX,10,2010-04-22 11:14:00,1.25,14680.0,United Kingdom
505447,21531,RED RETROSPOT SUGAR JAM BOWL,5,2010-04-22 11:14:00,2.55,14680.0,United Kingdom
505447,21535,RED RETROSPOT SMALL MILK JUG,5,2010-04-22 11:14:00,2.55,14680.0,United Kingdom
505447,20726,LUNCH BAG WOODLAND,30,2010-04-22 11:14:00,1.65,14680.0,United Kingdom
505447,20727,LUNCH BAG  BLACK SKULL.,10,2010-04-22 11:14:00,1.65,14680.0,United Kingdom
505447,20728,LUNCH BAG CARS BLUE,20,2010-04-22 11:14:00,1.65,14680.0,United Kingdom
505447,22384,LUNCH BAG PINK RETROSPOT,20,2010-04-22 11:14:00,1.65,14680.0,United Kingdom
505447,21533,RETRO SPOT LARGE MILK JUG,3,2010-04-22 11:14:00,4.95,14680.0,United Kingdom
505447,84992,72 SWEETHEART FAIRY CAKE CASES,24,2010-04-22 11:14:00,0.55,14680.0,United Kingdom
505447,21975,PACK OF 60 DINOSAUR CAKE CASES,48,2010-04-22 11:14:00,0.55,14680.0,United Kingdom
505447,21213,PACK OF 72 SKULL CAKE CASES,24,2010-04-22 11:14:00,0.55,14680.0,United Kingdom
505447,22353,LUNCH BOX WITH CUTLERY FAIRY CAKES ,5,2010-04-22 11:14:00,2.55,14680.0,United Kingdom
505447,84029E,RED WOOLLY HOTTIE WHITE HEART.,4,2010-04-22 11:14:00,3.75,14680.0,United Kingdom
505695,84884A,ANT WHITE WIRE HEART SPIRAL,5,2010-04-25 10:34:00,3.95,16585.0,United Kingdom
505695,22189,CREAM HEART CARD HOLDER,12,2010-04-25 10:34:00,3.95,16585.0,United Kingdom
505695,22295,HEART FILIGREE DOVE LARGE,12,2010-04-25 10:34:00,1.65,16585.0,United Kingdom
505695,82484,WOOD BLACK BOARD ANT WHITE FINISH,3,2010-04-25 10:34:00,6.45,16585.0,United Kingdom
505695,82483,WOOD 2 DRAWER CABINET WHITE FINISH,4,2010-04-25 10:34:00,5.95,16585.0,United Kingdom
505695,84880,WHITE WIRE EGG HOLDER,3,2010-04-25 10:34:00,5.95,16585.0,United Kingdom
505695,21135,VICTORIAN  METAL POSTCARD SPRING,8,2010-04-25 10:34:00,1.69,16585.0,United Kingdom
505695,84970L,SINGLE HEART ZINC T-LIGHT HOLDER,12,2010-04-25 10:34:00,0.95,16585.0,United Kingdom
505695,84843,WHITE SOAP RACK WITH 2 BOTTLES,2,2010-04-25 10:34:00,5.95,16585.0,United Kingdom
505695,84847,FLORAL BATHROOM SET,6,2010-04-25 10:34:00,3.75,16585.0,United Kingdom
505695,82607A,GLASS BONBON JAR PARFUME AUX FLEURE,6,2010-04-25 10:34:00,1.25,16585.0,United Kingdom
505695,21164,HOME SWEET HOME METAL SIGN ,6,2010-04-25 10:34:00,2.95,16585.0,United Kingdom
505695,22296,HEART IVORY TRELLIS LARGE,12,2010-04-25 10:34:00,1.65,16585.0,United Kingdom
506263,22607,WOODEN ROUNDERS GARDEN SET ,12,2010-04-28 14:52:00,7.65,14739.0,United Kingdom
506263,84971S,SMALL HEART FLOWERS HOOK ,48,2010-04-28 14:52:00,0.85,14739.0,United Kingdom
506263,21790,VINTAGE SNAP CARDS,72,2010-04-28 14:52:00,0.72,14739.0,United Kingdom
506263,21524,DOOR MAT SPOTTY HOME SWEET HOME,2,2010-04-28 14:52:00,7.49,14739.0,United Kingdom
506263,22088,PAPER BUNTING COLOURED LACE,40,2010-04-28 14:52:00,2.55,14739.0,United Kingdom
506263,22089,PAPER BUNTING VINTAGE PAISLEY,40,2010-04-28 14:52:00,2.55,14739.0,United Kingdom
C506349,21843,RED RETROSPOT CAKE STAND,-1,2010-04-29 11:59:00,10.95,14680.0,United Kingdom
C506349,84519B,CARROT CHARLIE+LOLA COASTER SET,-1,2010-04-29 11:59:00,2.95,14680.0,United Kingdom
C506349,85123A,WHITE HANGING HEART T-LIGHT HOLDER,-5,2010-04-29 11:59:00,2.55,14680.0,United Kingdom
C506349,21733,RED HANGING HEART T-LIGHT HOLDER,-1,2010-04-29 11:59:00,2.55,14680.0,United Kingdom
C506349,85099B,RED RETROSPOT JUMBO BAG ,-1,2010-04-29 11:59:00,1.65,14680.0,United Kingdom
C506349,22386,JUMBO BAG PINK WITH WHITE SPOTS,-2,2010-04-29 11:59:00,1.95,14680.0,United Kingdom
C506349,22384,LUNCH BAG PINK RETROSPOT,-1,2010-04-29 11:59:00,1.65,14680.0,United Kingdom
506384,85099C,JUMBO  BAG BAROQUE BLACK WHITE,20,2010-04-29 12:37:00,1.95,14680.0,United Kingdom
506384,22355,"CHARLOTTE BAG , SUKI DESIGN",20,2010-04-29 12:37:00,0.85,14680.0,United Kingdom
506384,20728,LUNCH BAG CARS BLUE,10,2010-04-29 12:37:00,1.65,14680.0,United Kingdom
506384,22384,LUNCH BAG PINK RETROSPOT,10,2010-04-29 12:37:00,1.65,14680.0,United Kingdom
506384,20726,LUNCH BAG WOODLAND,10,2010-04-29 12:37:00,1.65,14680.0,United Kingdom
506384,20727,LUNCH BAG  BLACK SKULL.,10,2010-04-29 12:37:00,1.65,14680.0,United Kingdom
506384,20725,LUNCH BAG RED SPOTTY,10,2010-04-29 12:37:00,1.65,14680.0,United Kingdom
506384,20682,RED SPOTTY CHILDS UMBRELLA,3,2010-04-29 12:37:00,3.25,14680.0,United Kingdom
506384,20972,PINK CREAM FELT CRAFT TRINKET BOX ,7,2010-04-29 12:37:00,1.25,14680.0,United Kingdom
506384,47566,PARTY BUNTING,10,2010-04-29 12:37:00,4.65,14680.0,United Kingdom
506384,47566B,TEA TIME PARTY BUNTING,5,2010-04-29 12:37:00,4.65,14680.0,United Kingdom
506384,47591C,BLUE FAIRY CAKE CHILD'S APRON,4,2010-04-29 12:37:00,1.95,14680.0,United Kingdom
506384,21156,RED SPOTTY CHILDS APRON,5,2010-04-29 12:37:00,1.95,14680.0,United Kingdom
506384,84029E,RED WOOLLY HOTTIE WHITE HEART.,5,2010-04-29 12:37:00,3.75,14680.0,United Kingdom
506384,20719,WOODLAND CHARLOTTE BAG,30,2010-04-29 12:37:00,0.85,14680.0,United Kingdom
506384,47559B,TEA TIME OVEN GLOVE,10,2010-04-29 12:37:00,1.25,14680.0,United Kingdom
506384,84997A,GREEN 3 PIECE MINI DOTS CUTLERY SET,17,2010-04-29 12:37:00,3.75,14680.0,United Kingdom
506384,84997D,PINK 3 PIECE MINI DOTS CUTLERY SET,17,2010-04-29 12:37:00,3.75,14680.0,United Kingdom
506384,84997B,RED 3 PIECE MINI DOTS CUTLERY SET,15,2010-04-29 12:37:00,3.75,14680.0,United Kingdom
506384,84997C,BLUE 3 PIECE MINI DOTS CUTLERY SET,15,2010-04-29 12:37:00,3.75,14680.0,United Kingdom
506384,21535,RED RETROSPOT SMALL MILK JUG,5,2010-04-29 12:37:00,2.55,14680.0,United Kingdom
506384,21218,RED SPOTTY BISCUIT TIN,12,2010-04-29 12:37:00,3.75,14680.0,United Kingdom
506384,21216,"SET 3 RED SPOT TIN TEA,COFFEE,SUGAR",8,2010-04-29 12:37:00,4.95,14680.0,United Kingdom
506384,84519A,TOMATO CHARLIE+LOLA COASTER SET,6,2010-04-29 12:37:00,2.95,14680.0,United Kingdom
506384,21213,PACK OF 72 SKULL CAKE CASES,24,2010-04-29 12:37:00,0.55,14680.0,United Kingdom
506384,84991,60 TEATIME FAIRY CAKE CASES,24,2010-04-29 12:37:00,0.55,14680.0,United Kingdom
506384,84992,72 SWEETHEART FAIRY CAKE CASES,24,2010-04-29 12:37:00,0.55,14680.0,United Kingdom
506384,21975,PACK OF 60 DINOSAUR CAKE CASES,24,2010-04-29 12:37:00,0.55,14680.0,United Kingdom
506384,21212,PACK OF 72 RETRO SPOT CAKE CASES,48,2010-04-29 12:37:00,0.55,14680.0,United Kingdom
506384,37441,ASSORTED WHITE EMBOSSED CHINA MUGS,6,2010-04-29 12:37:00,2.1,14680.0,United Kingdom
506384,22326,ROUND SNACK BOXES SET OF4 WOODLAND ,6,2010-04-29 12:37:00,2.95,14680.0,United Kingdom
506384,22297,HEART IVORY TRELLIS SMALL,24,2010-04-29 12:37:00,1.25,14680.0,United Kingdom
506384,21232,STRAWBERRY CERAMIC TRINKET BOX,5,2010-04-29 12:37:00,1.25,14680.0,United Kingdom
506384,37446,MINI CAKE STAND WITH HANGING CAKES,32,2010-04-29 12:37:00,1.25,14680.0,United Kingdom
506384,85123A,WHITE HANGING HEART T-LIGHT HOLDER,32,2010-04-29 12:37:00,2.55,14680.0,United Kingdom
506384,21531,RED RETROSPOT SUGAR JAM BOWL,5,2010-04-29 12:37:00,2.55,14680.0,United Kingdom
506384,20712,JUMBO BAG WOODLAND ANIMALS,20,2010-04-29 12:37:00,1.95,14680.0,United Kingdom
506384,20713,JUMBO BAG OWLS,10,2010-04-29 12:37:00,1.95,14680.0,United Kingdom
506384,21930,JUMBO STORAGE BAG SKULLS,10,2010-04-29 12:37:00,1.95,14680.0,United Kingdom
506384,37503,TEA TIME CAKE STAND IN GIFT BOX,12,2010-04-29 12:37:00,9.95,14680.0,United Kingdom
506428,85014A,BLACK/BLUE DOTS RUFFLED UMBRELLA,3,2010-04-29 15:27:00,5.95,15180.0,United Kingdom
506428,84509B,SET OF 4 FAIRY CAKE PLACEMATS,4,2010-04-29 15:27:00,3.75,15180.0,United Kingdom
506428,22348,TEA BAG PLATE RED SPOTTY ,12,2010-04-29 15:27:00,0.85,15180.0,United Kingdom
506428,22072,RED RETROSPOT TEA CUP AND SAUCER ,4,2010-04-29 15:27:00,3.75,15180.0,United Kingdom
506428,20725,LUNCH BAG RED SPOTTY,10,2010-04-29 15:27:00,1.65,15180.0,United Kingdom
506428,21357,TOAST ITS - DINOSAUR,12,2010-04-29 15:27:00,1.25,15180.0,United Kingdom
506428,21164,HOME SWEET HOME METAL SIGN ,6,2010-04-29 15:27:00,2.95,15180.0,United Kingdom
506428,82582,AREA PATROLLED METAL SIGN,12,2010-04-29 15:27:00,2.1,15180.0,United Kingdom
506428,21179,NO JUNK MAIL METAL SIGN,12,2010-04-29 15:27:00,1.25,15180.0,United Kingdom
506428,21498,RED SPOTS  WRAP ,25,2010-04-29 15:27:00,0.42,15180.0,United Kingdom
506428,21108,FAIRY CAKE FLANNEL ASSORTED COLOUR,9,2010-04-29 15:27:00,2.55,15180.0,United Kingdom
506428,21980,PACK OF 12 RED SPOTTY TISSUES ,48,2010-04-29 15:27:00,0.29,15180.0,United Kingdom
506428,21590,KINGS CHOICE CIGAR BOX MATCHES ,24,2010-04-29 15:27:00,1.25,15180.0,United Kingdom
506428,22331,WOODLAND PARTY BAG + STICKER SET,8,2010-04-29 15:27:00,1.65,15180.0,United Kingdom
506428,22334,DINOSAUR PARTY BAG + STICKER SET,8,2010-04-29 15:27:00,1.65,15180.0,United Kingdom
506428,21059,PARTY INVITES DINOSAURS,12,2010-04-29 15:27:00,0.85,15180.0,United Kingdom
506428,21058,PARTY INVITES WOODLAND,12,2010-04-29 15:27:00,0.85,15180.0,United Kingdom
506428,21251,DINOSAUR HEIGHT CHART STICKER SET,6,2010-04-29 15:27:00,2.95,15180.0,United Kingdom
506428,21249,WOODLAND  HEIGHT CHART STICKERS ,6,2010-04-29 15:27:00,2.95,15180.0,United Kingdom
506428,21330,WOODLAND ANIMAL  WRITING SET ,12,2010-04-29 15:27:00,1.65,15180.0,United Kingdom
506428,21329,DINOSAURS  WRITING SET ,12,2010-04-29 15:27:00,1.65,15180.0,United Kingdom
506428,21503,TOYBOX  WRAP ,25,2010-04-29 15:27:00,0.42,15180.0,United Kingdom
506428,22047,EMPIRE GIFT WRAP,25,2010-04-29 15:27:00,0.42,15180.0,United Kingdom
506428,21622,VINTAGE UNION JACK CUSHION COVER,4,2010-04-29 15:27:00,4.95,15180.0,United Kingdom
506428,21624,VINTAGE UNION JACK DOORSTOP,3,2010-04-29 15:27:00,5.95,15180.0,United Kingdom
506428,85014B,RED/WHITE DOTS RUFFLED UMBRELLA,3,2010-04-29 15:27:00,5.95,15180.0,United Kingdom
506428,22114,HOT WATER BOTTLE TEA AND SYMPATHY,4,2010-04-29 15:27:00,3.95,15180.0,United Kingdom
506428,21983,PACK OF 12 BLUE PAISLEY TISSUES ,48,2010-04-29 15:27:00,0.29,15180.0,United Kingdom
C506978,21218,RED SPOTTY BISCUIT TIN,-1,2010-05-05 13:07:00,3.75,14680.0,United Kingdom
C506978,85123A,WHITE HANGING HEART T-LIGHT HOLDER,-2,2010-05-05 13:07:00,2.55,14680.0,United Kingdom
C506978,20728,LUNCH BAG CARS BLUE,-1,2010-05-05 13:07:00,1.65,14680.0,United Kingdom
C506978,20718,RED SPOTTY SHOPPER BAG,-2,2010-05-05 13:07:00,1.25,14680.0,United Kingdom
C506978,20726,LUNCH BAG WOODLAND,-1,2010-05-05 13:07:00,1.65,14680.0,United Kingdom
C506978,22384,LUNCH BAG PINK RETROSPOT,-1,2010-05-05 13:07:00,1.65,14680.0,United Kingdom
506981,20713,JUMBO BAG OWLS,40,2010-05-05 13:14:00,1.95,14680.0,United Kingdom
506981,85099B,RED RETROSPOT JUMBO BAG ,100,2010-05-05 13:14:00,1.65,14680.0,United Kingdom
506981,22386,JUMBO BAG PINK WITH WHITE SPOTS,10,2010-05-05 13:14:00,1.95,14680.0,United Kingdom
506981,20718,RED SPOTTY SHOPPER BAG,10,2010-05-05 13:14:00,1.25,14680.0,United Kingdom
506981,20712,JUMBO BAG WOODLAND ANIMALS,20,2010-05-05 13:14:00,1.95,14680.0,United Kingdom
506981,20725,LUNCH BAG RED SPOTTY,100,2010-05-05 13:14:00,1.45,14680.0,United Kingdom
506981,20728,LUNCH BAG CARS BLUE,20,2010-05-05 13:14:00,1.65,14680.0,United Kingdom
506981,85123A,WHITE HANGING HEART T-LIGHT HOLDER,32,2010-05-05 13:14:00,2.55,14680.0,United Kingdom
506981,20727,LUNCH BAG  BLACK SKULL.,40,2010-05-05 13:14:00,1.65,14680.0,United Kingdom
506981,20726,LUNCH BAG WOODLAND,50,2010-05-05 13:14:00,1.65,14680.0,United Kingdom
506981,22384,LUNCH BAG PINK RETROSPOT,10,2010-05-05 13:14:00,1.65,14680.0,United Kingdom
506981,22353,LUNCH BOX WITH CUTLERY FAIRY CAKES ,7,2010-05-05 13:14:00,2.55,14680.0,United Kingdom
506981,21216,"SET 3 RED SPOT TIN TEA,COFFEE,SUGAR",8,2010-05-05 13:14:00,4.95,14680.0,United Kingdom
506981,21218,RED SPOTTY BISCUIT TIN,6,2010-05-05 13:14:00,3.75,14680.0,United Kingdom
507387,21908,CHOCOLATE THIS WAY METAL SIGN,1,2010-05-09 12:10:00,2.1,17137.0,United Kingdom
507387,85150,LADIES & GENTLEMEN METAL SIGN,2,2010-05-09 12:10:00,2.55,17137.0,United Kingdom
507387,82597,BOMBS AWAY METAL SIGN,2,2010-05-09 12:10:00,2.1,17137.0,United Kingdom
507387,85152,HAND OVER THE CHOCOLATE   SIGN ,1,2010-05-09 12:10:00,2.1,17137.0,United Kingdom
507387,84535B,FAIRY CAKES NOTEBOOK A6 SIZE,3,2010-05-09 12:10:00,0.65,17137.0,United Kingdom
507387,84534B,FAIRY CAKE NOTEBOOK A5 SIZE,4,2010-05-09 12:10:00,0.85,17137.0,United Kingdom
507387,21790,VINTAGE SNAP CARDS,2,2010-05-09 12:10:00,0.85,17137.0,United Kingdom
507387,22382,LUNCH BAG SPACEBOY DESIGN ,2,2010-05-09 12:10:00,1.65,17137.0,United Kingdom
507387,20728,LUNCH BAG CARS BLUE,2,2010-05-09 12:10:00,1.65,17137.0,United Kingdom
507387,20726,LUNCH BAG WOODLAND,1,2010-05-09 12:10:00,1.65,17137.0,United Kingdom
507387,21670,BLUE SPOT CERAMIC DRAWER KNOB,2,2010-05-09 12:10:00,1.25,17137.0,United Kingdom
507387,21617,4 LILY  BOTANICAL DINNER CANDLES,1,2010-05-09 12:10:00,3.75,17137.0,United Kingdom
507387,17164B,ASS COL SMALL SAND GECKO P'WEIGHT,1,2010-05-09 12:10:00,0.42,17137.0,United Kingdom
507387,21472,LADYBIRD + BEE RAFFIA FOOD COVER,2,2010-05-09 12:10:00,3.75,17137.0,United Kingdom
507387,71477,COLOUR GLASS. STAR T-LIGHT HOLDER,1,2010-05-09 12:10:00,3.25,17137.0,United Kingdom
507387,21619,4 VANILLA BOTANICAL CANDLES,1,2010-05-09 12:10:00,3.75,17137.0,United Kingdom
507387,20726,LUNCH BAG WOODLAND,1,2010-05-09 12:10:00,1.65,17137.0,United Kingdom
507387,20725,LUNCH BAG RED SPOTTY,2,2010-05-09 12:10:00,1.65,17137.0,United Kingdom
507387,21668,RED STRIPE CERAMIC DRAWER KNOB,2,2010-05-09 12:10:00,1.25,17137.0,United Kingdom
507387,21839,MUMMY MOUSE RED GINGHAM RIBBON,2,2010-05-09 12:10:00,5.45,17137.0,United Kingdom
507387,22045,SPACEBOY GIFT WRAP,25,2010-05-09 12:10:00,0.42,17137.0,United Kingdom
507387,82484,WOOD BLACK BOARD ANT WHITE FINISH,1,2010-05-09 12:10:00,6.45,17137.0,United Kingdom
507387,21333,CLASSIC WHITE FRAME,2,2010-05-09 12:10:00,2.95,17137.0,United Kingdom
507387,22480,RED TEA TOWEL CLASSIC DESIGN,2,2010-05-09 12:10:00,1.25,17137.0,United Kingdom
507387,20711,JUMBO BAG TOYS ,2,2010-05-09 12:10:00,1.95,17137.0,United Kingdom
507387,84580,MOUSE TOY WITH PINK T-SHIRT,1,2010-05-09 12:10:00,3.75,17137.0,United Kingdom
507387,84902,PINK KNITTED COW STUFFED TOY,1,2010-05-09 12:10:00,3.75,17137.0,United Kingdom
507387,21841,BABY MOUSE RED GINGHAM DRESS,2,2010-05-09 12:10:00,4.25,17137.0,United Kingdom
507387,84584,PINK GINGHAM CAT WITH SCARF,1,2010-05-09 12:10:00,2.55,17137.0,United Kingdom
507387,84946,ANTIQUE SILVER TEA GLASS ETCHED,12,2010-05-09 12:10:00,1.25,17137.0,United Kingdom
507387,22384,LUNCH BAG PINK RETROSPOT,1,2010-05-09 12:10:00,1.65,17137.0,United Kingdom
507387,85036A,GARDENIA 1 WICK MORRIS BOXED CANDLE,1,2010-05-09 12:10:00,4.25,17137.0,United Kingdom
507387,85036C,ROSE 1 WICK MORRIS BOXED CANDLE,1,2010-05-09 12:10:00,4.25,17137.0,United Kingdom
507387,21616,4 PEAR BOTANICAL DINNER CANDLES,1,2010-05-09 12:10:00,3.75,17137.0,United Kingdom
507387,85152,HAND OVER THE CHOCOLATE   SIGN ,1,2010-05-09 12:10:00,2.1,17137.0,United Kingdom
507387,21175,GIN + TONIC DIET METAL SIGN,2,2010-05-09 12:10:00,2.1,17137.0,United Kingdom
507387,21174,POTTERING IN THE SHED METAL SIGN,2,2010-05-09 12:10:00,1.95,17137.0,United Kingdom
507387,22295,HEART FILIGREE DOVE LARGE,6,2010-05-09 12:10:00,1.65,17137.0,United Kingdom
507387,85096,HILDA CANDY SPOT RABBIT,1,2010-05-09 12:10:00,3.75,17137.0,United Kingdom
507387,22483,RED GINGHAM TEDDY BEAR ,1,2010-05-09 12:10:00,2.95,17137.0,United Kingdom
507387,21550,CERAMIC BIRDHOUSE CRESTED TIT LARGE,1,2010-05-09 12:10:00,5.95,17137.0,United Kingdom
507387,22082,RIBBON REEL STRIPES DESIGN ,15,2010-05-09 12:10:00,1.65,17137.0,United Kingdom
507387,22178,VICTORIAN GLASS HANGING T-LIGHT,6,2010-05-09 12:10:00,1.25,17137.0,United Kingdom
507387,22296,HEART IVORY TRELLIS LARGE,6,2010-05-09 12:10:00,1.65,17137.0,United Kingdom
507387,72780,BLACK SILOUETTE CANDLE PLATE,4,2010-05-09 12:10:00,0.85,17137.0,United Kingdom
507387,35980C,REDWHITE STRIPE SCANDINAVIAN HEART ,6,2010-05-09 12:10:00,0.38,17137.0,United Kingdom
507387,21617,4 LILY  BOTANICAL DINNER CANDLES,1,2010-05-09 12:10:00,3.75,17137.0,United Kingdom
507387,21616,4 PEAR BOTANICAL DINNER CANDLES,1,2010-05-09 12:10:00,3.75,17137.0,United Kingdom
507387,21619,4 VANILLA BOTANICAL CANDLES,1,2010-05-09 12:10:00,3.75,17137.0,United Kingdom
507387,35160,BUDDHA INCENSE HOLDER ASSORTED,2,2010-05-09 12:10:00,0.85,17137.0,United Kingdom
507387,20699,MOUSEY LONG LEGS SOFT TOY,1,2010-05-09 12:10:00,2.55,17137.0,United Kingdom
507387,72598,SET/12 TAPER CANDLES,1,2010-05-09 12:10:00,0.85,17137.0,United Kingdom
507387,84535B,FAIRY CAKES NOTEBOOK A6 SIZE,1,2010-05-09 12:10:00,0.65,17137.0,United Kingdom
507387,84032A,CHARLIE+LOLA PINK HOT WATER BOTTLE,1,2010-05-09 12:10:00,2.95,17137.0,United Kingdom
507387,22384,LUNCH BAG PINK RETROSPOT,1,2010-05-09 12:10:00,1.65,17137.0,United Kingdom
507387,21891,TRADITIONAL WOODEN SKIPPING ROPE,2,2010-05-09 12:10:00,1.25,17137.0,United Kingdom
507387,37461,FUNKY MONKEY MUG,1,2010-05-09 12:10:00,1.25,17137.0,United Kingdom
507387,22300,COFFEE MUG DOG + BALL DESIGN,2,2010-05-09 12:10:00,2.55,17137.0,United Kingdom
507387,22301,COFFEE MUG CAT + BIRD DESIGN,2,2010-05-09 12:10:00,2.55,17137.0,United Kingdom
507564,21755,LOVE BUILDING BLOCK WORD,3,2010-05-10 12:31:00,5.95,13711.0,United Kingdom
507564,22469,HEART OF WICKER SMALL,12,2010-05-10 12:31:00,1.65,13711.0,United Kingdom
507564,22470,HEART OF WICKER LARGE,6,2010-05-10 12:31:00,2.95,13711.0,United Kingdom
507564,22318,FIVE HEART HANGING DECORATION,6,2010-05-10 12:31:00,2.95,13711.0,United Kingdom
507564,22325,MOBILE VINTAGE HEARTS ,3,2010-05-10 12:31:00,4.95,13711.0,United Kingdom
507564,85019B,BLOSSOM  IMAGES NOTEBOOK SET,3,2010-05-10 12:31:00,4.25,13711.0,United Kingdom
507564,48138,DOOR MAT UNION FLAG,2,2010-05-10 12:31:00,7.49,13711.0,United Kingdom
507564,48185,DOOR MAT FAIRY CAKE,2,2010-05-10 12:31:00,7.49,13711.0,United Kingdom
507564,21713,CITRONELLA CANDLE FLOWERPOT,8,2010-05-10 12:31:00,2.1,13711.0,United Kingdom
507564,21897,POTTING SHED CANDLE CITRONELLA,6,2010-05-10 12:31:00,2.95,13711.0,United Kingdom
507564,79029,GLASS HONEYPOT WASP CATCHER,6,2010-05-10 12:31:00,1.95,13711.0,United Kingdom
508045,85123A,WHITE HANGING HEART T-LIGHT HOLDER,64,2010-05-12 12:26:00,2.55,14680.0,United Kingdom
508045,21217,RED SPOTTY ROUND CAKE TINS,4,2010-05-12 12:26:00,9.95,14680.0,United Kingdom
508045,20718,RED SPOTTY SHOPPER BAG,10,2010-05-12 12:26:00,1.25,14680.0,United Kingdom
508045,20725,LUNCH BAG RED SPOTTY,100,2010-05-12 12:26:00,1.45,14680.0,United Kingdom
508045,84997B,RED 3 PIECE MINI DOTS CUTLERY SET,11,2010-05-12 12:26:00,3.75,14680.0,United Kingdom
508045,84997D,PINK 3 PIECE MINI DOTS CUTLERY SET,4,2010-05-12 12:26:00,3.75,14680.0,United Kingdom
508045,20754,RETRO RED SPOTTY WASHING UP GLOVES,5,2010-05-12 12:26:00,2.1,14680.0,United Kingdom
508045,84519A,TOMATO CHARLIE+LOLA COASTER SET,8,2010-05-12 12:26:00,2.95,14680.0,United Kingdom
508045,37448,CERAMIC CAKE DESIGN SPOTTED MUG,4,2010-05-12 12:26:00,1.49,14680.0,United Kingdom
508045,20675,BLUE SPOTTY BOWL,8,2010-05-12 12:26:00,1.25,14680.0,United Kingdom
508045,20676,RED SPOTTY BOWL,8,2010-05-12 12:26:00,1.25,14680.0,United Kingdom
508045,20677,PINK SPOTTY BOWL,8,2010-05-12 12:26:00,1.25,14680.0,United Kingdom
508045,22072,RED RETROSPOT TEA CUP AND SAUCER ,4,2010-05-12 12:26:00,3.75,14680.0,United Kingdom
508045,22384,LUNCH BAG PINK RETROSPOT,10,2010-05-12 12:26:00,1.65,14680.0,United Kingdom
508045,22355,"CHARLOTTE BAG , SUKI DESIGN",10,2010-05-12 12:26:00,0.85,14680.0,United Kingdom
508045,22326,ROUND SNACK BOXES SET OF4 WOODLAND ,5,2010-05-12 12:26:00,2.95,14680.0,United Kingdom
508045,22327,ROUND SNACK BOXES SET OF 4 SKULLS,2,2010-05-12 12:26:00,2.95,14680.0,United Kingdom
508045,21535,RED RETROSPOT SMALL MILK JUG,5,2010-05-12 12:26:00,2.55,14680.0,United Kingdom
508045,21531,RED RETROSPOT SUGAR JAM BOWL,5,2010-05-12 12:26:00,2.55,14680.0,United Kingdom
C508275,22325,MOBILE VINTAGE HEARTS ,-2,2010-05-14 11:04:00,4.95,13711.0,United Kingdom
508498,20826,SILVER APERITIF GLASS,1,2010-05-16 14:54:00,2.12,17905.0,United Kingdom
508498,20827,GOLD APERITIF GLASS,1,2010-05-16 14:54:00,2.12,17905.0,United Kingdom
508498,21922,UNION STRIPE WITH FRINGE  HAMMOCK,1,2010-05-16 14:54:00,7.95,17905.0,United Kingdom
508498,21760,FRENCH STYLE WALL DRESSER,1,2010-05-16 14:54:00,125.0,17905.0,United Kingdom
508498,21559,STRAWBERRY LUNCH BOX WITH CUTLERY,1,2010-05-16 14:54:00,2.55,17905.0,United Kingdom
508498,22077,6 RIBBONS RUSTIC CHARM,1,2010-05-16 14:54:00,1.65,17905.0,United Kingdom
508498,22441,GROW YOUR OWN BASIL IN ENAMEL MUG,1,2010-05-16 14:54:00,2.1,17905.0,United Kingdom
508498,22472,TV DINNER TRAY DOLLY GIRL,2,2010-05-16 14:54:00,4.95,17905.0,United Kingdom
508498,22584,PACK OF 6 PANNETONE GIFT BOXES,1,2010-05-16 14:54:00,2.55,17905.0,United Kingdom
508498,22585,PACK OF 6 BIRDY GIFT TAGS,1,2010-05-16 14:54:00,1.25,17905.0,United Kingdom
508498,22077,6 RIBBONS RUSTIC CHARM,1,2010-05-16 14:54:00,1.65,17905.0,United Kingdom
508498,21656,RIDGED GLASS POSY VASE ,2,2010-05-16 14:54:00,1.45,17905.0,United Kingdom
508498,22310,KNITTED MUG COSY IVORY COLOUR ,4,2010-05-16 14:54:00,1.65,17905.0,United Kingdom
C508741,20725,LUNCH BAG RED SPOTTY,-13,2010-05-18 11:30:00,1.45,14680.0,United Kingdom
C508741,21212,PACK OF 72 RETRO SPOT CAKE CASES,-1,2010-05-18 11:30:00,0.42,14680.0,United Kingdom
C508741,21733,RED HANGING HEART T-LIGHT HOLDER,-2,2010-05-18 11:30:00,2.55,14680.0,United Kingdom
C508741,85123A,WHITE HANGING HEART T-LIGHT HOLDER,-5,2010-05-18 11:30:00,2.55,14680.0,United Kingdom
508744,22607,WOODEN ROUNDERS GARDEN SET ,12,2010-05-18 11:33:00,7.65,14739.0,United Kingdom
508744,79029,GLASS HONEYPOT WASP CATCHER,12,2010-05-18 11:33:00,1.95,14739.0,United Kingdom
508744,22035,VINTAGE CARAVAN GREETING CARD ,24,2010-05-18 11:33:00,0.42,14739.0,United Kingdom
508744,21509,COWBOYS AND INDIANS BIRTHDAY CARD ,12,2010-05-18 11:33:00,0.42,14739.0,United Kingdom
508744,22029,SPACEBOY BIRTHDAY CARD,12,2010-05-18 11:33:00,0.42,14739.0,United Kingdom
508744,21186,WHITE DOVE HONEYCOMB PAPER GARLAND,48,2010-05-18 11:33:00,1.45,14739.0,United Kingdom
508744,21714,CITRONELLA CANDLE GARDEN POT,12,2010-05-18 11:33:00,1.25,14739.0,United Kingdom
508744,21891,TRADITIONAL WOODEN SKIPPING ROPE,36,2010-05-18 11:33:00,1.25,14739.0,United Kingdom
508744,21791,VINTAGE HEADS AND TAILS CARD GAME ,72,2010-05-18 11:33:00,1.06,14739.0,United Kingdom
508759,21231,SWEETHEART CERAMIC TRINKET BOX,5,2010-05-18 12:03:00,1.25,14680.0,United Kingdom
508759,21232,STRAWBERRY CERAMIC TRINKET BOX,10,2010-05-18 12:03:00,1.25,14680.0,United Kingdom
508759,37448,CERAMIC CAKE DESIGN SPOTTED MUG,3,2010-05-18 12:03:00,1.49,14680.0,United Kingdom
508759,21533,RETRO SPOT LARGE MILK JUG,4,2010-05-18 12:03:00,4.95,14680.0,United Kingdom
508759,22355,CHARLOTTE BAG SUKI DESIGN,100,2010-05-18 12:03:00,0.72,14680.0,United Kingdom
508759,22356,CHARLOTTE BAG PINK WITH WHITE SPOTS,30,2010-05-18 12:03:00,0.85,14680.0,United Kingdom
508759,20719,WOODLAND CHARLOTTE BAG,10,2010-05-18 12:03:00,0.85,14680.0,United Kingdom
508759,22384,LUNCH BAG PINK RETROSPOT,40,2010-05-18 12:03:00,1.65,14680.0,United Kingdom
508759,20727,LUNCH BAG  BLACK SKULL.,30,2010-05-18 12:03:00,1.65,14680.0,United Kingdom
508759,20726,LUNCH BAG WOODLAND,30,2010-05-18 12:03:00,1.65,14680.0,United Kingdom
508759,22327,ROUND SNACK BOXES SET OF 4 SKULLS,1,2010-05-18 12:03:00,2.95,14680.0,United Kingdom
508759,20728,LUNCH BAG CARS BLUE,20,2010-05-18 12:03:00,1.65,14680.0,United Kingdom
508759,21218,RED SPOTTY BISCUIT TIN,6,2010-05-18 12:03:00,3.75,14680.0,United Kingdom
508759,84997D,PINK 3 PIECE MINI DOTS CUTLERY SET,4,2010-05-18 12:03:00,3.75,14680.0,United Kingdom
508759,84997C,BLUE 3 PIECE MINI DOTS CUTLERY SET,4,2010-05-18 12:03:00,3.75,14680.0,United Kingdom
508759,84997B,RED 3 PIECE MINI DOTS CUTLERY SET,7,2010-05-18 12:03:00,3.75,14680.0,United Kingdom
508759,84997A,GREEN 3 PIECE MINI DOTS CUTLERY SET,7,2010-05-18 12:03:00,3.75,14680.0,United Kingdom
508759,20718,RED SPOTTY SHOPPER BAG,3,2010-05-18 12:03:00,1.25,14680.0,United Kingdom
508759,20754,RETRO RED SPOTTY WASHING UP GLOVES,5,2010-05-18 12:03:00,2.1,14680.0,United Kingdom
508759,22352,LUNCH BOX WITH CUTLERY RETROSPOT ,6,2010-05-18 12:03:00,2.55,14680.0,United Kingdom
508759,22353,LUNCH BOX WITH CUTLERY FAIRY CAKES ,5,2010-05-18 12:03:00,2.55,14680.0,United Kingdom
508759,22327,ROUND SNACK BOXES SET OF 4 SKULLS,2,2010-05-18 12:03:00,2.95,14680.0,United Kingdom
508759,21216,"SET 3 RED SPOT TIN TEA,COFFEE,SUGAR",2,2010-05-18 12:03:00,4.95,14680.0,United Kingdom
508759,84029E,RED WOOLLY HOTTIE WHITE HEART.,5,2010-05-18 12:03:00,3.75,14680.0,United Kingdom
508759,47559B,TEA TIME OVEN GLOVE,4,2010-05-18 12:03:00,1.25,14680.0,United Kingdom
508759,47556B,TEA TIME TEA TOWELS ,4,2010-05-18 12:03:00,2.95,14680.0,United Kingdom
508759,21212,PACK OF 72 RETRO SPOT CAKE CASES,24,2010-05-18 12:03:00,0.55,14680.0,United Kingdom
508759,21531,RED RETROSPOT SUGAR JAM BOWL,7,2010-05-18 12:03:00,2.55,14680.0,United Kingdom
508759,21535,RED RETROSPOT SMALL MILK JUG,7,2010-05-18 12:03:00,2.55,14680.0,United Kingdom
508760,85123A,WHITE HANGING HEART T-LIGHT HOLDER,32,2010-05-18 12:04:00,2.55,14680.0,United Kingdom
508920,37446,MINI CAKE STAND WITH HANGING CAKES,32,2010-05-19 10:51:00,1.25,18194.0,United Kingdom
509350,90200C,BLUE SWEETHEART BRACELET,2,2010-05-21 13:28:00,4.25,18011.0,United Kingdom
509350,90160B,RED BOUDICCA LARGE BRACELET,2,2010-05-21 13:28:00,6.95,18011.0,United Kingdom
509350,90160A,PURPLE BOUDICCA LARGE BRACELET,2,2010-05-21 13:28:00,6.95,18011.0,United Kingdom
509350,90025E,BAROQUE BUTTERFLY EARRINGS MONTANA,1,2010-05-21 13:28:00,3.75,18011.0,United Kingdom
509350,90025D,BAROQUE BUTTERFLY EARRINGS PINK,1,2010-05-21 13:28:00,3.75,18011.0,United Kingdom
509350,90025C,BAROQUE BUTTERFLY EARRINGS GREEN,1,2010-05-21 13:28:00,3.75,18011.0,United Kingdom
509350,90161B,ANT COPPER TURQ BOUDICCA BRACELET,1,2010-05-21 13:28:00,4.95,18011.0,United Kingdom
509350,90028,NEW BAROQUE LARGE NECKLACE BLK/WHIT,1,2010-05-21 13:28:00,8.5,18011.0,United Kingdom
509350,90200E,GREEN SWEETHEART BRACELET,2,2010-05-21 13:28:00,4.25,18011.0,United Kingdom
509350,90161C,ANT COPPER LIME BOUDICCA BRACELET,2,2010-05-21 13:28:00,4.95,18011.0,United Kingdom
509350,90161D,ANT COPPER PINK BOUDICCA BRACELET,2,2010-05-21 13:28:00,4.95,18011.0,United Kingdom
509350,15044D,RED PAPER PARASOL,1,2010-05-21 13:28:00,2.95,18011.0,United Kingdom
509350,15044C,PURPLE PAPER PARASOL,1,2010-05-21 13:28:00,2.95,18011.0,United Kingdom
509350,15044B,BLUE PAPER PARASOL ,1,2010-05-21 13:28:00,2.95,18011.0,United Kingdom
509350,15044A,PINK PAPER PARASOL ,3,2010-05-21 13:28:00,2.95,18011.0,United Kingdom
509350,22606,WOODEN SKITTLES GARDEN SET,1,2010-05-21 13:28:00,15.95,18011.0,United Kingdom
509350,22411,JUMBO SHOPPER VINTAGE RED PAISLEY,2,2010-05-21 13:28:00,1.95,18011.0,United Kingdom
509350,85099B,JUMBO BAG RED RETROSPOT,4,2010-05-21 13:28:00,1.95,18011.0,United Kingdom
509350,20711,JUMBO BAG TOYS ,1,2010-05-21 13:28:00,1.95,18011.0,United Kingdom
509350,22607,WOODEN ROUNDERS GARDEN SET ,3,2010-05-21 13:28:00,8.5,18011.0,United Kingdom
509350,90147,CHUNKY SILVER NECKLACE PASTEL FLOWE,5,2010-05-21 13:28:00,9.95,18011.0,United Kingdom
509350,90199A,5 STRAND GLASS NECKLACE BLACK,1,2010-05-21 13:28:00,6.35,18011.0,United Kingdom
509350,90199B,5 STRAND GLASS NECKLACE AMETHYST,1,2010-05-21 13:28:00,6.35,18011.0,United Kingdom
509350,90060D,FIRE POLISHED GLASS NECKL BRONZE,1,2010-05-21 13:28:00,5.95,18011.0,United Kingdom
509350,90001D,ANTIQUE OLIVE GREEN FLOWER EARRINGS,1,2010-05-21 13:28:00,4.25,18011.0,United Kingdom
509350,90001A,ANTIQUE RASPBERRY FLOWER EARRINGS,1,2010-05-21 13:28:00,4.25,18011.0,United Kingdom
509350,90001B,ANTIQUE MID BLUE FLOWER EARRINGS,1,2010-05-21 13:28:00,4.25,18011.0,United Kingdom
509350,90000D,COPPER/OLIVE GREEN FLOWER NECKLACE,1,2010-05-21 13:28:00,5.95,18011.0,United Kingdom
509350,90000A,RASPBERRY ANT COPPER FLOWER NECKLAC,1,2010-05-21 13:28:00,5.95,18011.0,United Kingdom
509350,90203,SILVER CHARM NECKLACE 70CM,1,2010-05-21 13:28:00,7.5,18011.0,United Kingdom
509350,90000B,MIDNIGHT BLUE COPPER FLOWER NECKLAC,1,2010-05-21 13:28:00,5.95,18011.0,United Kingdom
509350,90028,NEW BAROQUE LARGE NECKLACE BLK/WHIT,1,2010-05-21 13:28:00,8.5,18011.0,United Kingdom
509350,90024C,NEW BAROQUE B'FLY NECKLACE GREEN,1,2010-05-21 13:28:00,8.5,18011.0,United Kingdom
509350,90024E,NEW BAROQUE B'FLY NECKLACE MONTANA,1,2010-05-21 13:28:00,8.5,18011.0,United Kingdom
509350,90024D,NEW BAROQUE B'FLY NECKLACE PINK,1,2010-05-21 13:28:00,8.5,18011.0,United Kingdom
509350,90160C,TURQ+RED BOUDICCA LARGE BRACELET,2,2010-05-21 13:28:00,6.95,18011.0,United Kingdom
509350,90161B,ANT COPPER TURQ BOUDICCA BRACELET,1,2010-05-21 13:28:00,4.95,18011.0,United Kingdom
C509691,21217,RED SPOTTY ROUND CAKE TINS,-1,2010-05-25 12:11:00,9.95,14680.0,United Kingdom
C509691,20712,JUMBO BAG WOODLAND ANIMALS,-1,2010-05-25 12:11:00,1.95,14680.0,United Kingdom
C509691,20726,LUNCH BAG WOODLAND,-1,2010-05-25 12:11:00,1.65,14680.0,United Kingdom
C509691,20725,LUNCH BAG RED SPOTTY,-1,2010-05-25 12:11:00,1.45,14680.0,United Kingdom
509738,21931,JUMBO STORAGE BAG SUKI,20,2010-05-25 12:42:00,1.95,14680.0,United Kingdom
509738,22383,LUNCH BAG SUKI  DESIGN ,30,2010-05-25 12:42:00,1.65,14680.0,United Kingdom
509738,20712,JUMBO BAG WOODLAND ANIMALS,20,2010-05-25 12:42:00,1.95,14680.0,United Kingdom
509738,21937,STRAWBERRY   PICNIC BAG,20,2010-05-25 12:42:00,2.95,14680.0,United Kingdom
509738,21936,RED RETROSPOT PICNIC BAG,20,2010-05-25 12:42:00,2.95,14680.0,United Kingdom
509738,22384,LUNCH BAG PINK RETROSPOT,30,2010-05-25 12:42:00,1.65,14680.0,United Kingdom
509738,20726,LUNCH BAG WOODLAND,50,2010-05-25 12:42:00,1.65,14680.0,United Kingdom
509738,20719,WOODLAND CHARLOTTE BAG,20,2010-05-25 12:42:00,0.85,14680.0,United Kingdom
509738,20724,RED SPOTTY CHARLOTTE BAG,20,2010-05-25 12:42:00,0.85,14680.0,United Kingdom
509738,47566B,TEA TIME PARTY BUNTING,10,2010-05-25 12:42:00,4.65,14680.0,United Kingdom
509738,47591D,PINK FAIRY CAKE CHILD'S APRON,3,2010-05-25 12:42:00,1.95,14680.0,United Kingdom
509738,47591C,BLUE FAIRY CAKE CHILD'S APRON,2,2010-05-25 12:42:00,1.95,14680.0,United Kingdom
509738,21156,RED SPOTTY CHILDS APRON,3,2010-05-25 12:42:00,1.95,14680.0,United Kingdom
509738,85152,HAND OVER THE CHOCOLATE   SIGN ,12,2010-05-25 12:42:00,2.1,14680.0,United Kingdom
509738,21175,GIN + TONIC DIET METAL SIGN,12,2010-05-25 12:42:00,2.1,14680.0,United Kingdom
509738,84997A,GREEN 3 PIECE MINI DOTS CUTLERY SET,10,2010-05-25 12:42:00,3.75,14680.0,United Kingdom
509738,22354,RETROSPOT PADDED SEAT CUSHION,5,2010-05-25 12:42:00,3.75,14680.0,United Kingdom
509738,84031A,CHARLIE+LOLA RED HOT WATER BOTTLE ,1,2010-05-25 12:42:00,4.65,14680.0,United Kingdom
509738,22352,LUNCH BOX WITH CUTLERY RETROSPOT ,6,2010-05-25 12:42:00,2.55,14680.0,United Kingdom
509738,20754,RETRO RED SPOTTY WASHING UP GLOVES,2,2010-05-25 12:42:00,2.1,14680.0,United Kingdom
509738,20725,LUNCH BAG RED SPOTTY,100,2010-05-25 12:42:00,1.45,14680.0,United Kingdom
509738,85123A,WHITE HANGING HEART T-LIGHT HOLDER,32,2010-05-25 12:42:00,2.55,14680.0,United Kingdom
509738,21035,SET/2 RED SPOTTY TEA TOWELS ,5,2010-05-25 12:42:00,2.95,14680.0,United Kingdom
509738,47556B,TEA TIME TEA TOWELS ,5,2010-05-25 12:42:00,2.95,14680.0,United Kingdom
509738,21533,RETRO SPOT LARGE MILK JUG,2,2010-05-25 12:42:00,4.95,14680.0,United Kingdom
509738,22326,ROUND SNACK BOXES SET OF4 WOODLAND ,3,2010-05-25 12:42:00,2.95,14680.0,United Kingdom
509738,21531,RED RETROSPOT SUGAR JAM BOWL,8,2010-05-25 12:42:00,2.55,14680.0,United Kingdom
509738,21535,RED RETROSPOT SMALL MILK JUG,5,2010-05-25 12:42:00,2.55,14680.0,United Kingdom
509738,21217,RED SPOTTY ROUND CAKE TINS,5,2010-05-25 12:42:00,9.95,14680.0,United Kingdom
509738,21218,RED SPOTTY BISCUIT TIN,6,2010-05-25 12:42:00,3.75,14680.0,United Kingdom
510155,21916,SET 12 RETRO WHITE CHALK STICKS,24,2010-05-27 13:26:00,0.42,14739.0,United Kingdom
510155,21186,WHITE DOVE HONEYCOMB PAPER GARLAND,48,2010-05-27 13:26:00,1.45,14739.0,United Kingdom
510155,22607,WOODEN ROUNDERS GARDEN SET ,12,2010-05-27 13:26:00,7.65,14739.0,United Kingdom
510155,22077,6 RIBBONS RUSTIC CHARM,12,2010-05-27 13:26:00,1.65,14739.0,United Kingdom
510155,85049B,LUSH GREENS RIBBONS,12,2010-05-27 13:26:00,1.25,14739.0,United Kingdom
510155,85049G,CHOCOLATE BOX RIBBONS ,12,2010-05-27 13:26:00,1.25,14739.0,United Kingdom
510155,85049C,ROMANTIC PINKS RIBBONS ,12,2010-05-27 13:26:00,1.25,14739.0,United Kingdom
510155,84077,WORLD WAR 2 GLIDERS ASSTD DESIGNS,288,2010-05-27 13:26:00,0.18,14739.0,United Kingdom
510155,22178,VICTORIAN GLASS HANGING T-LIGHT,96,2010-05-27 13:26:00,1.06,14739.0,United Kingdom
510155,21590,KINGS CHOICE CIGAR BOX MATCHES ,24,2010-05-27 13:26:00,1.25,14739.0,United Kingdom
510155,79067,CORONA MEXICAN TRAY,50,2010-05-27 13:26:00,2.95,14739.0,United Kingdom
C510206,79323W,WHITE CHERRY LIGHTS,-5,2010-05-28 07:58:00,6.75,13711.0,United Kingdom
C510206,79323B,BLACK CHERRY LIGHTS,-2,2010-05-28 07:58:00,6.75,13711.0,United Kingdom
C510515,20725,LUNCH BAG RED SPOTTY,-1,2010-06-01 12:56:00,1.45,14680.0,United Kingdom
C510515,47566B,TEA TIME PARTY BUNTING,-1,2010-06-01 12:56:00,4.65,14680.0,United Kingdom
C510515,20712,JUMBO BAG WOODLAND ANIMALS,-2,2010-06-01 12:56:00,1.95,14680.0,United Kingdom
C510515,84997C,BLUE 3 PIECE MINI DOTS CUTLERY SET,-1,2010-06-01 12:56:00,3.75,14680.0,United Kingdom
C510515,37446,MINI CAKE STAND WITH HANGING CAKES,-1,2010-06-01 12:56:00,1.25,14680.0,United Kingdom
510516,20718,RED SPOTTY SHOPPER BAG,3,2010-06-01 13:15:00,1.25,14680.0,United Kingdom
510516,21930,JUMBO STORAGE BAG SKULLS,20,2010-06-01 13:15:00,1.95,14680.0,United Kingdom
510516,20724,RED SPOTTY CHARLOTTE BAG,10,2010-06-01 13:15:00,0.85,14680.0,United Kingdom
510516,20719,WOODLAND CHARLOTTE BAG,10,2010-06-01 13:15:00,0.85,14680.0,United Kingdom
510516,22355,CHARLOTTE BAG SUKI DESIGN,10,2010-06-01 13:15:00,0.85,14680.0,United Kingdom
510516,20754,RETRO RED SPOTTY WASHING UP GLOVES,3,2010-06-01 13:15:00,2.1,14680.0,United Kingdom
510516,21844,RED RETROSPOT MUG,2,2010-06-01 13:15:00,2.95,14680.0,United Kingdom
510516,22326,ROUND SNACK BOXES SET OF4 WOODLAND ,4,2010-06-01 13:15:00,2.95,14680.0,United Kingdom
510516,84997D,PINK 3 PIECE MINI DOTS CUTLERY SET,2,2010-06-01 13:15:00,3.75,14680.0,United Kingdom
510516,21535,RED RETROSPOT SMALL MILK JUG,3,2010-06-01 13:15:00,2.55,14680.0,United Kingdom
510516,84997A,GREEN 3 PIECE MINI DOTS CUTLERY SET,4,2010-06-01 13:15:00,3.75,14680.0,United Kingdom
510516,84997C,BLUE 3 PIECE MINI DOTS CUTLERY SET,4,2010-06-01 13:15:00,3.75,14680.0,United Kingdom
510516,84032A,CHARLIE+LOLA PINK HOT WATER BOTTLE,3,2010-06-01 13:15:00,2.95,14680.0,United Kingdom
510516,20728,LUNCH BAG CARS BLUE,20,2010-06-01 13:15:00,1.65,14680.0,United Kingdom
510516,21559,STRAWBERRY LUNCH BOX WITH CUTLERY,4,2010-06-01 13:15:00,2.55,14680.0,United Kingdom
510516,22072,RED RETROSPOT TEA CUP AND SAUCER ,3,2010-06-01 13:15:00,3.75,14680.0,United Kingdom
510516,22073,RED RETROSPOT STORAGE JAR,2,2010-06-01 13:15:00,3.75,14680.0,United Kingdom
510516,21533,RETRO SPOT LARGE MILK JUG,3,2010-06-01 13:15:00,4.95,14680.0,United Kingdom
510516,21035,SET/2 RED SPOTTY TEA TOWELS ,5,2010-06-01 13:15:00,2.95,14680.0,United Kingdom
510516,37503,TEA TIME CAKE STAND IN GIFT BOX,3,2010-06-01 13:15:00,10.75,14680.0,United Kingdom
510680,21714,CITRONELLA CANDLE GARDEN POT,72,2010-06-03 08:51:00,0.65,14739.0,United Kingdom
510680,21186,WHITE DOVE HONEYCOMB PAPER GARLAND,48,2010-06-03 08:51:00,1.45,14739.0,United Kingdom
510680,20983,12 PENCILS TALL TUBE RED SPOTTY,12,2010-06-03 08:51:00,0.85,14739.0,United Kingdom
511082,21684,SMALL MEDINA STAMPED METAL BOWL ,12,2010-06-06 14:10:00,0.85,13056.0,United Kingdom
511082,85066,CREAM SWEETHEART MINI CHEST,1,2010-06-06 14:10:00,12.75,13056.0,United Kingdom
511082,84970S,HANGING HEART ZINC T-LIGHT HOLDER,24,2010-06-06 14:10:00,0.85,13056.0,United Kingdom
511082,84836,ZINC METAL HEART DECORATION,12,2010-06-06 14:10:00,1.25,13056.0,United Kingdom
511082,84970S,HANGING HEART ZINC T-LIGHT HOLDER,12,2010-06-06 14:10:00,0.85,13056.0,United Kingdom
511082,21754,HOME BUILDING BLOCK WORD,1,2010-06-06 14:10:00,5.95,13056.0,United Kingdom
511082,47566,PARTY BUNTING,1,2010-06-06 14:10:00,4.65,13056.0,United Kingdom
511082,22622,BOX OF VINTAGE ALPHABET BLOCKS,1,2010-06-06 14:10:00,9.95,13056.0,United Kingdom
511082,47574B,ENGLISH ROSE SCENTED HANGING HEART,1,2010-06-06 14:10:00,4.25,13056.0,United Kingdom
511082,22030,SWALLOWS GREETING CARD,24,2010-06-06 14:10:00,0.42,13056.0,United Kingdom
511082,22470,HEART OF WICKER LARGE,2,2010-06-06 14:10:00,2.95,13056.0,United Kingdom
511082,85063,CREAM SWEETHEART MAGAZINE RACK,1,2010-06-06 14:10:00,16.95,13056.0,United Kingdom
511082,22427,ENAMEL FLOWER JUG CREAM,1,2010-06-06 14:10:00,5.95,13056.0,United Kingdom
511082,22488,NATURAL SLATE RECTANGLE CHALKBOARD,4,2010-06-06 14:10:00,1.65,13056.0,United Kingdom
511082,21497,FANCY FONTS BIRTHDAY WRAP,50,2010-06-06 14:10:00,0.42,13056.0,United Kingdom
511082,20692,FLORAL ELEPHANT SOFT TOY,1,2010-06-06 14:10:00,4.25,13056.0,United Kingdom
511082,85123A,WHITE HANGING HEART T-LIGHT HOLDER,6,2010-06-06 14:10:00,2.95,13056.0,United Kingdom
511082,90199C,5 STRAND GLASS NECKLACE CRYSTAL,2,2010-06-06 14:10:00,6.35,13056.0,United Kingdom
511082,90203,SILVER CHARM NECKLACE 70CM,2,2010-06-06 14:10:00,7.5,13056.0,United Kingdom
511433,22470,HEART OF WICKER LARGE,6,2010-06-08 11:49:00,2.95,17706.0,United Kingdom
511433,22172,METAL SHELF WITH RAIL ,2,2010-06-08 11:49:00,8.5,17706.0,United Kingdom
511433,22219,LOVEBIRD HANGING DECORATION WHITE ,12,2010-06-08 11:49:00,0.85,17706.0,United Kingdom
511433,21390,FILIGRIS HEART WITH BUTTERFLY,24,2010-06-08 11:49:00,1.25,17706.0,United Kingdom
511433,22295,HEART FILIGREE DOVE LARGE,12,2010-06-08 11:49:00,1.65,17706.0,United Kingdom
511433,22294,HEART FILIGREE DOVE  SMALL,24,2010-06-08 11:49:00,1.25,17706.0,United Kingdom
511433,22090,PAPER BUNTING RETRO SPOTS,6,2010-06-08 11:49:00,2.95,17706.0,United Kingdom
511433,22087,PAPER BUNTING WHITE LACE,6,2010-06-08 11:49:00,2.95,17706.0,United Kingdom
511433,79321,CHILLI LIGHTS,4,2010-06-08 11:49:00,4.95,17706.0,United Kingdom
511433,22382,LUNCH BAG SPACEBOY DESIGN ,10,2010-06-08 11:49:00,1.65,17706.0,United Kingdom
511433,21506,"FANCY FONT BIRTHDAY CARD, ",12,2010-06-08 11:49:00,0.42,17706.0,United Kingdom
511433,16161P,WRAP ENGLISH ROSE ,25,2010-06-08 11:49:00,0.42,17706.0,United Kingdom
511433,22383,LUNCH BAG SUKI  DESIGN ,10,2010-06-08 11:49:00,1.65,17706.0,United Kingdom
511433,20725,LUNCH BAG RED SPOTTY,10,2010-06-08 11:49:00,1.65,17706.0,United Kingdom
511433,85014A,BLACK/BLUE DOTS RUFFLED UMBRELLA,3,2010-06-08 11:49:00,5.95,17706.0,United Kingdom
511433,85014B,RED/WHITE DOTS RUFFLED UMBRELLA,3,2010-06-08 11:49:00,5.95,17706.0,United Kingdom
511433,22423,REGENCY CAKESTAND 3 TIER,2,2010-06-08 11:49:00,12.75,17706.0,United Kingdom
511433,47566,PARTY BUNTING,10,2010-06-08 11:49:00,4.65,17706.0,United Kingdom
511433,47568,ENGLISH ROSE DESIGN PEG BAG,6,2010-06-08 11:49:00,2.1,17706.0,United Kingdom
511433,82600,NO SINGING METAL SIGN,12,2010-06-08 11:49:00,2.1,17706.0,United Kingdom
511433,84970S,HANGING HEART ZINC T-LIGHT HOLDER,12,2010-06-08 11:49:00,0.85,17706.0,United Kingdom
511433,21673,WHITE SPOT BLUE CERAMIC DRAWER KNOB,12,2010-06-08 11:49:00,1.25,17706.0,United Kingdom
511433,21672,WHITE SPOT RED CERAMIC DRAWER KNOB,12,2010-06-08 11:49:00,1.25,17706.0,United Kingdom
511433,21671,RED SPOT CERAMIC DRAWER KNOB,12,2010-06-08 11:49:00,1.25,17706.0,United Kingdom
511433,21670,BLUE SPOT CERAMIC DRAWER KNOB,12,2010-06-08 11:49:00,1.25,17706.0,United Kingdom
511433,21669,BLUE STRIPE CERAMIC DRAWER KNOB,12,2010-06-08 11:49:00,1.25,17706.0,United Kingdom
511433,21668,RED STRIPE CERAMIC DRAWER KNOB,12,2010-06-08 11:49:00,1.25,17706.0,United Kingdom
511612,22355,CHARLOTTE BAG SUKI DESIGN,100,2010-06-09 11:44:00,0.72,14680.0,United Kingdom
511612,20719,WOODLAND CHARLOTTE BAG,10,2010-06-09 11:44:00,0.85,14680.0,United Kingdom
511612,84997A,GREEN 3 PIECE MINI DOTS CUTLERY SET,5,2010-06-09 11:44:00,3.75,14680.0,United Kingdom
511612,84997C,BLUE 3 PIECE MINI DOTS CUTLERY SET,3,2010-06-09 11:44:00,3.75,14680.0,United Kingdom
511612,22384,LUNCH BAG PINK RETROSPOT,30,2010-06-09 11:44:00,1.65,14680.0,United Kingdom
511612,20712,JUMBO BAG WOODLAND ANIMALS,20,2010-06-09 11:44:00,1.95,14680.0,United Kingdom
511612,20713,JUMBO BAG OWLS,10,2010-06-09 11:44:00,1.95,14680.0,United Kingdom
511612,85099C,JUMBO  BAG BAROQUE BLACK WHITE,10,2010-06-09 11:44:00,1.95,14680.0,United Kingdom
511612,21216,"SET 3 RED SPOT TIN TEA,COFFEE,SUGAR",2,2010-06-09 11:44:00,4.95,14680.0,United Kingdom
511612,20718,RED SPOTTY SHOPPER BAG,2,2010-06-09 11:44:00,1.25,14680.0,United Kingdom
511612,20726,LUNCH BAG WOODLAND,20,2010-06-09 11:44:00,1.65,14680.0,United Kingdom
511612,85099B,JUMBO BAG RED RETROSPOT,50,2010-06-09 11:44:00,1.95,14680.0,United Kingdom
511612,47591C,BLUE FAIRY CAKE CHILD'S APRON,3,2010-06-09 11:44:00,1.95,14680.0,United Kingdom
511612,47591D,PINK FAIRY CAKE CHILD'S APRON,3,2010-06-09 11:44:00,1.95,14680.0,United Kingdom
511612,21231,SWEETHEART CERAMIC TRINKET BOX,9,2010-06-09 11:44:00,1.25,14680.0,United Kingdom
511612,21232,STRAWBERRY CERAMIC TRINKET BOX,25,2010-06-09 11:44:00,1.25,14680.0,United Kingdom
C511813,79323B,BLACK CHERRY LIGHTS,-3,2010-06-10 15:51:00,6.75,17706.0,United Kingdom
C511813,79323LP,LIGHT PINK CHERRY LIGHTS,-6,2010-06-10 15:51:00,6.75,17706.0,United Kingdom
C511813,79341,WILLOW BRANCH LIGHTS.,-16,2010-06-10 15:51:00,6.75,17706.0,United Kingdom
C511813,79323G,GOLD  CHERRY LIGHTS,-14,2010-06-10 15:51:00,6.75,17706.0,United Kingdom
C511813,79323S,SILVER CHERRY LIGHTS,-29,2010-06-10 15:51:00,6.75,17706.0,United Kingdom
C511813,79323W,WHITE CHERRY LIGHTS,-14,2010-06-10 15:51:00,6.75,17706.0,United Kingdom
C511813,79323GR,GREEN CHERRY LIGHTS,-13,2010-06-10 15:51:00,6.75,17706.0,United Kingdom
512568,47590B,PINK HAPPY BIRTHDAY BUNTING,50,2010-06-16 14:47:00,4.65,18194.0,United Kingdom
512568,37450,CERAMIC CAKE BOWL + HANGING CAKES,36,2010-06-16 14:47:00,2.55,18194.0,United Kingdom
512568,37449,CERAMIC CAKE STAND + HANGING CAKES,16,2010-06-16 14:47:00,8.5,18194.0,United Kingdom
512568,21231,SWEETHEART CERAMIC TRINKET BOX,144,2010-06-16 14:47:00,1.06,18194.0,United Kingdom
512568,21232,STRAWBERRY CERAMIC TRINKET BOX,144,2010-06-16 14:47:00,1.06,18194.0,United Kingdom
512568,22063,CERAMIC BOWL WITH STRAWBERRY DESIGN,36,2010-06-16 14:47:00,2.55,18194.0,United Kingdom
512568,22061,LARGE CAKE STAND  HANGING STRAWBERY,24,2010-06-16 14:47:00,8.5,18194.0,United Kingdom
513072,20726,LUNCH BAG WOODLAND,4,2010-06-21 14:19:00,1.65,17137.0,United Kingdom
513072,20725,LUNCH BAG RED SPOTTY,4,2010-06-21 14:19:00,1.65,17137.0,United Kingdom
513072,21755,LOVE BUILDING BLOCK WORD,1,2010-06-21 14:19:00,5.95,17137.0,United Kingdom
513072,20728,LUNCH BAG CARS BLUE,4,2010-06-21 14:19:00,1.65,17137.0,United Kingdom
513072,22384,LUNCH BAG PINK RETROSPOT,4,2010-06-21 14:19:00,1.65,17137.0,United Kingdom
513072,21390,FILIGRIS HEART WITH BUTTERFLY,5,2010-06-21 14:19:00,1.25,17137.0,United Kingdom
513072,21524,DOOR MAT SPOTTY HOME SWEET HOME,1,2010-06-21 14:19:00,7.49,17137.0,United Kingdom
513072,22250,DECORATION  BUTTERFLY  MAGIC GARDEN,2,2010-06-21 14:19:00,0.85,17137.0,United Kingdom
513072,84879,ASSORTED COLOUR BIRD ORNAMENT,8,2010-06-21 14:19:00,1.69,17137.0,United Kingdom
513072,21134,VICTORIAN METAL POSTCARD CHRISTMAS,6,2010-06-21 14:19:00,1.65,17137.0,United Kingdom
513072,22082,RIBBON REEL STRIPES DESIGN ,5,2010-06-21 14:19:00,1.65,17137.0,United Kingdom
513072,85123A,WHITE HANGING HEART T-LIGHT HOLDER,2,2010-06-21 14:19:00,2.95,17137.0,United Kingdom
513072,22296,HEART IVORY TRELLIS LARGE,4,2010-06-21 14:19:00,1.65,17137.0,United Kingdom
513072,22295,HEART FILIGREE DOVE LARGE,4,2010-06-21 14:19:00,1.65,17137.0,United Kingdom
513072,22250,DECORATION  BUTTERFLY  MAGIC GARDEN,2,2010-06-21 14:19:00,0.85,17137.0,United Kingdom
513072,85152,HAND OVER THE CHOCOLATE   SIGN ,1,2010-06-21 14:19:00,2.1,17137.0,United Kingdom
513072,21908,CHOCOLATE THIS WAY METAL SIGN,2,2010-06-21 14:19:00,2.1,17137.0,United Kingdom
513072,21174,POTTERING IN THE SHED METAL SIGN,4,2010-06-21 14:19:00,1.95,17137.0,United Kingdom
513194,85099B,JUMBO BAG RED RETROSPOT,100,2010-06-22 14:45:00,1.65,14680.0,United Kingdom
513194,20728,LUNCH BAG CARS BLUE,20,2010-06-22 14:45:00,1.65,14680.0,United Kingdom
513194,84997B,RED 3 PIECE MINI DOTS CUTLERY SET,12,2010-06-22 14:45:00,3.75,14680.0,United Kingdom
513194,84997A,GREEN 3 PIECE MINI DOTS CUTLERY SET,12,2010-06-22 14:45:00,3.75,14680.0,United Kingdom
513194,84997C,BLUE 3 PIECE MINI DOTS CUTLERY SET,12,2010-06-22 14:45:00,3.75,14680.0,United Kingdom
513194,84997D,PINK 3 PIECE MINI DOTS CUTLERY SET,12,2010-06-22 14:45:00,3.75,14680.0,United Kingdom
513194,20726,LUNCH BAG WOODLAND,20,2010-06-22 14:45:00,1.65,14680.0,United Kingdom
513194,21937,STRAWBERRY   PICNIC BAG,20,2010-06-22 14:45:00,2.95,14680.0,United Kingdom
513194,20724,RED SPOTTY CHARLOTTE BAG,10,2010-06-22 14:45:00,0.85,14680.0,United Kingdom
513194,20719,WOODLAND CHARLOTTE BAG,10,2010-06-22 14:45:00,0.85,14680.0,United Kingdom
513194,20727,LUNCH BAG  BLACK SKULL.,20,2010-06-22 14:45:00,1.65,14680.0,United Kingdom
513194,22352,LUNCH BOX WITH CUTLERY RETROSPOT ,6,2010-06-22 14:45:00,2.55,14680.0,United Kingdom
513194,47556B,TEA TIME TEA TOWELS ,5,2010-06-22 14:45:00,2.95,14680.0,United Kingdom
513194,21035,SET/2 RED SPOTTY TEA TOWELS ,5,2010-06-22 14:45:00,2.95,14680.0,United Kingdom
513636,21681,GIANT MEDINA STAMPED METAL BOWL ,1,2010-06-27 13:43:00,9.95,17905.0,United Kingdom
513636,21682,LARGE MEDINA STAMPED METAL BOWL ,1,2010-06-27 13:43:00,4.95,17905.0,United Kingdom
513636,21683,MEDIUM MEDINA STAMPED METAL BOWL ,6,2010-06-27 13:43:00,2.95,17905.0,United Kingdom
513636,21684,SMALL MEDINA STAMPED METAL BOWL ,12,2010-06-27 13:43:00,0.85,17905.0,United Kingdom
513636,21034,REX CASH+CARRY JUMBO SHOPPER,1,2010-06-27 13:43:00,0.95,17905.0,United Kingdom
513636,22423,REGENCY CAKESTAND 3 TIER,4,2010-06-27 13:43:00,12.75,17905.0,United Kingdom
513636,46000P,POLYESTER FILLER PAD 65CMx65CM,4,2010-06-27 13:43:00,4.25,17905.0,United Kingdom
513636,46000M,POLYESTER FILLER PAD 45x45cm,6,2010-06-27 13:43:00,1.55,17905.0,United Kingdom
514639,85099B,JUMBO BAG RED RETROSPOT,100,2010-07-05 12:38:00,1.65,14680.0,United Kingdom
514639,22355,CHARLOTTE BAG SUKI DESIGN,100,2010-07-05 12:38:00,0.72,14680.0,United Kingdom
514639,21733,RED HANGING HEART T-LIGHT HOLDER,32,2010-07-05 12:38:00,2.55,14680.0,United Kingdom
514639,85123A,WHITE HANGING HEART T-LIGHT HOLDER,32,2010-07-05 12:38:00,2.55,14680.0,United Kingdom
514639,21231,SWEETHEART CERAMIC TRINKET BOX,24,2010-07-05 12:38:00,1.25,14680.0,United Kingdom
514639,21232,STRAWBERRY CERAMIC TRINKET BOX,21,2010-07-05 12:38:00,1.25,14680.0,United Kingdom
514639,21937,STRAWBERRY   PICNIC BAG,10,2010-07-05 12:38:00,2.95,14680.0,United Kingdom
514639,20718,RED SPOTTY SHOPPER BAG,10,2010-07-05 12:38:00,1.25,14680.0,United Kingdom
514639,20713,JUMBO BAG OWLS,10,2010-07-05 12:38:00,1.95,14680.0,United Kingdom
514639,22649,STRAWBERRY FAIRY CAKE TEAPOT,5,2010-07-05 12:38:00,4.95,14680.0,United Kingdom
514639,85099C,JUMBO  BAG BAROQUE BLACK WHITE,20,2010-07-05 12:38:00,1.95,14680.0,United Kingdom
514639,22326,ROUND SNACK BOXES SET OF4 WOODLAND ,6,2010-07-05 12:38:00,2.95,14680.0,United Kingdom
514639,47559B,TEA TIME OVEN GLOVE,3,2010-07-05 12:38:00,1.25,14680.0,United Kingdom
514639,22327,ROUND SNACK BOXES SET OF 4 SKULLS,3,2010-07-05 12:38:00,2.95,14680.0,United Kingdom
514639,20676,RED SPOTTY BOWL,8,2010-07-05 12:38:00,1.25,14680.0,United Kingdom
514989,22624,IVORY KITCHEN SCALES,2,2010-07-07 14:07:00,8.5,17706.0,United Kingdom
514989,22353,LUNCH BOX WITH CUTLERY FAIRY CAKES ,6,2010-07-07 14:07:00,2.55,17706.0,United Kingdom
514989,22352,LUNCH BOX WITH CUTLERY RETROSPOT ,6,2010-07-07 14:07:00,2.55,17706.0,United Kingdom
514989,21745,GAOLERS KEYS DECORATIVE GARDEN ,4,2010-07-07 14:07:00,3.75,17706.0,United Kingdom
514989,47568,ENGLISH ROSE DESIGN PEG BAG,6,2010-07-07 14:07:00,2.1,17706.0,United Kingdom
514989,21755,LOVE BUILDING BLOCK WORD,3,2010-07-07 14:07:00,5.95,17706.0,United Kingdom
514989,21558,SKULL LUNCH BOX WITH CUTLERY ,6,2010-07-07 14:07:00,2.55,17706.0,United Kingdom
514989,16161U,WRAP SUKI AND FRIENDS,25,2010-07-07 14:07:00,0.42,17706.0,United Kingdom
514989,22046,TEA PARTY  WRAPPING PAPER ,25,2010-07-07 14:07:00,0.42,17706.0,United Kingdom
514989,16156S,WRAP PINK FAIRY CAKES ,25,2010-07-07 14:07:00,0.42,17706.0,United Kingdom
514989,21497,FANCY FONTS BIRTHDAY WRAP,25,2010-07-07 14:07:00,0.42,17706.0,United Kingdom
514989,16161P,WRAP ENGLISH ROSE ,25,2010-07-07 14:07:00,0.42,17706.0,United Kingdom
514989,21500,PINK SPOTS  WRAP ,25,2010-07-07 14:07:00,0.42,17706.0,United Kingdom
514989,21499,BLUE SPOTS  WRAP,25,2010-07-07 14:07:00,0.42,17706.0,United Kingdom
514989,21498,RED SPOTS  WRAP ,25,2010-07-07 14:07:00,0.42,17706.0,United Kingdom
514989,22384,LUNCH BAG PINK RETROSPOT,10,2010-07-07 14:07:00,1.65,17706.0,United Kingdom
514989,22051,BLUE SCANDINAVIAN PAISLEY WRAP,25,2010-07-07 14:07:00,0.42,17706.0,United Kingdom
514989,22050,PINK PAISLEY ROSE GIFT WRAP,25,2010-07-07 14:07:00,0.42,17706.0,United Kingdom
514989,22558,CLOTHES PEGS RETROSPOT PACK 24 ,12,2010-07-07 14:07:00,1.25,17706.0,United Kingdom
514990,22173,METAL 4 HOOK HANGER FRENCH CHATEAU,8,2010-07-07 14:10:00,2.95,17706.0,United Kingdom
515530,85099B,JUMBO BAG RED RETROSPOT,100,2010-07-13 12:07:00,1.65,14680.0,United Kingdom
515530,20725,LUNCH BAG RED SPOTTY,100,2010-07-13 12:07:00,1.45,14680.0,United Kingdom
515530,21430,SET/3 RED GINGHAM ROSE STORAGE BOX,4,2010-07-13 12:07:00,3.75,14680.0,United Kingdom
515530,85123A,WHITE HANGING HEART T-LIGHT HOLDER,32,2010-07-13 12:07:00,2.55,14680.0,United Kingdom
515530,20615,BLUE SPOTTY PASSPORT COVER,1,2010-07-13 12:07:00,2.1,14680.0,United Kingdom
515530,21936,RED RETROSPOT PICNIC BAG,10,2010-07-13 12:07:00,2.95,14680.0,United Kingdom
515530,22628,PICNIC BOXES SET OF 3 RETROSPOT ,4,2010-07-13 12:07:00,4.95,14680.0,United Kingdom
515530,21035,SET/2 RED SPOTTY TEA TOWELS ,6,2010-07-13 12:07:00,2.95,14680.0,United Kingdom
515530,21937,STRAWBERRY   PICNIC BAG,30,2010-07-13 12:07:00,2.95,14680.0,United Kingdom
515530,21930,JUMBO STORAGE BAG SKULLS,20,2010-07-13 12:07:00,1.95,14680.0,United Kingdom
515530,22383,LUNCH BAG SUKI  DESIGN ,20,2010-07-13 12:07:00,1.65,14680.0,United Kingdom
515530,20727,LUNCH BAG  BLACK SKULL.,20,2010-07-13 12:07:00,1.65,14680.0,United Kingdom
515530,22384,LUNCH BAG PINK RETROSPOT,30,2010-07-13 12:07:00,1.65,14680.0,United Kingdom
515530,21558,SKULL LUNCH BOX WITH CUTLERY ,6,2010-07-13 12:07:00,2.55,14680.0,United Kingdom
515530,51020A,SUMMER FUN DESIGN SHOWER CAP,1,2010-07-13 12:07:00,1.25,14680.0,United Kingdom
515530,21217,RED SPOTTY ROUND CAKE TINS,2,2010-07-13 12:07:00,9.95,14680.0,United Kingdom
515530,22326,ROUND SNACK BOXES SET OF4 WOODLAND ,6,2010-07-13 12:07:00,2.95,14680.0,United Kingdom
515530,22356,CHARLOTTE BAG PINK WITH WHITE SPOTS,10,2010-07-13 12:07:00,0.85,14680.0,United Kingdom
515530,20724,RED SPOTTY CHARLOTTE BAG,10,2010-07-13 12:07:00,0.85,14680.0,United Kingdom
515530,20719,WOODLAND CHARLOTTE BAG,10,2010-07-13 12:07:00,0.85,14680.0,United Kingdom
515530,21559,STRAWBERRY LUNCH BOX WITH CUTLERY,3,2010-07-13 12:07:00,2.55,14680.0,United Kingdom
515530,22327,ROUND SNACK BOXES SET OF 4 SKULLS,5,2010-07-13 12:07:00,2.95,14680.0,United Kingdom
515530,22353,LUNCH BOX WITH CUTLERY FAIRY CAKES ,3,2010-07-13 12:07:00,2.55,14680.0,United Kingdom
515530,22329,ROUND CONTAINER SET OF 5 RETROSPOT,1,2010-07-13 12:07:00,1.65,14680.0,United Kingdom
515530,84519B,CARROT CHARLIE+LOLA COASTER SET,3,2010-07-13 12:07:00,2.95,14680.0,United Kingdom
516079,22691,DOORMAT WELCOME SUNRISE,2,2010-07-16 11:56:00,7.49,14739.0,United Kingdom
516079,22666,RECIPE BOX PANTRY YELLOW DESIGN,6,2010-07-16 11:56:00,2.95,14739.0,United Kingdom
516079,21704,BAG 250g SWIRLY MARBLES,72,2010-07-16 11:56:00,0.72,14739.0,United Kingdom
516079,20981,12 PENCILS TALL TUBE WOODLAND,12,2010-07-16 11:56:00,0.85,14739.0,United Kingdom
516079,20983,12 PENCILS TALL TUBE RED SPOTTY,12,2010-07-16 11:56:00,0.85,14739.0,United Kingdom
516331,72741,GRAND CHOCOLATECANDLE,18,2010-07-19 16:16:00,1.45,17470.0,United Kingdom
516331,21380,WOODEN HAPPY BIRTHDAY GARLAND,6,2010-07-19 16:16:00,2.95,17470.0,United Kingdom
516331,84970S,HANGING HEART ZINC T-LIGHT HOLDER,12,2010-07-19 16:16:00,0.85,17470.0,United Kingdom
516331,22646,CERAMIC STRAWBERRY CAKE MONEY BANK,12,2010-07-19 16:16:00,1.45,17470.0,United Kingdom
516331,22178,VICTORIAN GLASS HANGING T-LIGHT,12,2010-07-19 16:16:00,1.25,17470.0,United Kingdom
516331,84755,COLOUR GLASS T-LIGHT HOLDER HANGING,16,2010-07-19 16:16:00,0.65,17470.0,United Kingdom
516331,20727,LUNCH BAG  BLACK SKULL.,10,2010-07-19 16:16:00,1.65,17470.0,United Kingdom
516331,20725,LUNCH BAG RED SPOTTY,10,2010-07-19 16:16:00,1.65,17470.0,United Kingdom
516331,82613D,METAL SIGN CUPCAKE SINGLE HOOK,8,2010-07-19 16:16:00,1.25,17470.0,United Kingdom
516331,82613B,"METAL SIGN,CUPCAKE SINGLE HOOK",8,2010-07-19 16:16:00,1.25,17470.0,United Kingdom
516331,21232,STRAWBERRY CERAMIC TRINKET BOX,12,2010-07-19 16:16:00,1.25,17470.0,United Kingdom
516331,22508,DOORSTOP RETROSPOT HEART,4,2010-07-19 16:16:00,3.75,17470.0,United Kingdom
516331,21917,SET 12 KIDS  WHITE CHALK STICKS,24,2010-07-19 16:16:00,0.42,17470.0,United Kingdom
516331,21918,SET 12 KIDS COLOUR  CHALK STICKS,24,2010-07-19 16:16:00,0.42,17470.0,United Kingdom
516331,21704,BAG 250g SWIRLY MARBLES,12,2010-07-19 16:16:00,0.85,17470.0,United Kingdom
516331,22457,NATURAL SLATE HEART CHALKBOARD ,6,2010-07-19 16:16:00,2.95,17470.0,United Kingdom
516331,22055,MINI CAKE STAND  HANGING STRAWBERY,8,2010-07-19 16:16:00,1.65,17470.0,United Kingdom
516331,21892,TRADITIONAL WOODEN CATCH CUP GAME ,12,2010-07-19 16:16:00,1.25,17470.0,United Kingdom
516331,22620,4 TRADITIONAL SPINNING TOPS,12,2010-07-19 16:16:00,1.25,17470.0,United Kingdom
516331,37450,CERAMIC CAKE BOWL + HANGING CAKES,18,2010-07-19 16:16:00,2.55,17470.0,United Kingdom
C516882,22666,RECIPE BOX PANTRY YELLOW DESIGN,-3,2010-07-23 14:10:00,2.95,14739.0,United Kingdom
516890,22304,COFFEE MUG BLUE PAISLEY DESIGN,6,2010-07-23 14:38:00,2.55,13900.0,United Kingdom
516890,82578,KITCHEN METAL SIGN,12,2010-07-23 14:38:00,0.55,13900.0,United Kingdom
516890,82581,TOILET METAL SIGN,12,2010-07-23 14:38:00,0.55,13900.0,United Kingdom
516890,82580,BATHROOM METAL SIGN,12,2010-07-23 14:38:00,0.55,13900.0,United Kingdom
516890,21770,OPEN CLOSED METAL SIGN,2,2010-07-23 14:38:00,4.95,13900.0,United Kingdom
516890,71459,HANGING JAM JAR T-LIGHT HOLDER,12,2010-07-23 14:38:00,0.85,13900.0,United Kingdom
516890,85123A,WHITE HANGING HEART T-LIGHT HOLDER,6,2010-07-23 14:38:00,2.95,13900.0,United Kingdom
516890,20886,BOX OF 9 PEBBLE CANDLES,6,2010-07-23 14:38:00,1.95,13900.0,United Kingdom
516890,22212,FOUR HOOK  WHITE LOVEBIRDS,6,2010-07-23 14:38:00,2.1,13900.0,United Kingdom
516890,84879,ASSORTED COLOUR BIRD ORNAMENT,8,2010-07-23 14:38:00,1.69,13900.0,United Kingdom
516890,21269,ANTIQUE CREAM CUTLERY SHELF ,2,2010-07-23 14:38:00,8.5,13900.0,United Kingdom
516890,21754,HOME BUILDING BLOCK WORD,3,2010-07-23 14:38:00,5.95,13900.0,United Kingdom
516890,21068,VINTAGE BILLBOARD LOVE/HATE MUG,12,2010-07-23 14:38:00,1.25,13900.0,United Kingdom
516890,22073,RED RETROSPOT STORAGE JAR,4,2010-07-23 14:38:00,3.75,13900.0,United Kingdom
516890,22305,COFFEE MUG PINK PAISLEY DESIGN,6,2010-07-23 14:38:00,2.55,13900.0,United Kingdom
516890,22303,COFFEE MUG APPLES DESIGN,6,2010-07-23 14:38:00,2.55,13900.0,United Kingdom
516890,22302,COFFEE MUG PEARS  DESIGN,6,2010-07-23 14:38:00,2.55,13900.0,United Kingdom
516890,22301,COFFEE MUG CAT + BIRD DESIGN,6,2010-07-23 14:38:00,2.55,13900.0,United Kingdom
516890,22300,COFFEE MUG DOG + BALL DESIGN,6,2010-07-23 14:38:00,2.55,13900.0,United Kingdom
516890,22450,SILK PURSE RUSSIAN DOLL BLUE,6,2010-07-23 14:38:00,3.35,13900.0,United Kingdom
516890,22349,DOG BOWL CHASING BALL DESIGN,6,2010-07-23 14:38:00,3.75,13900.0,United Kingdom
516890,21407,BROWN CHECK CAT DOORSTOP ,3,2010-07-23 14:38:00,4.25,13900.0,United Kingdom
516890,22178,VICTORIAN GLASS HANGING T-LIGHT,12,2010-07-23 14:38:00,1.25,13900.0,United Kingdom
517078,21278,VINTAGE KITCHEN PRINT PUDDINGS,1,2010-07-26 14:17:00,2.55,16254.0,United Kingdom
517078,85123A,WHITE HANGING HEART T-LIGHT HOLDER,6,2010-07-26 14:17:00,2.95,16254.0,United Kingdom
517078,21580,RABBIT  DESIGN  COTTON TOTE BAG,1,2010-07-26 14:17:00,2.25,16254.0,United Kingdom
517078,21758,VINTAGE SHELLS PRINT,2,2010-07-26 14:17:00,6.45,16254.0,United Kingdom
517078,85099B,JUMBO BAG RED RETROSPOT,6,2010-07-26 14:17:00,1.95,16254.0,United Kingdom
517078,20685,DOORMAT RED SPOT,2,2010-07-26 14:17:00,7.49,16254.0,United Kingdom
517078,48173C,DOORMAT BLACK FLOCK ,2,2010-07-26 14:17:00,7.49,16254.0,United Kingdom
517078,21658,GLASS  BEURRE DISH,2,2010-07-26 14:17:00,3.95,16254.0,United Kingdom
517078,21795,SET OF 3 BLUE STRIPE BASKET,1,2010-07-26 14:17:00,12.75,16254.0,United Kingdom
517078,22474,SPACEBOY TV DINNER TRAY,1,2010-07-26 14:17:00,4.95,16254.0,United Kingdom
517078,48184,DOORMAT ENGLISH ROSE ,2,2010-07-26 14:17:00,7.49,16254.0,United Kingdom
517078,22366,DOORMAT AIRMAIL ,2,2010-07-26 14:17:00,7.49,16254.0,United Kingdom
517078,48129,DOORMAT TOPIARY,2,2010-07-26 14:17:00,7.49,16254.0,United Kingdom
517078,21907,I'M ON HOLIDAY METAL SIGN,3,2010-07-26 14:17:00,2.1,16254.0,United Kingdom
517078,85214,TUB 24 PINK FLOWER PEGS,1,2010-07-26 14:17:00,1.65,16254.0,United Kingdom
517078,84799,SPRIG LAVENDER ARTIFICIAL FLOWER,24,2010-07-26 14:17:00,1.25,16254.0,United Kingdom
517078,21281,VINTAGE KITCHEN PRINT SEAFOOD,1,2010-07-26 14:17:00,2.55,16254.0,United Kingdom
517078,21279,VINTAGE KITCHEN PRINT FRUITS,1,2010-07-26 14:17:00,2.55,16254.0,United Kingdom
517078,21280,VINTAGE KITCHEN PRINT VEGETABLES,1,2010-07-26 14:17:00,2.55,16254.0,United Kingdom
517078,22082,RIBBON REEL STRIPES DESIGN ,5,2010-07-26 14:17:00,1.65,16254.0,United Kingdom
517269,85071B,RED CHARLIE+LOLA PERSONAL DOORSIGN,96,2010-07-28 09:24:00,0.38,17470.0,United Kingdom
517269,37449,CERAMIC CAKE STAND + HANGING CAKES,8,2010-07-28 09:24:00,8.5,17470.0,United Kingdom
517269,22064,PINK DOUGHNUT TRINKET POT ,12,2010-07-28 09:24:00,1.65,17470.0,United Kingdom
517269,72008,FROSTED BOX 9 WHITE T-LIGHT CANDLES,12,2010-07-28 09:24:00,0.42,17470.0,United Kingdom
517321,20727,LUNCH BAG  BLACK SKULL.,30,2010-07-28 12:05:00,1.65,14680.0,United Kingdom
517321,22384,LUNCH BAG PINK RETROSPOT,20,2010-07-28 12:05:00,1.65,14680.0,United Kingdom
517321,20728,LUNCH BAG CARS BLUE,20,2010-07-28 12:05:00,1.65,14680.0,United Kingdom
517321,20726,LUNCH BAG WOODLAND,20,2010-07-28 12:05:00,1.65,14680.0,United Kingdom
517321,22386,JUMBO BAG PINK WITH WHITE SPOTS,10,2010-07-28 12:05:00,1.95,14680.0,United Kingdom
517321,21533,RETRO SPOT LARGE MILK JUG,2,2010-07-28 12:05:00,4.95,14680.0,United Kingdom
517321,84997D,PINK 3 PIECE MINI DOTS CUTLERY SET,10,2010-07-28 12:05:00,3.75,14680.0,United Kingdom
517321,22055,MINI CAKE STAND  HANGING STRAWBERY,32,2010-07-28 12:05:00,1.45,14680.0,United Kingdom
517321,21430,SET/3 RED GINGHAM ROSE STORAGE BOX,4,2010-07-28 12:05:00,3.75,14680.0,United Kingdom
517321,72741,GRAND CHOCOLATECANDLE,18,2010-07-28 12:05:00,1.45,14680.0,United Kingdom
517321,22329,ROUND CONTAINER SET OF 5 RETROSPOT,5,2010-07-28 12:05:00,1.65,14680.0,United Kingdom
517321,22090,PAPER BUNTING RETRO SPOTS,10,2010-07-28 12:05:00,2.95,14680.0,United Kingdom
517321,22296,HEART IVORY TRELLIS LARGE,12,2010-07-28 12:05:00,1.65,14680.0,United Kingdom
517321,21931,JUMBO STORAGE BAG SUKI,10,2010-07-28 12:05:00,1.95,14680.0,United Kingdom
517321,22383,LUNCH BAG SUKI  DESIGN ,30,2010-07-28 12:05:00,1.65,14680.0,United Kingdom
517360,21899,"KEY FOB , GARAGE DESIGN",24,2010-07-28 16:17:00,0.65,14739.0,United Kingdom
517360,22459,CAST IRON HOOK GARDEN TROWEL,8,2010-07-28 16:17:00,2.55,14739.0,United Kingdom
517360,22458,CAST IRON HOOK GARDEN FORK,8,2010-07-28 16:17:00,2.55,14739.0,United Kingdom
517360,71459,HANGING JAM JAR T-LIGHT HOLDER,12,2010-07-28 16:17:00,0.85,14739.0,United Kingdom
517360,21115,ROSE CARAVAN DOORSTOP,3,2010-07-28 16:17:00,6.75,14739.0,United Kingdom
517360,21407,BROWN CHECK CAT DOORSTOP ,3,2010-07-28 16:17:00,4.25,14739.0,United Kingdom
517360,21466,RED FLOWER CROCHET FOOD COVER,6,2010-07-28 16:17:00,3.75,14739.0,United Kingdom
517360,21465,PINK FLOWER CROCHET FOOD COVER,6,2010-07-28 16:17:00,3.75,14739.0,United Kingdom
517360,84997D,PINK 3 PIECE MINI DOTS CUTLERY SET,6,2010-07-28 16:17:00,3.75,14739.0,United Kingdom
517360,84997C,BLUE 3 PIECE MINI DOTS CUTLERY SET,6,2010-07-28 16:17:00,3.75,14739.0,United Kingdom
517360,22283,6 EGG HOUSE PAINTED WOOD,2,2010-07-28 16:17:00,7.95,14739.0,United Kingdom
517360,22282,12 EGG HOUSE PAINTED WOOD,2,2010-07-28 16:17:00,12.75,14739.0,United Kingdom
517360,82581,TOILET METAL SIGN,12,2010-07-28 16:17:00,0.55,14739.0,United Kingdom
517360,21217,RED SPOTTY ROUND CAKE TINS,12,2010-07-28 16:17:00,8.95,14739.0,United Kingdom
517360,21086,SET/6 RED SPOTTY PAPER CUPS,12,2010-07-28 16:17:00,0.65,14739.0,United Kingdom
517360,21080,SET/20 RED SPOTTY PAPER NAPKINS ,12,2010-07-28 16:17:00,0.85,14739.0,United Kingdom
517360,21094,SET/6 RED SPOTTY PAPER PLATES,12,2010-07-28 16:17:00,0.85,14739.0,United Kingdom
517360,40003,WHITE BAMBOO RIBS LAMPSHADE,144,2010-07-28 16:17:00,0.95,14739.0,United Kingdom
517360,22164,STRING OF STARS CARD HOLDER,6,2010-07-28 16:17:00,2.95,14739.0,United Kingdom
517360,21900,"KEY FOB , SHED",24,2010-07-28 16:17:00,0.65,14739.0,United Kingdom
517360,21901,"KEY FOB , BACK DOOR ",24,2010-07-28 16:17:00,0.65,14739.0,United Kingdom
C517469,22356,CHARLOTTE BAG PINK WITH WHITE SPOTS,-1,2010-07-29 11:53:00,0.72,14680.0,United Kingdom
C517469,20724,RED SPOTTY CHARLOTTE BAG,-1,2010-07-29 11:53:00,0.72,14680.0,United Kingdom
C517469,20727,LUNCH BAG  BLACK SKULL.,-3,2010-07-29 11:53:00,1.45,14680.0,United Kingdom
C517469,22327,ROUND SNACK BOXES SET OF 4 SKULLS,-1,2010-07-29 11:53:00,2.55,14680.0,United Kingdom
C517469,20726,LUNCH BAG WOODLAND,-1,2010-07-29 11:53:00,1.45,14680.0,United Kingdom
C517469,20728,LUNCH BAG CARS BLUE,-1,2010-07-29 11:53:00,1.45,14680.0,United Kingdom
C517469,22384,LUNCH BAG PINK RETROSPOT,-3,2010-07-29 11:53:00,1.45,14680.0,United Kingdom
C517469,21930,JUMBO STORAGE BAG SKULLS,-1,2010-07-29 11:53:00,1.65,14680.0,United Kingdom
C517469,20712,JUMBO BAG WOODLAND ANIMALS,-1,2010-07-29 11:53:00,1.65,14680.0,United Kingdom
C517469,85099B,JUMBO BAG RED RETROSPOT,-1,2010-07-29 11:53:00,1.65,14680.0,United Kingdom
C517469,20725,LUNCH BAG RED SPOTTY,-9,2010-07-29 11:53:00,1.45,14680.0,United Kingdom
C517469,21937,STRAWBERRY   PICNIC BAG,-3,2010-07-29 11:53:00,2.55,14680.0,United Kingdom
517579,84358,FLOOR LAMP SHADE WOOD BASE,5,2010-07-30 11:08:00,8.49,16905.0,United Kingdom
517579,15056N,EDWARDIAN PARASOL NATURAL,9,2010-07-30 11:08:00,5.95,16905.0,United Kingdom
517579,85061W,WHITE JEWELLED HEART DECORATION,2,2010-07-30 11:08:00,0.85,16905.0,United Kingdom
517579,85129A,"WHITE PEARL BEADED HEART, SMALL",5,2010-07-30 11:08:00,1.25,16905.0,United Kingdom
517579,21307,SET/4 BUTTERFLY MIRROR MAGNETS,4,2010-07-30 11:08:00,2.1,16905.0,United Kingdom
517579,22296,HEART IVORY TRELLIS LARGE,6,2010-07-30 11:08:00,1.65,16905.0,United Kingdom
517579,22297,HEART IVORY TRELLIS SMALL,6,2010-07-30 11:08:00,1.25,16905.0,United Kingdom
518249,22667,RECIPE BOX RETRO SPOT DESIGN,6,2010-08-05 17:28:00,2.95,13135.0,United Kingdom
518249,21260,FIRST AID TIN,6,2010-08-05 17:28:00,3.25,13135.0,United Kingdom
518249,22494,EMERGENCY FIRST AID TIN ,12,2010-08-05 17:28:00,1.25,13135.0,United Kingdom
518249,22077,6 RIBBONS RUSTIC CHARM,12,2010-08-05 17:28:00,1.65,13135.0,United Kingdom
518249,22082,RIBBON REEL STRIPES DESIGN ,10,2010-08-05 17:28:00,1.65,13135.0,United Kingdom
518249,85049E,SCANDINAVIAN REDS RIBBONS,12,2010-08-05 17:28:00,1.25,13135.0,United Kingdom
518249,21259,VICTORIAN SEWING BOX SMALL ,2,2010-08-05 17:28:00,5.95,13135.0,United Kingdom
518249,21258,VICTORIAN SEWING BOX LARGE,2,2010-08-05 17:28:00,12.75,13135.0,United Kingdom
518249,21896,POTTING SHED TWINE,12,2010-08-05 17:28:00,2.1,13135.0,United Kingdom
518249,22528,GARDENERS KNEELING PAD,12,2010-08-05 17:28:00,1.25,13135.0,United Kingdom
518249,22478,BIRDHOUSE GARDEN MARKER ,10,2010-08-05 17:28:00,1.25,13135.0,United Kingdom
518249,84978,HANGING HEART JAR T-LIGHT HOLDER,12,2010-08-05 17:28:00,1.25,13135.0,United Kingdom
518249,82607A,GLASS BONBON JAR PARFUME AUX FLEURE,6,2010-08-05 17:28:00,1.25,13135.0,United Kingdom
518249,84029E,RED WOOLLY HOTTIE WHITE HEART.,4,2010-08-05 17:28:00,3.75,13135.0,United Kingdom
518249,21432,SET OF 3 CASES WOODLAND DESIGN,2,2010-08-05 17:28:00,5.95,13135.0,United Kingdom
518249,85067,CREAM SWEETHEART WALL CABINET,1,2010-08-05 17:28:00,18.95,13135.0,United Kingdom
518249,84839,SWEETHEART KEY CABINET,2,2010-08-05 17:28:00,6.75,13135.0,United Kingdom
518500,84879,ASSORTED COLOUR BIRD ORNAMENT,8,2010-08-09 12:51:00,1.69,17137.0,United Kingdom
518500,85123A,WHITE HANGING HEART T-LIGHT HOLDER,3,2010-08-09 12:51:00,2.95,17137.0,United Kingdom
518500,20952,PORCELAIN CHERUB BELL SMALL,2,2010-08-09 12:51:00,0.42,17137.0,United Kingdom
518500,22294,HEART FILIGREE DOVE  SMALL,6,2010-08-09 12:51:00,1.25,17137.0,United Kingdom
518500,21820,GLITTER HEART GARLAND WITH BELLS ,1,2010-08-09 12:51:00,3.75,17137.0,United Kingdom
518500,22716,CARD CIRCUS PARADE,12,2010-08-09 12:51:00,0.42,17137.0,United Kingdom
518500,21524,DOORMAT SPOTTY HOME SWEET HOME,3,2010-08-09 12:51:00,7.49,17137.0,United Kingdom
518500,22029,SPACEBOY BIRTHDAY CARD,12,2010-08-09 12:51:00,0.42,17137.0,United Kingdom
518500,85152,HAND OVER THE CHOCOLATE   SIGN ,2,2010-08-09 12:51:00,2.1,17137.0,United Kingdom
518500,82597,BOMBS AWAY METAL SIGN,2,2010-08-09 12:51:00,2.1,17137.0,United Kingdom
518500,21908,CHOCOLATE THIS WAY METAL SIGN,2,2010-08-09 12:51:00,2.1,17137.0,United Kingdom
518500,22295,HEART FILIGREE DOVE LARGE,6,2010-08-09 12:51:00,1.65,17137.0,United Kingdom
518500,21135,VICTORIAN  METAL POSTCARD SPRING,16,2010-08-09 12:51:00,1.69,17137.0,United Kingdom
518500,21671,RED SPOT CERAMIC DRAWER KNOB,2,2010-08-09 12:51:00,1.25,17137.0,United Kingdom
518500,21672,WHITE SPOT RED CERAMIC DRAWER KNOB,2,2010-08-09 12:51:00,1.25,17137.0,United Kingdom
518500,21669,BLUE STRIPE CERAMIC DRAWER KNOB,2,2010-08-09 12:51:00,1.25,17137.0,United Kingdom
518500,21668,RED STRIPE CERAMIC DRAWER KNOB,2,2010-08-09 12:51:00,1.25,17137.0,United Kingdom
518500,22707,WRAP MONSTER FUN ,25,2010-08-09 12:51:00,0.42,17137.0,United Kingdom
518500,22082,RIBBON REEL STRIPES DESIGN ,5,2010-08-09 12:51:00,1.65,17137.0,United Kingdom
518500,22178,VICTORIAN GLASS HANGING T-LIGHT,6,2010-08-09 12:51:00,1.25,17137.0,United Kingdom
518500,84879,ASSORTED COLOUR BIRD ORNAMENT,8,2010-08-09 12:51:00,1.69,17137.0,United Kingdom
C519588,22649,STRAWBERRY FAIRY CAKE TEAPOT,-1,2010-08-18 14:20:00,4.25,14680.0,United Kingdom
C519588,21937,STRAWBERRY   PICNIC BAG,-1,2010-08-18 14:20:00,2.55,14680.0,United Kingdom
C519588,22384,LUNCH BAG PINK RETROSPOT,-3,2010-08-18 14:20:00,1.45,14680.0,United Kingdom
C519588,20725,LUNCH BAG RED SPOTTY,-6,2010-08-18 14:20:00,1.45,14680.0,United Kingdom
C519588,85099B,JUMBO BAG RED RETROSPOT,-1,2010-08-18 14:20:00,1.65,14680.0,United Kingdom
519590,85123A,WHITE HANGING HEART T-LIGHT HOLDER,38,2010-08-18 14:23:00,2.55,14680.0,United Kingdom
519590,21430,SET/3 RED GINGHAM ROSE STORAGE BOX,24,2010-08-18 14:23:00,3.39,14680.0,United Kingdom
519590,22386,JUMBO BAG PINK WITH WHITE SPOTS,10,2010-08-18 14:23:00,1.95,14680.0,United Kingdom
519590,21931,JUMBO STORAGE BAG SUKI,20,2010-08-18 14:23:00,1.95,14680.0,United Kingdom
519590,72741,GRAND CHOCOLATECANDLE,9,2010-08-18 14:23:00,1.45,14680.0,United Kingdom
519590,21181,PLEASE ONE PERSON METAL SIGN,12,2010-08-18 14:23:00,2.1,14680.0,United Kingdom
519590,22625,RED KITCHEN SCALES,1,2010-08-18 14:23:00,8.5,14680.0,United Kingdom
519590,21592,RETRO SPOT  CIGAR BOX MATCHES ,1,2010-08-18 14:23:00,1.25,14680.0,United Kingdom
519590,21217,RED SPOTTY ROUND CAKE TINS,2,2010-08-18 14:23:00,9.95,14680.0,United Kingdom
519590,21216,"SET 3 RED SPOT TIN TEA,COFFEE,SUGAR",2,2010-08-18 14:23:00,4.95,14680.0,United Kingdom
519590,21217,RED SPOTTY ROUND CAKE TINS,2,2010-08-18 14:23:00,9.95,14680.0,United Kingdom
519590,84029E,RED WOOLLY HOTTIE WHITE HEART.,12,2010-08-18 14:23:00,3.75,14680.0,United Kingdom
519590,21937,STRAWBERRY   PICNIC BAG,10,2010-08-18 14:23:00,2.95,14680.0,United Kingdom
519590,20727,LUNCH BAG  BLACK SKULL.,20,2010-08-18 14:23:00,1.65,14680.0,United Kingdom
519590,84031A,CHARLIE+LOLA RED HOT WATER BOTTLE ,3,2010-08-18 14:23:00,4.65,14680.0,United Kingdom
519590,84032B,CHARLIE + LOLA RED HOT WATER BOTTLE,2,2010-08-18 14:23:00,2.95,14680.0,United Kingdom
519590,84997B,RED 3 PIECE MINI DOTS CUTLERY SET,12,2010-08-18 14:23:00,3.75,14680.0,United Kingdom
519590,47556B,TEA TIME TEA TOWELS ,4,2010-08-18 14:23:00,2.95,14680.0,United Kingdom
519590,21035,SET/2 RED SPOTTY TEA TOWELS ,5,2010-08-18 14:23:00,2.95,14680.0,United Kingdom
519790,20981,12 PENCILS TALL TUBE WOODLAND,36,2010-08-20 12:17:00,0.85,14739.0,United Kingdom
519790,20983,12 PENCILS TALL TUBE RED SPOTTY,36,2010-08-20 12:17:00,0.85,14739.0,United Kingdom
519790,21355,TOAST ITS - I LOVE YOU ,36,2010-08-20 12:17:00,1.25,14739.0,United Kingdom
519790,22083,PAPER CHAIN KIT RETRO SPOT,40,2010-08-20 12:17:00,2.55,14739.0,United Kingdom
519790,22088,PAPER BUNTING COLOURED LACE,40,2010-08-20 12:17:00,2.55,14739.0,United Kingdom
520198,22384,LUNCH BAG PINK RETROSPOT,10,2010-08-24 15:15:00,1.65,17706.0,United Kingdom
520198,22352,LUNCH BOX WITH CUTLERY RETROSPOT ,6,2010-08-24 15:15:00,2.55,17706.0,United Kingdom
520198,22353,LUNCH BOX WITH CUTLERY FAIRY CAKES ,6,2010-08-24 15:15:00,2.55,17706.0,United Kingdom
520198,84509A,SET OF 4 ENGLISH ROSE PLACEMATS,8,2010-08-24 15:15:00,3.75,17706.0,United Kingdom
520198,84510A,SET OF 4 ENGLISH ROSE COASTERS,10,2010-08-24 15:15:00,1.25,17706.0,United Kingdom
520198,21907,I'M ON HOLIDAY METAL SIGN,12,2010-08-24 15:15:00,2.1,17706.0,United Kingdom
520198,21181,PLEASE ONE PERSON METAL SIGN,12,2010-08-24 15:15:00,2.1,17706.0,United Kingdom
520198,82581,TOILET METAL SIGN,12,2010-08-24 15:15:00,0.55,17706.0,United Kingdom
520198,82580,BATHROOM METAL SIGN,12,2010-08-24 15:15:00,0.55,17706.0,United Kingdom
520198,85150,LADIES & GENTLEMEN METAL SIGN,6,2010-08-24 15:15:00,2.55,17706.0,United Kingdom
520198,21558,SKULL LUNCH BOX WITH CUTLERY ,6,2010-08-24 15:15:00,2.55,17706.0,United Kingdom
520198,22699,ROSES REGENCY TEACUP AND SAUCER ,6,2010-08-24 15:15:00,2.95,17706.0,United Kingdom
520198,22697,GREEN REGENCY TEACUP AND SAUCER,6,2010-08-24 15:15:00,2.95,17706.0,United Kingdom
520198,22698,PINK REGENCY TEACUP AND SAUCER,6,2010-08-24 15:15:00,2.95,17706.0,United Kingdom
520198,20727,LUNCH BAG  BLACK SKULL.,10,2010-08-24 15:15:00,1.65,17706.0,United Kingdom
520198,22382,LUNCH BAG SPACEBOY DESIGN ,10,2010-08-24 15:15:00,1.65,17706.0,United Kingdom
520198,20725,LUNCH BAG RED SPOTTY,10,2010-08-24 15:15:00,1.65,17706.0,United Kingdom
520198,22383,LUNCH BAG SUKI  DESIGN ,10,2010-08-24 15:15:00,1.65,17706.0,United Kingdom
520384,84748,FOLK FELT HANGING MULTICOL GARLAND,24,2010-08-25 14:58:00,0.85,17470.0,United Kingdom
520384,84755,COLOUR GLASS T-LIGHT HOLDER HANGING,32,2010-08-25 14:58:00,0.65,17470.0,United Kingdom
520384,22061,LARGE CAKE STAND  HANGING STRAWBERY,12,2010-08-25 14:58:00,8.5,17470.0,United Kingdom
520384,22055,MINI CAKE STAND  HANGING STRAWBERY,16,2010-08-25 14:58:00,1.65,17470.0,United Kingdom
520384,21231,SWEETHEART CERAMIC TRINKET BOX,12,2010-08-25 14:58:00,1.25,17470.0,United Kingdom
520384,22644,CERAMIC CHERRY CAKE MONEY BANK,12,2010-08-25 14:58:00,1.45,17470.0,United Kingdom
520384,21411,GINGHAM HEART  DOORSTOP RED,3,2010-08-25 14:58:00,4.25,17470.0,United Kingdom
520384,22513,DOORSTOP FOOTBALL DESIGN,4,2010-08-25 14:58:00,3.75,17470.0,United Kingdom
520384,22065,CHRISTMAS PUDDING TRINKET POT ,12,2010-08-25 14:58:00,1.45,17470.0,United Kingdom
520384,82580,BATHROOM METAL SIGN,12,2010-08-25 14:58:00,0.55,17470.0,United Kingdom
520384,82581,TOILET METAL SIGN,12,2010-08-25 14:58:00,0.55,17470.0,United Kingdom
520384,22227,"DECORATION, HANGING HEART+MIRROR ",24,2010-08-25 14:58:00,0.65,17470.0,United Kingdom
520384,20695,FLORAL BLUE MONSTER,3,2010-08-25 14:58:00,4.25,17470.0,United Kingdom
520384,20694,FLORAL PINK MONSTER,4,2010-08-25 14:58:00,3.75,17470.0,United Kingdom
521208,22666,RECIPE BOX PANTRY YELLOW DESIGN,6,2010-09-02 18:32:00,2.95,14739.0,United Kingdom
521208,22083,PAPER CHAIN KIT RETRO SPOT,40,2010-09-02 18:32:00,2.55,14739.0,United Kingdom
521208,21186,WHITE DOVE HONEYCOMB PAPER GARLAND,48,2010-09-02 18:32:00,1.45,14739.0,United Kingdom
521208,20981,12 PENCILS TALL TUBE WOODLAND,192,2010-09-02 18:32:00,0.72,14739.0,United Kingdom
521208,20983,12 PENCILS TALL TUBE RED SPOTTY,192,2010-09-02 18:32:00,0.72,14739.0,United Kingdom
521471,22383,LUNCH BAG SUKI  DESIGN ,30,2010-09-06 12:09:00,1.65,14680.0,United Kingdom
521471,22356,CHARLOTTE BAG PINK WITH WHITE SPOTS,10,2010-09-06 12:09:00,0.85,14680.0,United Kingdom
521471,20724,RED SPOTTY CHARLOTTE BAG,20,2010-09-06 12:09:00,0.85,14680.0,United Kingdom
521471,22384,LUNCH BAG PINK RETROSPOT,20,2010-09-06 12:09:00,1.65,14680.0,United Kingdom
521471,20682,RED SPOTTY CHILDS UMBRELLA,3,2010-09-06 12:09:00,3.25,14680.0,United Kingdom
521471,22273,FELTCRAFT DOLL MOLLY,2,2010-09-06 12:09:00,2.95,14680.0,United Kingdom
521471,22271,FELTCRAFT DOLL ROSIE,2,2010-09-06 12:09:00,2.95,14680.0,United Kingdom
521471,20719,WOODLAND CHARLOTTE BAG,20,2010-09-06 12:09:00,0.85,14680.0,United Kingdom
521471,84997D,PINK 3 PIECE MINI DOTS CUTLERY SET,10,2010-09-06 12:09:00,3.75,14680.0,United Kingdom
521471,22327,ROUND SNACK BOXES SET OF 4 SKULLS,8,2010-09-06 12:09:00,2.95,14680.0,United Kingdom
521471,22328,ROUND SNACK BOXES SET OF 4 FRUITS ,5,2010-09-06 12:09:00,2.95,14680.0,United Kingdom
521471,21559,STRAWBERRY LUNCH BOX WITH CUTLERY,5,2010-09-06 12:09:00,2.55,14680.0,United Kingdom
521471,22353,LUNCH BOX WITH CUTLERY FAIRY CAKES ,10,2010-09-06 12:09:00,2.55,14680.0,United Kingdom
521471,21488,RED WHITE SCARF  HOT WATER BOTTLE,12,2010-09-06 12:09:00,3.95,14680.0,United Kingdom
521471,21217,RED SPOTTY ROUND CAKE TINS,2,2010-09-06 12:09:00,9.95,14680.0,United Kingdom
521471,22352,LUNCH BOX WITH CUTLERY RETROSPOT ,12,2010-09-06 12:09:00,2.55,14680.0,United Kingdom
521471,21558,SKULL LUNCH BOX WITH CUTLERY ,18,2010-09-06 12:09:00,2.55,14680.0,United Kingdom
521471,84997B,RED 3 PIECE MINI DOTS CUTLERY SET,24,2010-09-06 12:09:00,3.75,14680.0,United Kingdom
521471,22112,CHOCOLATE HOT WATER BOTTLE,12,2010-09-06 12:09:00,4.95,14680.0,United Kingdom
521471,22355,CHARLOTTE BAG SUKI DESIGN,100,2010-09-06 12:09:00,0.72,14680.0,United Kingdom
521471,20725,LUNCH BAG RED SPOTTY,100,2010-09-06 12:09:00,1.45,14680.0,United Kingdom
521471,85099B,JUMBO BAG RED RETROSPOT,100,2010-09-06 12:09:00,1.65,14680.0,United Kingdom
521471,21930,JUMBO STORAGE BAG SKULLS,10,2010-09-06 12:09:00,1.95,14680.0,United Kingdom
521471,22386,JUMBO BAG PINK WITH WHITE SPOTS,10,2010-09-06 12:09:00,1.95,14680.0,United Kingdom
521471,20713,JUMBO BAG OWLS,40,2010-09-06 12:09:00,1.95,14680.0,United Kingdom
521471,20712,JUMBO BAG WOODLAND ANIMALS,40,2010-09-06 12:09:00,1.95,14680.0,United Kingdom
521471,21931,JUMBO STORAGE BAG SUKI,30,2010-09-06 12:09:00,1.95,14680.0,United Kingdom
521471,20726,LUNCH BAG WOODLAND,30,2010-09-06 12:09:00,1.65,14680.0,United Kingdom
C521472,21937,STRAWBERRY   PICNIC BAG,-1,2010-09-06 12:12:00,2.95,14680.0,United Kingdom
C521472,22355,CHARLOTTE BAG SUKI DESIGN,-2,2010-09-06 12:12:00,0.85,14680.0,United Kingdom
C521472,20725,LUNCH BAG RED SPOTTY,-4,2010-09-06 12:12:00,1.65,14680.0,United Kingdom
C522153,22666,RECIPE BOX PANTRY YELLOW DESIGN,-2,2010-09-13 10:47:00,2.95,14739.0,United Kingdom
522468,21210,SET OF 72 RETRO SPOT PAPER  DOILIES,12,2010-09-15 09:52:00,1.45,14231.0,United Kingdom
522468,84987,SET OF 36 TEATIME PAPER DOILIES,12,2010-09-15 09:52:00,1.45,14231.0,United Kingdom
522468,22567,20 DOLLY PEGS RETROSPOT,12,2010-09-15 09:52:00,1.25,14231.0,United Kingdom
522468,21212,PACK OF 72 RETRO SPOT CAKE CASES,24,2010-09-15 09:52:00,0.55,14231.0,United Kingdom
522468,84991,60 TEATIME FAIRY CAKE CASES,24,2010-09-15 09:52:00,0.55,14231.0,United Kingdom
522468,22470,HEART OF WICKER LARGE,6,2010-09-15 09:52:00,2.95,14231.0,United Kingdom
522468,20983,12 PENCILS TALL TUBE RED SPOTTY,12,2010-09-15 09:52:00,0.85,14231.0,United Kingdom
522468,22083,PAPER CHAIN KIT RETRO SPOT,6,2010-09-15 09:52:00,2.95,14231.0,United Kingdom
522468,84970S,HANGING HEART ZINC T-LIGHT HOLDER,12,2010-09-15 09:52:00,0.85,14231.0,United Kingdom
522468,84849B,FAIRY SOAP SOAP HOLDER,12,2010-09-15 09:52:00,1.69,14231.0,United Kingdom
522468,84849D,HOT BATHS SOAP HOLDER,12,2010-09-15 09:52:00,1.69,14231.0,United Kingdom
522468,22089,PAPER BUNTING VINTAGE PAISLEY,6,2010-09-15 09:52:00,2.95,14231.0,United Kingdom
522468,22090,PAPER BUNTING RETRO SPOTS,6,2010-09-15 09:52:00,2.95,14231.0,United Kingdom
522468,85086A,CANDY SPOT HEART DECORATION,12,2010-09-15 09:52:00,0.85,14231.0,United Kingdom
522468,21947,SET OF 6 HEART CHOPSTICKS,12,2010-09-15 09:52:00,1.25,14231.0,United Kingdom
522468,21469,POLKA DOT RAFFIA FOOD COVER,6,2010-09-15 09:52:00,3.75,14231.0,United Kingdom
522468,21472,LADYBIRD + BEE RAFFIA FOOD COVER,6,2010-09-15 09:52:00,3.75,14231.0,United Kingdom
522468,22497,SET OF 2 TINS VINTAGE BATHROOM ,4,2010-09-15 09:52:00,4.25,14231.0,United Kingdom
522468,21937,STRAWBERRY   PICNIC BAG,5,2010-09-15 09:52:00,2.95,14231.0,United Kingdom
522579,84986B,SET OF 36 SILVER PAPER DOILIES,1,2010-09-15 12:11:00,1.45,17905.0,United Kingdom
522579,35819B,"ACRYLIC HANGING JEWEL,BLUE",6,2010-09-15 12:11:00,1.25,17905.0,United Kingdom
522579,21614,SET OF 12 ROSE BOTANICAL T-LIGHTS,6,2010-09-15 12:11:00,2.95,17905.0,United Kingdom
522579,22310,IVORY KNITTED MUG COSY ,2,2010-09-15 12:11:00,1.65,17905.0,United Kingdom
522579,22310,IVORY KNITTED MUG COSY ,1,2010-09-15 12:11:00,1.65,17905.0,United Kingdom
522579,22694,WICKER STAR ,1,2010-09-15 12:11:00,2.1,17905.0,United Kingdom
522579,21015,DARK BIRD HOUSE TREE DECORATION,1,2010-09-15 12:11:00,0.85,17905.0,United Kingdom
522579,22578,WOODEN STAR CHRISTMAS SCANDINAVIAN,1,2010-09-15 12:11:00,0.85,17905.0,United Kingdom
522579,85080,PADDED RED HEART DECORATION,1,2010-09-15 12:11:00,0.42,17905.0,United Kingdom
522579,22593,CHRISTMAS GINGHAM STAR,1,2010-09-15 12:11:00,0.85,17905.0,United Kingdom
522579,22130,PARTY CONE CHRISTMAS DECORATION ,6,2010-09-15 12:11:00,0.85,17905.0,United Kingdom
522579,35970,ZINC FOLKART SLEIGH BELLS,1,2010-09-15 12:11:00,1.69,17905.0,United Kingdom
522579,85084,HOLLY TOP CHRISTMAS STOCKING,1,2010-09-15 12:11:00,0.85,17905.0,United Kingdom
522579,35981C,WHITE SNOW SCANDINAVIAN STOCKING ,1,2010-09-15 12:11:00,0.38,17905.0,United Kingdom
522579,85081,PADDED HOLLY CHRISTMAS DECORATION ,1,2010-09-15 12:11:00,0.42,17905.0,United Kingdom
522579,72802C,VANILLA SCENT CANDLE JEWELLED BOX,1,2010-09-15 12:11:00,4.25,17905.0,United Kingdom
522579,85099B,JUMBO BAG RED RETROSPOT,4,2010-09-15 12:11:00,1.95,17905.0,United Kingdom
522579,22663,JUMBO BAG DOLLY GIRL DESIGN,4,2010-09-15 12:11:00,1.95,17905.0,United Kingdom
522579,20685,DOORMAT RED SPOT,1,2010-09-15 12:11:00,7.95,17905.0,United Kingdom
522579,22167,"WALL MIRROR , DIAMANTE OVAL SHAPE",6,2010-09-15 12:11:00,9.95,17905.0,United Kingdom
522579,20802,SMALL GLASS SUNDAE DISH CLEAR,6,2010-09-15 12:11:00,1.65,17905.0,United Kingdom
522579,21090,SET/6 COLLAGE PAPER PLATES,3,2010-09-15 12:11:00,0.85,17905.0,United Kingdom
522792,21906,PHARMACIE FIRST AID TIN,6,2010-09-16 14:52:00,6.75,17706.0,United Kingdom
522792,21080,SET/20 RED SPOTTY PAPER NAPKINS ,12,2010-09-16 14:52:00,0.85,17706.0,United Kingdom
522792,22357,KINGS CHOICE BISCUIT TIN,6,2010-09-16 14:52:00,4.25,17706.0,United Kingdom
522792,22309,TEA COSY RED  STRIPE,6,2010-09-16 14:52:00,2.55,17706.0,United Kingdom
522792,22308,TEA COSY BLUE STRIPE,6,2010-09-16 14:52:00,2.55,17706.0,United Kingdom
522792,22666,RECIPE BOX PANTRY YELLOW DESIGN,6,2010-09-16 14:52:00,2.95,17706.0,United Kingdom
522792,21533,RETRO SPOT LARGE MILK JUG,3,2010-09-16 14:52:00,4.95,17706.0,United Kingdom
522792,85066,CREAM SWEETHEART MINI CHEST,6,2010-09-16 14:52:00,12.75,17706.0,United Kingdom
522792,85184C,S/4 VALENTINE DECOUPAGE HEART BOX,6,2010-09-16 14:52:00,2.95,17706.0,United Kingdom
522792,71038,WHITE HANGING BEADS CANDLE HOLDER,6,2010-09-16 14:52:00,5.45,17706.0,United Kingdom
522792,79321,CHILLI LIGHTS,4,2010-09-16 14:52:00,4.95,17706.0,United Kingdom
522792,84795B,SUNSET CHECK HAMMOCK,2,2010-09-16 14:52:00,7.95,17706.0,United Kingdom
522792,21537,RED RETROSPOT PUDDING BOWL,6,2010-09-16 14:52:00,4.25,17706.0,United Kingdom
522792,21531,RED RETROSPOT SUGAR JAM BOWL,6,2010-09-16 14:52:00,2.55,17706.0,United Kingdom
522792,21535,RED RETROSPOT SMALL MILK JUG,6,2010-09-16 14:52:00,2.55,17706.0,United Kingdom
522792,21539,RED RETROSPOT BUTTER DISH,6,2010-09-16 14:52:00,4.95,17706.0,United Kingdom
522792,15044C,PURPLE PAPER PARASOL,6,2010-09-16 14:52:00,2.95,17706.0,United Kingdom
522792,21398,RED  SPOTTY COFFEE  MUG,36,2010-09-16 14:52:00,2.1,17706.0,United Kingdom
522792,22348,TEA BAG PLATE RED SPOTTY ,24,2010-09-16 14:52:00,0.85,17706.0,United Kingdom
522792,85065,CREAM SWEETHEART TRAYS,6,2010-09-16 14:52:00,12.75,17706.0,United Kingdom
522792,21175,GIN + TONIC DIET METAL SIGN,12,2010-09-16 14:52:00,2.1,17706.0,United Kingdom
522792,21875,KINGS CHOICE MUG,24,2010-09-16 14:52:00,1.25,17706.0,United Kingdom
522792,22358,KINGS CHOICE TEA CADDY ,6,2010-09-16 14:52:00,2.95,17706.0,United Kingdom
522792,82494L,WOODEN FRAME ANTIQUE WHITE ,6,2010-09-16 14:52:00,2.95,17706.0,United Kingdom
522792,22073,RED RETROSPOT STORAGE JAR,12,2010-09-16 14:52:00,3.75,17706.0,United Kingdom
522792,21528,DAIRY MAID TRADITIONAL TEAPOT ,2,2010-09-16 14:52:00,6.95,17706.0,United Kingdom
522792,85064,CREAM SWEETHEART LETTER RACK,4,2010-09-16 14:52:00,5.45,17706.0,United Kingdom
522792,21272,SALLE DE BAIN HOOK,12,2010-09-16 14:52:00,1.25,17706.0,United Kingdom
522792,22637,PIGGY BANK RETROSPOT ,12,2010-09-16 14:52:00,2.55,17706.0,United Kingdom
522792,40001,WHITE BAMBOO RIBS LAMPSHADE,24,2010-09-16 14:52:00,0.85,17706.0,United Kingdom
522792,21258,VICTORIAN SEWING BOX LARGE,6,2010-09-16 14:52:00,12.75,17706.0,United Kingdom
522792,21498,RED SPOTS  WRAP ,50,2010-09-16 14:52:00,0.42,17706.0,United Kingdom
522792,84836,ZINC METAL HEART DECORATION,24,2010-09-16 14:52:00,1.25,17706.0,United Kingdom
522792,21628,TRIANGULAR POUFFE VINTAGE ,4,2010-09-16 14:52:00,14.95,17706.0,United Kingdom
522792,21627,ELEPHANT CARNIVAL POUFFE,6,2010-09-16 14:52:00,14.95,17706.0,United Kingdom
522792,79163,BLACK CHAMPAGNE GLASS,24,2010-09-16 14:52:00,1.65,17706.0,United Kingdom
522792,48194,DOORMAT HEARTS,6,2010-09-16 14:52:00,7.95,17706.0,United Kingdom
522792,84029E,RED WOOLLY HOTTIE WHITE HEART.,6,2010-09-16 14:52:00,3.75,17706.0,United Kingdom
522792,22626,BLACK KITCHEN SCALES,3,2010-09-16 14:52:00,8.5,17706.0,United Kingdom
522792,40003,WHITE BAMBOO RIBS LAMPSHADE,24,2010-09-16 14:52:00,1.25,17706.0,United Kingdom
522792,84030E,ENGLISH ROSE HOT WATER BOTTLE,12,2010-09-16 14:52:00,4.25,17706.0,United Kingdom
522792,22627,MINT KITCHEN SCALES,3,2010-09-16 14:52:00,8.5,17706.0,United Kingdom
522792,84406B,CREAM CUPID HEARTS COAT HANGER,12,2010-09-16 14:52:00,3.25,17706.0,United Kingdom
522792,21165,BEWARE OF THE CAT METAL SIGN ,12,2010-09-16 14:52:00,1.69,17706.0,United Kingdom
522792,22072,RED RETROSPOT TEA CUP AND SAUCER ,12,2010-09-16 14:52:00,3.75,17706.0,United Kingdom
522792,82482,WOODEN PICTURE FRAME WHITE FINISH,6,2010-09-16 14:52:00,2.55,17706.0,United Kingdom
522792,21174,POTTERING IN THE SHED METAL SIGN,12,2010-09-16 14:52:00,1.95,17706.0,United Kingdom
522792,85123A,WHITE HANGING HEART T-LIGHT HOLDER,6,2010-09-16 14:52:00,2.95,17706.0,United Kingdom
522792,21832,CHOCOLATE CALCULATOR,12,2010-09-16 14:52:00,1.65,17706.0,United Kingdom
522792,21758,VINTAGE SHELLS PRINT,6,2010-09-16 14:52:00,6.45,17706.0,United Kingdom
522792,85047,WHITE BEADED GARLAND STRING 20LIGHT,6,2010-09-16 14:52:00,6.35,17706.0,United Kingdom
522792,21737,SET 3 WICKER LOG BASKETS,3,2010-09-16 14:52:00,19.95,17706.0,United Kingdom
522792,22494,EMERGENCY FIRST AID TIN ,12,2010-09-16 14:52:00,1.25,17706.0,United Kingdom
522792,21063,PARTY INVITES JAZZ HEARTS,12,2010-09-16 14:52:00,0.85,17706.0,United Kingdom
522792,48138,DOORMAT UNION FLAG,6,2010-09-16 14:52:00,7.95,17706.0,United Kingdom
522792,22424,ENAMEL BREAD BIN CREAM,6,2010-09-16 14:52:00,12.75,17706.0,United Kingdom
522792,22500,SET OF 2 TINS JARDIN DE PROVENCE,4,2010-09-16 14:52:00,4.95,17706.0,United Kingdom
522792,21463,MIRRORED DISCO BALL ,6,2010-09-16 14:52:00,5.95,17706.0,United Kingdom
522792,22622,BOX OF VINTAGE ALPHABET BLOCKS,6,2010-09-16 14:52:00,9.95,17706.0,United Kingdom
522792,22410,MONEY BOX HOUSEKEEPING DESIGN,12,2010-09-16 14:52:00,1.25,17706.0,United Kingdom
522792,22115,METAL SIGN EMPIRE TEA,6,2010-09-16 14:52:00,2.95,17706.0,United Kingdom
522792,21907,I'M ON HOLIDAY METAL SIGN,12,2010-09-16 14:52:00,2.1,17706.0,United Kingdom
522792,22173,METAL 4 HOOK HANGER FRENCH CHATEAU,8,2010-09-16 14:52:00,2.95,17706.0,United Kingdom
522792,22553,PLASTERS IN TIN SKULLS,12,2010-09-16 14:52:00,1.65,17706.0,United Kingdom
522792,21181,PLEASE ONE PERSON METAL SIGN,12,2010-09-16 14:52:00,2.1,17706.0,United Kingdom
522792,21161,KEEP OUT BOYS DOOR HANGER ,12,2010-09-16 14:52:00,1.45,17706.0,United Kingdom
522792,21163,DO NOT TOUCH MY STUFF DOOR HANGER ,12,2010-09-16 14:52:00,1.45,17706.0,United Kingdom
522792,22481,BLACK TEA TOWEL CLASSIC DESIGN,12,2010-09-16 14:52:00,1.25,17706.0,United Kingdom
522792,22427,ENAMEL FLOWER JUG CREAM,6,2010-09-16 14:52:00,5.95,17706.0,United Kingdom
522792,21462,"NURSERY A,B,C PAINTED LETTERS",6,2010-09-16 14:52:00,6.75,17706.0,United Kingdom
522792,21061,PARTY INVITES FOOTBALL,12,2010-09-16 14:52:00,0.85,17706.0,United Kingdom
522792,21169,YOU'RE CONFUSING ME METAL SIGN ,12,2010-09-16 14:52:00,1.69,17706.0,United Kingdom
522792,85150,LADIES & GENTLEMEN METAL SIGN,6,2010-09-16 14:52:00,2.55,17706.0,United Kingdom
522792,71477,COLOUR GLASS. STAR T-LIGHT HOLDER,24,2010-09-16 14:52:00,2.75,17706.0,United Kingdom
522792,22482,BLUE TEA TOWEL CLASSIC DESIGN,12,2010-09-16 14:52:00,1.25,17706.0,United Kingdom
522792,22425,ENAMEL COLANDER CREAM,3,2010-09-16 14:52:00,4.95,17706.0,United Kingdom
522792,22426,ENAMEL WASH BOWL CREAM,6,2010-09-16 14:52:00,3.75,17706.0,United Kingdom
522792,22429,ENAMEL MEASURING JUG CREAM,4,2010-09-16 14:52:00,4.25,17706.0,United Kingdom
522792,22496,SET OF 2 ROUND TINS DUTCH CHEESE,12,2010-09-16 14:52:00,2.95,17706.0,United Kingdom
522792,22139,RETRO SPOT TEA SET CERAMIC 11 PC ,6,2010-09-16 14:52:00,4.95,17706.0,United Kingdom
522792,22480,RED TEA TOWEL CLASSIC DESIGN,12,2010-09-16 14:52:00,1.25,17706.0,United Kingdom
522792,22430,ENAMEL WATERING CAN CREAM,6,2010-09-16 14:52:00,4.95,17706.0,United Kingdom
522792,22495,SET OF 2 ROUND TINS CAMEMBERT ,12,2010-09-16 14:52:00,2.95,17706.0,United Kingdom
522792,85099B,JUMBO BAG RED RETROSPOT,10,2010-09-16 14:52:00,1.95,17706.0,United Kingdom
522792,84880,WHITE WIRE EGG HOLDER,3,2010-09-16 14:52:00,5.95,17706.0,United Kingdom
522792,21464,DISCO BALL ROTATOR BATTERY OPERATED,6,2010-09-16 14:52:00,4.25,17706.0,United Kingdom
522792,21876,POTTERING MUG,24,2010-09-16 14:52:00,1.25,17706.0,United Kingdom
522792,72760B,VINTAGE CREAM 3 BASKET CAKE STAND,3,2010-09-16 14:52:00,9.95,17706.0,United Kingdom
522792,21035,SET/2 RED SPOTTY TEA TOWELS ,12,2010-09-16 14:52:00,2.95,17706.0,United Kingdom
522792,22625,RED KITCHEN SCALES,3,2010-09-16 14:52:00,8.5,17706.0,United Kingdom
522792,20754,RETRO RED SPOTTY WASHING UP GLOVES,6,2010-09-16 14:52:00,2.1,17706.0,United Kingdom
522792,47556B,TEA TIME TEA TOWELS ,12,2010-09-16 14:52:00,2.95,17706.0,United Kingdom
522792,21636,MADRAS NOTEBOOK MEDIUM,12,2010-09-16 14:52:00,2.55,17706.0,United Kingdom
522792,21681,GIANT MEDINA STAMPED METAL BOWL ,2,2010-09-16 14:52:00,9.95,17706.0,United Kingdom
522792,79000,MOROCCAN TEA GLASS,36,2010-09-16 14:52:00,0.85,17706.0,United Kingdom
522792,17165B,ASS COL LARGE SAND GECKO P'WEIGHT,18,2010-09-16 14:52:00,1.05,17706.0,United Kingdom
522792,37343,SPOTS DESIGN MUG W PINK INSIDE,24,2010-09-16 14:52:00,1.65,17706.0,United Kingdom
522792,84279P,CHERRY BLOSSOM  DECORATIVE FLASK,6,2010-09-16 14:52:00,3.75,17706.0,United Kingdom
522792,21667,GLASS CAKE COVER AND PLATE,2,2010-09-16 14:52:00,16.95,17706.0,United Kingdom
522792,21257,VICTORIAN SEWING BOX MEDIUM,2,2010-09-16 14:52:00,7.95,17706.0,United Kingdom
522792,15044D,RED PAPER PARASOL,12,2010-09-16 14:52:00,2.95,17706.0,United Kingdom
522792,21218,RED SPOTTY BISCUIT TIN,6,2010-09-16 14:52:00,3.75,17706.0,United Kingdom
522792,85152,HAND OVER THE CHOCOLATE   SIGN ,12,2010-09-16 14:52:00,2.1,17706.0,United Kingdom
522792,21910,WAY OUT METAL SIGN ,12,2010-09-16 14:52:00,1.65,17706.0,United Kingdom
522792,22212,FOUR HOOK  WHITE LOVEBIRDS,12,2010-09-16 14:52:00,2.1,17706.0,United Kingdom
522792,21278,VINTAGE KITCHEN PRINT PUDDINGS,6,2010-09-16 14:52:00,2.55,17706.0,United Kingdom
522792,22624,IVORY KITCHEN SCALES,3,2010-09-16 14:52:00,8.5,17706.0,United Kingdom
522792,22112,CHOCOLATE HOT WATER BOTTLE,6,2010-09-16 14:52:00,4.95,17706.0,United Kingdom
522792,22114,HOT WATER BOTTLE TEA AND SYMPATHY,12,2010-09-16 14:52:00,3.95,17706.0,United Kingdom
522792,21659,GLASS CAKE STAND,2,2010-09-16 14:52:00,14.95,17706.0,United Kingdom
522792,21844,RED RETROSPOT MUG,36,2010-09-16 14:52:00,2.95,17706.0,United Kingdom
522792,21534,DAIRY MAID LARGE MILK JUG,4,2010-09-16 14:52:00,4.95,17706.0,United Kingdom
522792,21470,FLOWER VINE RAFFIA FOOD COVER,6,2010-09-16 14:52:00,3.75,17706.0,United Kingdom
522792,82600,NO SINGING METAL SIGN,12,2010-09-16 14:52:00,2.1,17706.0,United Kingdom
522792,22180,RETRO SPOT LAMP,6,2010-09-16 14:52:00,9.95,17706.0,United Kingdom
522792,85067,CREAM SWEETHEART WALL CABINET,2,2010-09-16 14:52:00,18.95,17706.0,United Kingdom
523424,22178,VICTORIAN GLASS HANGING T-LIGHT,96,2010-09-22 10:19:00,1.06,14739.0,United Kingdom
523424,22735,RIBBON REEL SOCKS AND MITTENS,10,2010-09-22 10:19:00,1.65,14739.0,United Kingdom
523424,22736,RIBBON REEL MAKING SNOWMEN ,10,2010-09-22 10:19:00,1.65,14739.0,United Kingdom
523424,22737,RIBBON REEL CHRISTMAS PRESENT ,10,2010-09-22 10:19:00,1.65,14739.0,United Kingdom
523424,22738,RIBBON REEL SNOWY VILLAGE,10,2010-09-22 10:19:00,1.65,14739.0,United Kingdom
523424,22739,RIBBON REEL CHRISTMAS SOCK BAUBLE,10,2010-09-22 10:19:00,1.65,14739.0,United Kingdom
523424,22910,PAPER CHAIN KIT VINTAGE CHRISTMAS,40,2010-09-22 10:19:00,2.55,14739.0,United Kingdom
523424,22950,36 DOILIES VINTAGE CHRISTMAS,24,2010-09-22 10:19:00,1.45,14739.0,United Kingdom
523424,22909,SET OF 20 VINTAGE CHRISTMAS NAPKINS,24,2010-09-22 10:19:00,0.85,14739.0,United Kingdom
523424,35970,ZINC FOLKART SLEIGH BELLS,72,2010-09-22 10:19:00,1.49,14739.0,United Kingdom
523424,21916,SET 12 RETRO WHITE CHALK STICKS,24,2010-09-22 10:19:00,0.42,14739.0,United Kingdom
523510,22465,HANGING METAL STAR LANTERN,6,2010-09-22 12:24:00,1.65,17840.0,United Kingdom
523510,22155,STAR DECORATION RUSTIC,2,2010-09-22 12:24:00,0.42,17840.0,United Kingdom
523510,22335,HEART DECORATION PAINTED ZINC ,5,2010-09-22 12:24:00,0.65,17840.0,United Kingdom
523510,22336,DOVE DECORATION PAINTED ZINC ,10,2010-09-22 12:24:00,0.65,17840.0,United Kingdom
523510,22155,STAR DECORATION RUSTIC,4,2010-09-22 12:24:00,0.42,17840.0,United Kingdom
523510,35981C,WHITE SNOW SCANDINAVIAN STOCKING ,4,2010-09-22 12:24:00,0.38,17840.0,United Kingdom
523510,35966,FOLKART CHRISTMAS TREE T-LIGHT HOLD,6,2010-09-22 12:24:00,0.38,17840.0,United Kingdom
523510,85129D,BEADED CRYSTAL HEART PINK SMALL,2,2010-09-22 12:24:00,1.25,17840.0,United Kingdom
523510,85130B,BEADED CRYSTAL HEART GREEN LARGE,2,2010-09-22 12:24:00,1.65,17840.0,United Kingdom
523510,85130A,BEADED PEARL HEART WHITE LARGE,2,2010-09-22 12:24:00,1.65,17840.0,United Kingdom
523510,22591,CARDHOLDER GINGHAM CHRISTMAS TREE,2,2010-09-22 12:24:00,2.55,17840.0,United Kingdom
523510,22158,3 HEARTS HANGING DECORATION RUSTIC,1,2010-09-22 12:24:00,2.95,17840.0,United Kingdom
523510,35962,12 ASS ZINC CHRISTMAS DECORATIONS,3,2010-09-22 12:24:00,2.1,17840.0,United Kingdom
523510,20759,CHRYSANTHEMUM POCKET BOOK ,9,2010-09-22 12:24:00,0.85,17840.0,United Kingdom
523510,22585,PACK OF 6 BIRDY GIFT TAGS,3,2010-09-22 12:24:00,1.25,17840.0,United Kingdom
523510,22759,SET OF 3 NOTEBOOKS IN PARCEL,3,2010-09-22 12:24:00,1.65,17840.0,United Kingdom
523510,22086,PAPER CHAIN KIT 50'S CHRISTMAS ,2,2010-09-22 12:24:00,2.95,17840.0,United Kingdom
523510,22731,3D CHRISTMAS STAMPS STICKERS ,6,2010-09-22 12:24:00,1.25,17840.0,United Kingdom
523510,22470,HEART OF WICKER LARGE,3,2010-09-22 12:24:00,2.95,17840.0,United Kingdom
523510,22114,HOT WATER BOTTLE TEA AND SYMPATHY,1,2010-09-22 12:24:00,3.95,17840.0,United Kingdom
523510,22909,SET OF 20 VINTAGE CHRISTMAS NAPKINS,2,2010-09-22 12:24:00,0.85,17840.0,United Kingdom
523510,84620,BLUE GINGHAM ROSE CUSHION COVER,1,2010-09-22 12:24:00,5.95,17840.0,United Kingdom
523510,22557,PLASTERS IN TIN VINTAGE PAISLEY ,1,2010-09-22 12:24:00,1.65,17840.0,United Kingdom
523510,22309,TEA COSY RED  STRIPE,1,2010-09-22 12:24:00,2.55,17840.0,United Kingdom
523510,22086,PAPER CHAIN KIT 50'S CHRISTMAS ,1,2010-09-22 12:24:00,2.95,17840.0,United Kingdom
523510,84988,SET OF 72 PINK HEART PAPER DOILIES,3,2010-09-22 12:24:00,1.45,17840.0,United Kingdom
523510,21098,CHRISTMAS TOILET ROLL,5,2010-09-22 12:24:00,1.25,17840.0,United Kingdom
523510,22572,ROCKING HORSE GREEN CHRISTMAS ,1,2010-09-22 12:24:00,0.85,17840.0,United Kingdom
523510,22591,CARDHOLDER GINGHAM CHRISTMAS TREE,2,2010-09-22 12:24:00,2.55,17840.0,United Kingdom
523510,72529W,WHITE ADVENT CANDLE,1,2010-09-22 12:24:00,2.12,17840.0,United Kingdom
523510,22557,PLASTERS IN TIN VINTAGE PAISLEY ,1,2010-09-22 12:24:00,1.65,17840.0,United Kingdom
523510,22406,MONEY BOX KINGS CHOICE DESIGN,1,2010-09-22 12:24:00,1.25,17840.0,United Kingdom
523510,85062,PEARL CRYSTAL PUMPKIN T-LIGHT HLDR,1,2010-09-22 12:24:00,1.65,17840.0,United Kingdom
523510,22731,3D CHRISTMAS STAMPS STICKERS ,1,2010-09-22 12:24:00,1.25,17840.0,United Kingdom
523510,22295,HEART FILIGREE DOVE LARGE,1,2010-09-22 12:24:00,1.65,17840.0,United Kingdom
523510,35962,12 ASS ZINC CHRISTMAS DECORATIONS,2,2010-09-22 12:24:00,2.1,17840.0,United Kingdom
523510,22737,RIBBON REEL CHRISTMAS PRESENT ,1,2010-09-22 12:24:00,1.65,17840.0,United Kingdom
523510,35961,FOLKART ZINC HEART CHRISTMAS DEC,2,2010-09-22 12:24:00,0.85,17840.0,United Kingdom
523510,21983,PACK OF 12 BLUE PAISLEY TISSUES ,3,2010-09-22 12:24:00,0.29,17840.0,United Kingdom
523510,22952,60 CAKE CASES VINTAGE CHRISTMAS,1,2010-09-22 12:24:00,0.55,17840.0,United Kingdom
523510,21977,PACK OF 60 PINK PAISLEY CAKE CASES,1,2010-09-22 12:24:00,0.55,17840.0,United Kingdom
523510,22952,60 CAKE CASES VINTAGE CHRISTMAS,1,2010-09-22 12:24:00,0.55,17840.0,United Kingdom
523510,21984,PACK OF 12 PINK PAISLEY TISSUES ,1,2010-09-22 12:24:00,0.29,17840.0,United Kingdom
523510,22571,ROCKING HORSE RED CHRISTMAS ,1,2010-09-22 12:24:00,0.85,17840.0,United Kingdom
523510,22155,STAR DECORATION RUSTIC,2,2010-09-22 12:24:00,0.42,17840.0,United Kingdom
523510,22574,HEART WOODEN CHRISTMAS DECORATION,3,2010-09-22 12:24:00,0.85,17840.0,United Kingdom
523510,22155,STAR DECORATION RUSTIC,4,2010-09-22 12:24:00,0.42,17840.0,United Kingdom
523510,22403,MAGNETS PACK OF 4 VINTAGE LABELS ,1,2010-09-22 12:24:00,1.25,17840.0,United Kingdom
523510,22585,PACK OF 6 BIRDY GIFT TAGS,1,2010-09-22 12:24:00,1.25,17840.0,United Kingdom
523510,21809,CHRISTMAS HANGING TREE WITH BELL,5,2010-09-22 12:24:00,1.25,17840.0,United Kingdom
523510,21811,CHRISTMAS HANGING HEART WITH BELL,5,2010-09-22 12:24:00,1.25,17840.0,United Kingdom
523510,22501,PICNIC BASKET WICKER LARGE,1,2010-09-22 12:24:00,9.95,17840.0,United Kingdom
523510,22113,GREY HEART HOT WATER BOTTLE,1,2010-09-22 12:24:00,3.75,17840.0,United Kingdom
523510,22470,HEART OF WICKER LARGE,2,2010-09-22 12:24:00,2.95,17840.0,United Kingdom
523510,21929,JUMBO BAG PINK VINTAGE PAISLEY,1,2010-09-22 12:24:00,1.95,17840.0,United Kingdom
524106,47566,PARTY BUNTING,150,2010-09-27 13:08:00,3.75,18194.0,United Kingdom
524146,72741,GRAND CHOCOLATECANDLE,9,2010-09-27 15:24:00,1.45,16211.0,United Kingdom
524146,84997C,BLUE 3 PIECE MINI DOTS CUTLERY SET,6,2010-09-27 15:24:00,3.75,16211.0,United Kingdom
524146,84997D,PINK 3 PIECE MINI DOTS CUTLERY SET,6,2010-09-27 15:24:00,3.75,16211.0,United Kingdom
524146,47591D,PINK FAIRY CAKE CHILDRENS APRON,8,2010-09-27 15:24:00,1.95,16211.0,United Kingdom
524146,22128,PARTY CONES CANDY ASSORTED,12,2010-09-27 15:24:00,1.25,16211.0,United Kingdom
524146,85014B,RED/WHITE DOTS RUFFLED UMBRELLA,3,2010-09-27 15:24:00,5.95,16211.0,United Kingdom
524146,85014A,BLACK/BLUE DOTS RUFFLED UMBRELLA,3,2010-09-27 15:24:00,5.95,16211.0,United Kingdom
524146,22198,LARGE POPCORN HOLDER ,12,2010-09-27 15:24:00,1.65,16211.0,United Kingdom
524146,21564,PINK  HEART SHAPE LOVE BUCKET ,6,2010-09-27 15:24:00,2.95,16211.0,United Kingdom
524146,22851,SET 20 NAPKINS FAIRY CAKES DESIGN ,12,2010-09-27 15:24:00,0.85,16211.0,United Kingdom
524146,37448,CERAMIC CAKE DESIGN SPOTTED MUG,24,2010-09-27 15:24:00,1.49,16211.0,United Kingdom
524146,22059,CERAMIC STRWBERRY DESIGN MUG,24,2010-09-27 15:24:00,1.49,16211.0,United Kingdom
524303,21340,CLASSIC METAL BIRDCAGE PLANT HOLDER,6,2010-09-28 13:36:00,12.75,17706.0,United Kingdom
524303,21154,RED SPOTTY OVEN GLOVE ,10,2010-09-28 13:36:00,1.25,17706.0,United Kingdom
524303,21155,RED SPOTTY PEG BAG,6,2010-09-28 13:36:00,2.1,17706.0,United Kingdom
524303,21041,RED SPOTTY OVEN GLOVE DOUBLE,6,2010-09-28 13:36:00,2.95,17706.0,United Kingdom
524303,21735,TWO DOOR CURIO CABINET,3,2010-09-28 13:36:00,12.75,17706.0,United Kingdom
524303,22725,ALARM CLOCK BAKELIKE CHOCOLATE,4,2010-09-28 13:36:00,3.75,17706.0,United Kingdom
524303,22726,ALARM CLOCK BAKELIKE GREEN,4,2010-09-28 13:36:00,3.75,17706.0,United Kingdom
524303,22467,GUMBALL COAT RACK,6,2010-09-28 13:36:00,2.55,17706.0,United Kingdom
524303,22729,ALARM CLOCK BAKELIKE ORANGE,4,2010-09-28 13:36:00,3.75,17706.0,United Kingdom
524303,22727,ALARM CLOCK BAKELIKE RED ,4,2010-09-28 13:36:00,3.75,17706.0,United Kingdom
524304,21166,COOK WITH WINE METAL SIGN ,12,2010-09-28 13:38:00,1.95,17706.0,United Kingdom
524304,22077,6 RIBBONS RUSTIC CHARM,12,2010-09-28 13:38:00,1.65,17706.0,United Kingdom
524304,21361,LOVE LARGE WOOD LETTERS ,3,2010-09-28 13:38:00,12.75,17706.0,United Kingdom
524304,22076,6 RIBBONS EMPIRE  ,12,2010-09-28 13:38:00,1.65,17706.0,United Kingdom
524506,20982,12 PENCILS TALL TUBE SKULLS,12,2010-09-29 12:40:00,0.85,17470.0,United Kingdom
524506,20983,12 PENCILS TALL TUBE RED RETROSPOT,12,2010-09-29 12:40:00,0.85,17470.0,United Kingdom
524506,22067,CHOC TRUFFLE GOLD TRINKET POT ,12,2010-09-29 12:40:00,1.65,17470.0,United Kingdom
524506,22064,PINK DOUGHNUT TRINKET POT ,12,2010-09-29 12:40:00,1.65,17470.0,United Kingdom
524506,21890,S/6 WOODEN SKITTLES IN COTTON BAG,6,2010-09-29 12:40:00,2.95,17470.0,United Kingdom
524506,22646,CERAMIC STRAWBERRY CAKE MONEY BANK,12,2010-09-29 12:40:00,1.45,17470.0,United Kingdom
524506,21231,SWEETHEART CERAMIC TRINKET BOX,12,2010-09-29 12:40:00,1.25,17470.0,United Kingdom
524506,21232,STRAWBERRY CERAMIC TRINKET BOX,12,2010-09-29 12:40:00,1.25,17470.0,United Kingdom
524506,22649,STRAWBERRY FAIRY CAKE TEAPOT,8,2010-09-29 12:40:00,4.95,17470.0,United Kingdom
524506,20727,LUNCH BAG  BLACK SKULL.,10,2010-09-29 12:40:00,1.65,17470.0,United Kingdom
524506,20725,LUNCH BAG RED RETROSPOT,10,2010-09-29 12:40:00,1.65,17470.0,United Kingdom
524506,15060B,FAIRY CAKE DESIGN UMBRELLA,4,2010-09-29 12:40:00,3.75,17470.0,United Kingdom
524506,84950,ASSORTED COLOUR T-LIGHT HOLDER,12,2010-09-29 12:40:00,0.65,17470.0,United Kingdom
524506,84755,COLOUR GLASS T-LIGHT HOLDER HANGING,16,2010-09-29 12:40:00,0.65,17470.0,United Kingdom
524506,22065,CHRISTMAS PUDDING TRINKET POT ,24,2010-09-29 12:40:00,1.45,17470.0,United Kingdom
524506,35594,WOODEN CHRISTMAS TREE 3 HANGING,12,2010-09-29 12:40:00,0.42,17470.0,United Kingdom
524506,22668,PINK BABY BUNTING,5,2010-09-29 12:40:00,2.95,17470.0,United Kingdom
524506,22669,RED BABY BUNTING ,5,2010-09-29 12:40:00,2.95,17470.0,United Kingdom
524835,21495,SKULLS AND CROSSBONES WRAP,50,2010-09-30 17:30:00,0.42,15287.0,United Kingdom
524835,21427,SKULLS STORAGE BOX SMALL,6,2010-09-30 17:30:00,2.1,15287.0,United Kingdom
524835,21425,SKULLS STORAGE BOX LARGE,6,2010-09-30 17:30:00,2.95,15287.0,United Kingdom
524835,21504,SKULLS GREETING CARD,12,2010-09-30 17:30:00,0.42,15287.0,United Kingdom
524835,21558,SKULL LUNCH BOX WITH CUTLERY ,6,2010-09-30 17:30:00,2.55,15287.0,United Kingdom
524835,20665,RED SPOTTY PURSE ,6,2010-09-30 17:30:00,2.95,15287.0,United Kingdom
524835,85014B,RED/WHITE DOTS RUFFLED UMBRELLA,6,2010-09-30 17:30:00,5.95,15287.0,United Kingdom
524850,22725,ALARM CLOCK BAKELIKE CHOCOLATE,4,2010-09-30 18:42:00,3.75,14739.0,United Kingdom
524850,22726,ALARM CLOCK BAKELIKE GREEN,4,2010-09-30 18:42:00,3.75,14739.0,United Kingdom
524850,22727,ALARM CLOCK BAKELIKE RED ,4,2010-09-30 18:42:00,3.75,14739.0,United Kingdom
524850,22729,ALARM CLOCK BAKELIKE ORANGE,4,2010-09-30 18:42:00,3.75,14739.0,United Kingdom
524850,22730,ALARM CLOCK BAKELIKE IVORY,4,2010-09-30 18:42:00,3.75,14739.0,United Kingdom
524850,84946,ANTIQUE SILVER TEA GLASS ETCHED,72,2010-09-30 18:42:00,1.06,14739.0,United Kingdom
524850,20685,DOORMAT RED RETROSPOT,2,2010-09-30 18:42:00,7.95,14739.0,United Kingdom
524850,48138,DOORMAT UNION FLAG,2,2010-09-30 18:42:00,7.95,14739.0,United Kingdom
524963,22959,WRAP CHRISTMAS VILLAGE,25,2010-10-01 13:50:00,0.42,17706.0,United Kingdom
524963,22910,PAPER CHAIN KIT VINTAGE CHRISTMAS,6,2010-10-01 13:50:00,2.95,17706.0,United Kingdom
524963,21824,PAINTED METAL STAR WITH HOLLY BELLS,12,2010-10-01 13:50:00,1.45,17706.0,United Kingdom
524963,21825,PAINTED METAL TREE WITH HOLLY BELLS,12,2010-10-01 13:50:00,1.45,17706.0,United Kingdom
524963,21823,PAINTED METAL HEART WITH HOLLY BELL,12,2010-10-01 13:50:00,1.45,17706.0,United Kingdom
524963,22575,METAL MERRY CHRISTMAS WREATH,16,2010-10-01 13:50:00,1.95,17706.0,United Kingdom
524963,21491,SET OF THREE VINTAGE GIFT WRAPS,12,2010-10-01 13:50:00,1.95,17706.0,United Kingdom
524963,21804,WHITE CHRISTMAS GARLAND STARS TREES,6,2010-10-01 13:50:00,3.75,17706.0,United Kingdom
524963,22157,ANGEL DECORATION WITH LACE PADDED,24,2010-10-01 13:50:00,0.85,17706.0,United Kingdom
524963,21010,ETCHED GLASS BIRD TREE DECORATION,12,2010-10-01 13:50:00,1.25,17706.0,United Kingdom
524963,22155,STAR DECORATION RUSTIC,48,2010-10-01 13:50:00,0.42,17706.0,United Kingdom
524963,21817,GLITTER CHRISTMAS TREE,12,2010-10-01 13:50:00,0.85,17706.0,United Kingdom
524963,21818,GLITTER CHRISTMAS HEART ,12,2010-10-01 13:50:00,0.85,17706.0,United Kingdom
524963,21819,GLITTER CHRISTMAS STAR ,12,2010-10-01 13:50:00,0.85,17706.0,United Kingdom
524963,21810,CHRISTMAS HANGING STAR WITH BELL,12,2010-10-01 13:50:00,1.25,17706.0,United Kingdom
524963,21809,CHRISTMAS HANGING TREE WITH BELL,12,2010-10-01 13:50:00,1.25,17706.0,United Kingdom
524963,35961,FOLKART ZINC HEART CHRISTMAS DEC,12,2010-10-01 13:50:00,0.85,17706.0,United Kingdom
524963,21390,FILIGRIS HEART WITH BUTTERFLY,24,2010-10-01 13:50:00,1.25,17706.0,United Kingdom
524963,22423,REGENCY CAKESTAND 3 TIER,4,2010-10-01 13:50:00,12.75,17706.0,United Kingdom
524963,22426,ENAMEL WASH BOWL CREAM,3,2010-10-01 13:50:00,3.75,17706.0,United Kingdom
525041,22634,CHILDS BREAKFAST SET SPACEBOY ,6,2010-10-03 12:56:00,9.95,14392.0,United Kingdom
525041,22570,FELTCRAFT CUSHION RABBIT,4,2010-10-03 12:56:00,3.75,14392.0,United Kingdom
525041,22568,FELTCRAFT CUSHION OWL,4,2010-10-03 12:56:00,3.75,14392.0,United Kingdom
525041,22548,HEADS AND TAILS SPORTING FUN,12,2010-10-03 12:56:00,1.25,14392.0,United Kingdom
525041,21889,WOODEN BOX OF DOMINOES,12,2010-10-03 12:56:00,1.25,14392.0,United Kingdom
525041,22561,WOODEN SCHOOL COLOURING SET,12,2010-10-03 12:56:00,1.65,14392.0,United Kingdom
525041,22493,PAINT YOUR OWN CANVAS SET,12,2010-10-03 12:56:00,1.65,14392.0,United Kingdom
525041,22734,SET OF 6 RIBBONS VINTAGE CHRISTMAS,12,2010-10-03 12:56:00,2.55,14392.0,United Kingdom
525041,85049A,TRADITIONAL CHRISTMAS RIBBONS,12,2010-10-03 12:56:00,1.25,14392.0,United Kingdom
525041,22380,TOY TIDY SPACEBOY  ,5,2010-10-03 12:56:00,2.1,14392.0,United Kingdom
525041,22664,TOY TIDY DOLLY GIRL DESIGN,5,2010-10-03 12:56:00,2.1,14392.0,United Kingdom
525041,22748,POPPY'S PLAYHOUSE KITCHEN,6,2010-10-03 12:56:00,2.1,14392.0,United Kingdom
525041,22745,POPPY'S PLAYHOUSE BEDROOM ,6,2010-10-03 12:56:00,2.1,14392.0,United Kingdom
525041,21559,STRAWBERRY LUNCH BOX WITH CUTLERY,6,2010-10-03 12:56:00,2.55,14392.0,United Kingdom
C525541,22423,REGENCY CAKESTAND 3 TIER,-2,2010-10-05 19:15:00,12.75,17706.0,United Kingdom
525596,21232,STRAWBERRY CERAMIC TRINKET BOX,24,2010-10-06 11:55:00,1.25,17706.0,United Kingdom
525596,21231,SWEETHEART CERAMIC TRINKET BOX,24,2010-10-06 11:55:00,1.25,17706.0,United Kingdom
525596,22835,HOT WATER BOTTLE I AM SO POORLY,4,2010-10-06 11:55:00,4.65,17706.0,United Kingdom
525596,21673,WHITE SPOT BLUE CERAMIC DRAWER KNOB,12,2010-10-06 11:55:00,1.25,17706.0,United Kingdom
525596,21672,WHITE SPOT RED CERAMIC DRAWER KNOB,12,2010-10-06 11:55:00,1.25,17706.0,United Kingdom
525596,21671,RED SPOT CERAMIC DRAWER KNOB,12,2010-10-06 11:55:00,1.25,17706.0,United Kingdom
525596,21670,BLUE SPOT CERAMIC DRAWER KNOB,12,2010-10-06 11:55:00,1.25,17706.0,United Kingdom
525596,21669,BLUE STRIPE CERAMIC DRAWER KNOB,12,2010-10-06 11:55:00,1.25,17706.0,United Kingdom
525596,21155,RED RETROSPOT PEG BAG,12,2010-10-06 11:55:00,2.1,17706.0,United Kingdom
525596,84970S,HANGING HEART ZINC T-LIGHT HOLDER,12,2010-10-06 11:55:00,0.85,17706.0,United Kingdom
525596,84970L,SINGLE HEART ZINC T-LIGHT HOLDER,12,2010-10-06 11:55:00,0.95,17706.0,United Kingdom
525596,22185,SLATE TILE NATURAL HANGING,12,2010-10-06 11:55:00,1.65,17706.0,United Kingdom
525596,21668,RED STRIPE CERAMIC DRAWER KNOB,12,2010-10-06 11:55:00,1.25,17706.0,United Kingdom
525596,22896,PEG BAG APPLE DESIGN,6,2010-10-06 11:55:00,2.55,17706.0,United Kingdom
525596,22423,REGENCY CAKESTAND 3 TIER,6,2010-10-06 11:55:00,12.75,17706.0,United Kingdom
525596,22699,ROSES REGENCY TEACUP AND SAUCER ,12,2010-10-06 11:55:00,2.95,17706.0,United Kingdom
525596,22508,DOORSTOP RETROSPOT HEART,4,2010-10-06 11:55:00,3.75,17706.0,United Kingdom
C525936,22553,PLASTERS IN TIN SKULLS,-2,2010-10-07 17:08:00,1.65,17706.0,United Kingdom
C525936,22494,EMERGENCY FIRST AID TIN ,-1,2010-10-07 17:08:00,1.25,17706.0,United Kingdom
C525936,22666,RECIPE BOX PANTRY YELLOW DESIGN,-6,2010-10-07 17:08:00,2.95,17706.0,United Kingdom
C525936,21464,DISCO BALL ROTATOR BATTERY OPERATED,-6,2010-10-07 17:08:00,4.25,17706.0,United Kingdom
C525936,21463,MIRRORED DISCO BALL ,-6,2010-10-07 17:08:00,5.95,17706.0,United Kingdom
C525936,21534,DAIRY MAID LARGE MILK JUG,-1,2010-10-07 17:08:00,4.95,17706.0,United Kingdom
526498,21524,DOORMAT SPOTTY HOME SWEET HOME,10,2010-10-12 09:58:00,6.75,14739.0,United Kingdom
526498,22691,DOORMAT WELCOME SUNRISE,10,2010-10-12 09:58:00,6.75,14739.0,United Kingdom
526498,48138,DOORMAT UNION FLAG,10,2010-10-12 09:58:00,6.75,14739.0,United Kingdom
526498,22726,ALARM CLOCK BAKELIKE GREEN,8,2010-10-12 09:58:00,3.75,14739.0,United Kingdom
526498,22736,RIBBON REEL MAKING SNOWMEN ,10,2010-10-12 09:58:00,1.65,14739.0,United Kingdom
526498,22909,SET OF 20 VINTAGE CHRISTMAS NAPKINS,96,2010-10-12 09:58:00,0.64,14739.0,United Kingdom
526498,22086,PAPER CHAIN KIT 50'S CHRISTMAS ,40,2010-10-12 09:58:00,2.55,14739.0,United Kingdom
526498,21358,TOAST ITS - HAPPY BIRTHDAY,12,2010-10-12 09:58:00,1.25,14739.0,United Kingdom
526498,21790,VINTAGE SNAP CARDS,72,2010-10-12 09:58:00,0.72,14739.0,United Kingdom
526498,84077,WORLD WAR 2 GLIDERS ASSTD DESIGNS,288,2010-10-12 09:58:00,0.21,14739.0,United Kingdom
526498,22089,PAPER BUNTING VINTAGE PAISLEY,40,2010-10-12 09:58:00,2.55,14739.0,United Kingdom
C526543,21735,TWO DOOR CURIO CABINET,-1,2010-10-12 11:31:00,12.75,17706.0,United Kingdom
C527019,20725,LUNCH BAG RED RETROSPOT,-1,2010-10-14 11:49:00,1.45,14680.0,United Kingdom
C527019,22355,CHARLOTTE BAG SUKI DESIGN,-1,2010-10-14 11:49:00,0.72,14680.0,United Kingdom
C527019,22384,LUNCH BAG PINK POLKADOT,-4,2010-10-14 11:49:00,1.65,14680.0,United Kingdom
C527019,21931,JUMBO STORAGE BAG SUKI,-1,2010-10-14 11:49:00,1.95,14680.0,United Kingdom
C527019,20713,JUMBO BAG OWLS,-1,2010-10-14 11:49:00,1.95,14680.0,United Kingdom
527021,21430,SET/3 RED GINGHAM ROSE STORAGE BOX,24,2010-10-14 11:52:00,3.39,14680.0,United Kingdom
527021,85099B,JUMBO BAG RED RETROSPOT,100,2010-10-14 11:52:00,1.65,14680.0,United Kingdom
527021,22383,LUNCH BAG SUKI  DESIGN ,100,2010-10-14 11:52:00,1.45,14680.0,United Kingdom
527021,22355,CHARLOTTE BAG SUKI DESIGN,100,2010-10-14 11:52:00,0.72,14680.0,United Kingdom
527021,85099C,JUMBO  BAG BAROQUE BLACK WHITE,20,2010-10-14 11:52:00,1.95,14680.0,United Kingdom
527021,20713,JUMBO BAG OWLS,20,2010-10-14 11:52:00,1.95,14680.0,United Kingdom
527021,21931,JUMBO STORAGE BAG SUKI,10,2010-10-14 11:52:00,1.95,14680.0,United Kingdom
527021,20719,WOODLAND CHARLOTTE BAG,10,2010-10-14 11:52:00,0.85,14680.0,United Kingdom
527021,20724,RED RETROSPOT CHARLOTTE BAG,10,2010-10-14 11:52:00,0.85,14680.0,United Kingdom
527021,22384,LUNCH BAG PINK POLKADOT,10,2010-10-14 11:52:00,1.65,14680.0,United Kingdom
527021,22865,HAND WARMER OWL DESIGN,1,2010-10-14 11:52:00,2.1,14680.0,United Kingdom
527021,22867,HAND WARMER BIRD DESIGN,1,2010-10-14 11:52:00,2.1,14680.0,United Kingdom
527021,22632,HAND WARMER RED RETROSPOT,1,2010-10-14 11:52:00,2.1,14680.0,United Kingdom
527021,22633,HAND WARMER UNION JACK,1,2010-10-14 11:52:00,2.1,14680.0,United Kingdom
527021,84032B,CHARLIE + LOLA RED HOT WATER BOTTLE,5,2010-10-14 11:52:00,2.95,14680.0,United Kingdom
527021,84032A,CHARLIE+LOLA PINK HOT WATER BOTTLE,3,2010-10-14 11:52:00,2.95,14680.0,United Kingdom
527021,22326,ROUND SNACK BOXES SET OF4 WOODLAND ,4,2010-10-14 11:52:00,2.95,14680.0,United Kingdom
527021,47556B,TEA TIME TEA TOWELS ,5,2010-10-14 11:52:00,2.95,14680.0,United Kingdom
527021,84997A,GREEN 3 PIECE POLKADOT CUTLERY SET,10,2010-10-14 11:52:00,3.75,14680.0,United Kingdom
527021,84997B,RED 3 PIECE RETROSPOT CUTLERY SET,10,2010-10-14 11:52:00,3.75,14680.0,United Kingdom
527021,84997C,BLUE 3 PIECE POLKADOT CUTLERY SET,10,2010-10-14 11:52:00,3.75,14680.0,United Kingdom
527021,84997D,PINK 3 PIECE POLKADOT CUTLERY SET,10,2010-10-14 11:52:00,3.75,14680.0,United Kingdom
527021,84029E,RED WOOLLY HOTTIE WHITE HEART.,24,2010-10-14 11:52:00,3.39,14680.0,United Kingdom
527021,21479,WHITE SKULL HOT WATER BOTTLE ,24,2010-10-14 11:52:00,3.39,14680.0,United Kingdom
527021,21035,SET/2 RED RETROSPOT TEA TOWELS ,6,2010-10-14 11:52:00,2.95,14680.0,United Kingdom
527021,21212,PACK OF 72 RETROSPOT CAKE CASES,72,2010-10-14 11:52:00,0.55,14680.0,United Kingdom
527021,21213,PACK OF 72 SKULL CAKE CASES,72,2010-10-14 11:52:00,0.55,14680.0,United Kingdom
527021,84991,60 TEATIME FAIRY CAKE CASES,72,2010-10-14 11:52:00,0.55,14680.0,United Kingdom
527021,21975,PACK OF 60 DINOSAUR CAKE CASES,24,2010-10-14 11:52:00,0.55,14680.0,United Kingdom
527057,22059,CERAMIC STRAWBERRY DESIGN MUG,240,2010-10-14 13:20:00,1.25,16211.0,United Kingdom
527452,20725,LUNCH BAG RED RETROSPOT,10,2010-10-18 10:07:00,1.65,15180.0,United Kingdom
527452,20727,LUNCH BAG  BLACK SKULL.,10,2010-10-18 10:07:00,1.65,15180.0,United Kingdom
527452,21166,COOK WITH WINE METAL SIGN ,12,2010-10-18 10:07:00,1.95,15180.0,United Kingdom
527452,21165,BEWARE OF THE CAT METAL SIGN ,12,2010-10-18 10:07:00,1.69,15180.0,United Kingdom
527452,22112,CHOCOLATE HOT WATER BOTTLE,3,2010-10-18 10:07:00,4.95,15180.0,United Kingdom
527452,22114,HOT WATER BOTTLE TEA AND SYMPATHY,4,2010-10-18 10:07:00,3.95,15180.0,United Kingdom
527452,22348,TEA BAG PLATE RED RETROSPOT,12,2010-10-18 10:07:00,0.85,15180.0,United Kingdom
527452,22818,CARD CHRISTMAS VILLAGE,12,2010-10-18 10:07:00,0.42,15180.0,United Kingdom
527452,22130,PARTY CONE CHRISTMAS DECORATION ,12,2010-10-18 10:07:00,0.85,15180.0,United Kingdom
527452,21802,CHRISTMAS TREE HEART DECORATION,36,2010-10-18 10:07:00,0.42,15180.0,United Kingdom
527452,21801,CHRISTMAS TREE DECORATION WITH BELL,36,2010-10-18 10:07:00,0.42,15180.0,United Kingdom
527452,22336,DOVE DECORATION PAINTED ZINC ,24,2010-10-18 10:07:00,0.65,15180.0,United Kingdom
527452,35970,ZINC FOLKART SLEIGH BELLS,12,2010-10-18 10:07:00,1.69,15180.0,United Kingdom
527452,22571,ROCKING HORSE RED CHRISTMAS ,12,2010-10-18 10:07:00,0.85,15180.0,United Kingdom
527452,22581,WOOD STOCKING CHRISTMAS SCANDISPOT,12,2010-10-18 10:07:00,0.85,15180.0,United Kingdom
527452,22593,CHRISTMAS GINGHAM STAR,12,2010-10-18 10:07:00,0.85,15180.0,United Kingdom
527452,22307,GOLD MUG BONE CHINA TREE OF LIFE,6,2010-10-18 10:07:00,1.95,15180.0,United Kingdom
527452,35832,WOOLLY HAT SOCK GLOVE ADVENT STRING,12,2010-10-18 10:07:00,2.95,15180.0,United Kingdom
527943,22775,PURPLE DRAWERKNOB ACRYLIC EDWARDIAN,12,2010-10-19 14:51:00,1.25,17137.0,United Kingdom
527943,22178,VICTORIAN GLASS HANGING T-LIGHT,12,2010-10-19 14:51:00,1.25,17137.0,United Kingdom
527943,22082,RIBBON REEL STRIPES DESIGN ,10,2010-10-19 14:51:00,1.65,17137.0,United Kingdom
527943,22296,HEART IVORY TRELLIS LARGE,12,2010-10-19 14:51:00,1.65,17137.0,United Kingdom
527943,22295,HEART FILIGREE DOVE LARGE,12,2010-10-19 14:51:00,1.65,17137.0,United Kingdom
527943,21524,DOORMAT SPOTTY HOME SWEET HOME,2,2010-10-19 14:51:00,7.95,17137.0,United Kingdom
527943,84879,ASSORTED COLOUR BIRD ORNAMENT,16,2010-10-19 14:51:00,1.69,17137.0,United Kingdom
527943,21135,VICTORIAN  METAL POSTCARD SPRING,16,2010-10-19 14:51:00,1.69,17137.0,United Kingdom
527943,85123A,WHITE HANGING HEART T-LIGHT HOLDER,12,2010-10-19 14:51:00,2.95,17137.0,United Kingdom
528069,21479,WHITE SKULL HOT WATER BOTTLE ,6,2010-10-20 12:22:00,3.75,17706.0,United Kingdom
528069,21216,"SET 3 RED SPOT TIN TEA,COFFEE,SUGAR",4,2010-10-20 12:22:00,4.95,17706.0,United Kingdom
528069,15036,ASSORTED COLOURS SILK FAN,24,2010-10-20 12:22:00,0.75,17706.0,United Kingdom
528069,84880,WHITE WIRE EGG HOLDER,6,2010-10-20 12:22:00,5.95,17706.0,United Kingdom
528069,79321,CHILLI LIGHTS,12,2010-10-20 12:22:00,4.95,17706.0,United Kingdom
528069,85123A,WHITE HANGING HEART T-LIGHT HOLDER,12,2010-10-20 12:22:00,2.95,17706.0,United Kingdom
528069,51008,AFGHAN SLIPPER SOCK PAIR,110,2010-10-20 12:22:00,3.45,17706.0,United Kingdom
528635,21808,"CHRISTMAS GARLAND STARS,TREES",36,2010-10-24 11:31:00,1.25,17470.0,United Kingdom
528635,22055,MINI CAKE STAND  HANGING STRAWBERY,8,2010-10-24 11:31:00,1.65,17470.0,United Kingdom
528635,22061,LARGE CAKE STAND  HANGING STRAWBERY,12,2010-10-24 11:31:00,8.5,17470.0,United Kingdom
528635,21232,STRAWBERRY CERAMIC TRINKET BOX,24,2010-10-24 11:31:00,1.25,17470.0,United Kingdom
528635,22646,CERAMIC STRAWBERRY CAKE MONEY BANK,24,2010-10-24 11:31:00,1.45,17470.0,United Kingdom
528635,22200,FRYING PAN PINK POLKADOT,4,2010-10-24 11:31:00,4.25,17470.0,United Kingdom
528635,22855,FINE WICKER HEART ,12,2010-10-24 11:31:00,1.25,17470.0,United Kingdom
528635,35609A,PINK FEATHER CHRISTMAS DECORATION,24,2010-10-24 11:31:00,0.19,17470.0,United Kingdom
528635,20982,12 PENCILS TALL TUBE SKULLS,12,2010-10-24 11:31:00,0.85,17470.0,United Kingdom
528635,20983,12 PENCILS TALL TUBE RED RETROSPOT,12,2010-10-24 11:31:00,0.85,17470.0,United Kingdom
528635,22645,CERAMIC HEART FAIRY CAKE MONEY BANK,12,2010-10-24 11:31:00,1.45,17470.0,United Kingdom
529588,84352,SILVER CHRISTMAS TREE BAUBLE STAND ,1,2010-10-28 19:52:00,16.95,16905.0,United Kingdom
529588,35400,WOODEN BOX ADVENT CALENDAR ,5,2010-10-28 19:52:00,8.95,16905.0,United Kingdom
529588,15056BL,EDWARDIAN PARASOL BLACK,2,2010-10-28 19:52:00,5.95,16905.0,United Kingdom
529588,15056N,EDWARDIAN PARASOL NATURAL,2,2010-10-28 19:52:00,5.95,16905.0,United Kingdom
529588,84949,SILVER HANGING T-LIGHT HOLDER,6,2010-10-28 19:52:00,1.65,16905.0,United Kingdom
529588,20871,OPULENT VELVET SET/3 CANDLES,4,2010-10-28 19:52:00,2.1,16905.0,United Kingdom
529588,22891,TEA FOR ONE POLKADOT,2,2010-10-28 19:52:00,4.25,16905.0,United Kingdom
529588,85048,15CM CHRISTMAS GLASS BALL 20 LIGHTS,8,2010-10-28 19:52:00,7.95,16905.0,United Kingdom
529588,21011,GLITTER SNOW PEAR TREE DECORATION,8,2010-10-28 19:52:00,1.45,16905.0,United Kingdom
529588,21009,ETCHED GLASS STAR TREE DECORATION,5,2010-10-28 19:52:00,1.25,16905.0,United Kingdom
529588,84347,ROTATING SILVER ANGELS T-LIGHT HLDR,5,2010-10-28 19:52:00,2.55,16905.0,United Kingdom
529588,22576,SWALLOW WOODEN CHRISTMAS DECORATION,3,2010-10-28 19:52:00,0.85,16905.0,United Kingdom
529588,20828,GLITTER BUTTERFLY CLIPS,3,2010-10-28 19:52:00,2.55,16905.0,United Kingdom
529588,35970,ZINC FOLKART SLEIGH BELLS,3,2010-10-28 19:52:00,1.69,16905.0,United Kingdom
529588,22162,HEART GARLAND RUSTIC PADDED,2,2010-10-28 19:52:00,2.95,16905.0,United Kingdom
529588,22619,SET OF 6 SOLDIER SKITTLES,4,2010-10-28 19:52:00,3.75,16905.0,United Kingdom
529588,18007,ESSENTIAL BALM 3.5g TIN IN ENVELOPE,20,2010-10-28 19:52:00,0.18,16905.0,United Kingdom
529588,22158,3 HEARTS HANGING DECORATION RUSTIC,3,2010-10-28 19:52:00,2.95,16905.0,United Kingdom
529588,21819,GLITTER CHRISTMAS STAR ,10,2010-10-28 19:52:00,0.85,16905.0,United Kingdom
529588,21817,GLITTER CHRISTMAS TREE,10,2010-10-28 19:52:00,0.85,16905.0,United Kingdom
529588,21818,GLITTER CHRISTMAS HEART ,10,2010-10-28 19:52:00,0.85,16905.0,United Kingdom
529588,84754,S/15 SILVER GLASS BAUBLES IN BAG,8,2010-10-28 19:52:00,1.25,16905.0,United Kingdom
529768,22835,HOT WATER BOTTLE I AM SO POORLY,4,2010-10-29 15:05:00,4.65,13711.0,United Kingdom
529768,22112,CHOCOLATE HOT WATER BOTTLE,3,2010-10-29 15:05:00,4.95,13711.0,United Kingdom
529768,22114,HOT WATER BOTTLE TEA AND SYMPATHY,4,2010-10-29 15:05:00,3.95,13711.0,United Kingdom
529768,22364,GLASS JAR DIGESTIVE BISCUITS,6,2010-10-29 15:05:00,2.95,13711.0,United Kingdom
529768,21106,CREAM SLICE FLANNEL CHOCOLATE SPOT ,6,2010-10-29 15:05:00,2.95,13711.0,United Kingdom
529768,21107,CREAM SLICE FLANNEL PINK SPOT ,6,2010-10-29 15:05:00,2.95,13711.0,United Kingdom
529768,21108,FAIRY CAKE FLANNEL ASSORTED COLOUR,9,2010-10-29 15:05:00,2.55,13711.0,United Kingdom
529768,21109,"LARGE CAKE TOWEL, CHOCOLATE SPOTS",2,2010-10-29 15:05:00,6.75,13711.0,United Kingdom
529768,21110,LARGE CAKE TOWEL PINK SPOTS,2,2010-10-29 15:05:00,6.75,13711.0,United Kingdom
529768,85123A,WHITE HANGING HEART T-LIGHT HOLDER,6,2010-10-29 15:05:00,2.95,13711.0,United Kingdom
529768,17096,ASSORTED LAQUERED INCENSE HOLDERS,48,2010-10-29 15:05:00,0.21,13711.0,United Kingdom
529836,21191,LARGE WHITE HONEYCOMB PAPER BELL  ,48,2010-10-31 12:34:00,1.69,14739.0,United Kingdom
529836,21186,WHITE DOVE HONEYCOMB PAPER GARLAND,48,2010-10-31 12:34:00,1.45,14739.0,United Kingdom
529836,22727,ALARM CLOCK BAKELIKE RED ,12,2010-10-31 12:34:00,3.75,14739.0,United Kingdom
529836,22725,ALARM CLOCK BAKELIKE CHOCOLATE,12,2010-10-31 12:34:00,3.75,14739.0,United Kingdom
529836,22726,ALARM CLOCK BAKELIKE GREEN,12,2010-10-31 12:34:00,3.75,14739.0,United Kingdom
529836,22729,ALARM CLOCK BAKELIKE ORANGE,12,2010-10-31 12:34:00,3.75,14739.0,United Kingdom
529836,22730,ALARM CLOCK BAKELIKE IVORY,12,2010-10-31 12:34:00,3.75,14739.0,United Kingdom
529836,84971S,SMALL HEART FLOWERS HOOK ,288,2010-10-31 12:34:00,0.64,14739.0,United Kingdom
531445,20727,LUNCH BAG  BLACK SKULL.,10,2010-11-08 12:36:00,1.65,17470.0,United Kingdom
531445,21231,SWEETHEART CERAMIC TRINKET BOX,12,2010-11-08 12:36:00,1.25,17470.0,United Kingdom
531445,22064,PINK DOUGHNUT TRINKET POT ,12,2010-11-08 12:36:00,1.65,17470.0,United Kingdom
531445,22189,CREAM HEART CARD HOLDER,4,2010-11-08 12:36:00,3.95,17470.0,United Kingdom
531445,47591D,PINK FAIRY CAKE CHILDRENS APRON,8,2010-11-08 12:36:00,1.95,17470.0,United Kingdom
531445,22367,CHILDRENS APRON SPACEBOY DESIGN,8,2010-11-08 12:36:00,1.95,17470.0,United Kingdom
531445,22493,PAINT YOUR OWN CANVAS SET,12,2010-11-08 12:36:00,1.65,17470.0,United Kingdom
531445,22553,PLASTERS IN TIN SKULLS,12,2010-11-08 12:36:00,1.65,17470.0,United Kingdom
531445,21967,PACK OF 12 SKULL TISSUES,24,2010-11-08 12:36:00,0.29,17470.0,United Kingdom
531445,21980,PACK OF 12 RED RETROSPOT TISSUES ,24,2010-11-08 12:36:00,0.29,17470.0,United Kingdom
531851,22617,BAKING SET SPACEBOY DESIGN,3,2010-11-10 09:52:00,4.95,14365.0,United Kingdom
531851,20725,LUNCH BAG RED SPOTTY,10,2010-11-10 09:52:00,1.65,14365.0,United Kingdom
531851,22968,ROSE COTTAGE KEEPSAKE BOX ,2,2010-11-10 09:52:00,9.95,14365.0,United Kingdom
531851,21914,BLUE HARMONICA IN BOX ,12,2010-11-10 09:52:00,1.25,14365.0,United Kingdom
531851,22561,WOODEN SCHOOL COLOURING SET,12,2010-11-10 09:52:00,1.65,14365.0,United Kingdom
531851,22491,PACK OF 12 COLOURED PENCILS,12,2010-11-10 09:52:00,0.85,14365.0,United Kingdom
531851,21889,WOODEN BOX OF DOMINOES,12,2010-11-10 09:52:00,1.25,14365.0,United Kingdom
531851,22748,POPPY'S PLAYHOUSE KITCHEN,6,2010-11-10 09:52:00,2.1,14365.0,United Kingdom
531851,22746,POPPY'S PLAYHOUSE LIVINGROOM ,6,2010-11-10 09:52:00,2.1,14365.0,United Kingdom
531851,22745,POPPY'S PLAYHOUSE BEDROOM ,6,2010-11-10 09:52:00,2.1,14365.0,United Kingdom
531851,22747,POPPY'S PLAYHOUSE BATHROOM,6,2010-11-10 09:52:00,2.1,14365.0,United Kingdom
531851,22553,PLASTERS IN TIN SKULLS,12,2010-11-10 09:52:00,1.65,14365.0,United Kingdom
531851,22551,PLASTERS IN TIN SPACEBOY,12,2010-11-10 09:52:00,1.65,14365.0,United Kingdom
531851,22622,BOX OF VINTAGE ALPHABET BLOCKS,2,2010-11-10 09:52:00,9.95,14365.0,United Kingdom
531851,47591D,PINK FAIRY CAKE CHILDRENS APRON,8,2010-11-10 09:52:00,1.95,14365.0,United Kingdom
531851,22371,AIRLINE BAG VINTAGE TOKYO 78,4,2010-11-10 09:52:00,4.25,14365.0,United Kingdom
531851,16156S,WRAP PINK FAIRY CAKES ,25,2010-11-10 09:52:00,0.42,14365.0,United Kingdom
531851,21498,RED SPOTS  WRAP ,25,2010-11-10 09:52:00,0.42,14365.0,United Kingdom
531851,21499,BLUE SPOTS  WRAP,25,2010-11-10 09:52:00,0.42,14365.0,United Kingdom
531851,22814,CARD PARTY GAMES ,12,2010-11-10 09:52:00,0.42,14365.0,United Kingdom
531851,21509,COWBOYS AND INDIANS BIRTHDAY CARD ,12,2010-11-10 09:52:00,0.42,14365.0,United Kingdom
531851,22474,SPACEBOY TV DINNER TRAY,3,2010-11-10 09:52:00,4.95,14365.0,United Kingdom
532282,21931,JUMBO STORAGE BAG SUKI,30,2010-11-11 13:08:00,1.95,14680.0,United Kingdom
532282,20713,JUMBO BAG OWLS,40,2010-11-11 13:08:00,1.95,14680.0,United Kingdom
532282,22386,JUMBO BAG PINK POLKADOT,10,2010-11-11 13:08:00,1.95,14680.0,United Kingdom
532282,21930,JUMBO STORAGE BAG SKULLS,30,2010-11-11 13:08:00,1.95,14680.0,United Kingdom
532282,85099C,JUMBO  BAG BAROQUE BLACK WHITE,30,2010-11-11 13:08:00,1.95,14680.0,United Kingdom
532282,20712,JUMBO BAG WOODLAND ANIMALS,20,2010-11-11 13:08:00,1.95,14680.0,United Kingdom
532282,20728,LUNCH BAG CARS BLUE,10,2010-11-11 13:08:00,1.65,14680.0,United Kingdom
532282,20727,LUNCH BAG  BLACK SKULL.,20,2010-11-11 13:08:00,1.65,14680.0,United Kingdom
532282,20719,WOODLAND CHARLOTTE BAG,10,2010-11-11 13:08:00,0.85,14680.0,United Kingdom
532282,20724,RED RETROSPOT CHARLOTTE BAG,20,2010-11-11 13:08:00,0.85,14680.0,United Kingdom
532282,47556B,TEA TIME TEA TOWELS ,5,2010-11-11 13:08:00,2.95,14680.0,United Kingdom
532282,21559,STRAWBERRY LUNCH BOX WITH CUTLERY,3,2010-11-11 13:08:00,2.55,14680.0,United Kingdom
532282,21558,SKULL LUNCH BOX WITH CUTLERY ,11,2010-11-11 13:08:00,2.55,14680.0,United Kingdom
532282,22242,5 HOOK HANGER MAGIC TOADSTOOL,24,2010-11-11 13:08:00,1.65,14680.0,United Kingdom
532282,84997D,PINK 3 PIECE POLKADOT CUTLERY SET,20,2010-11-11 13:08:00,3.75,14680.0,United Kingdom
532282,84997B,RED 3 PIECE RETROSPOT CUTLERY SET,12,2010-11-11 13:08:00,3.75,14680.0,United Kingdom
532282,84997A,GREEN 3 PIECE POLKADOT CUTLERY SET,6,2010-11-11 13:08:00,3.75,14680.0,United Kingdom
532282,22197,SMALL POPCORN HOLDER,20,2010-11-11 13:08:00,0.85,14680.0,United Kingdom
532282,22198,LARGE POPCORN HOLDER ,20,2010-11-11 13:08:00,1.65,14680.0,United Kingdom
532282,21258,VICTORIAN SEWING BOX LARGE,12,2010-11-11 13:08:00,10.95,14680.0,United Kingdom
532282,79321,CHILLI LIGHTS,24,2010-11-11 13:08:00,4.25,14680.0,United Kingdom
532282,21731,RED TOADSTOOL LED NIGHT LIGHT,48,2010-11-11 13:08:00,1.65,14680.0,United Kingdom
532282,22772,PINK DRAWER KNOB ACRYLIC EDWARDIAN,24,2010-11-11 13:08:00,1.25,14680.0,United Kingdom
532282,22775,PURPLE DRAWERKNOB ACRYLIC EDWARDIAN,24,2010-11-11 13:08:00,1.25,14680.0,United Kingdom
532282,22774,RED DRAWER KNOB ACRYLIC EDWARDIAN,24,2010-11-11 13:08:00,1.25,14680.0,United Kingdom
532282,22771,CLEAR DRAWER KNOB ACRYLIC EDWARDIAN,24,2010-11-11 13:08:00,1.25,14680.0,United Kingdom
532282,21479,WHITE SKULL HOT WATER BOTTLE ,12,2010-11-11 13:08:00,3.75,14680.0,United Kingdom
532282,84029E,RED WOOLLY HOTTIE WHITE HEART.,12,2010-11-11 13:08:00,3.75,14680.0,United Kingdom
532282,22112,CHOCOLATE HOT WATER BOTTLE,24,2010-11-11 13:08:00,4.25,14680.0,United Kingdom
532282,22667,RECIPE BOX RETROSPOT ,24,2010-11-11 13:08:00,2.55,14680.0,United Kingdom
532282,22837,HOT WATER BOTTLE BABUSHKA ,36,2010-11-11 13:08:00,4.25,14680.0,United Kingdom
C532341,22198,LARGE POPCORN HOLDER ,-5,2010-11-11 16:05:00,1.65,14680.0,United Kingdom
C532341,21258,VICTORIAN SEWING BOX LARGE,-12,2010-11-11 16:05:00,10.95,14680.0,United Kingdom
532342,22198,LARGE POPCORN HOLDER ,5,2010-11-11 16:07:00,1.65,14680.0,United Kingdom
532342,21258,VICTORIAN SEWING BOX LARGE,12,2010-11-11 16:07:00,10.95,14680.0,United Kingdom
C532343,22198,LARGE POPCORN HOLDER ,-5,2010-11-11 16:08:00,1.65,14680.0,United Kingdom
C532343,21258,VICTORIAN SEWING BOX LARGE,-12,2010-11-11 16:08:00,10.95,14680.0,United Kingdom
532344,21258,VICTORIAN SEWING BOX LARGE,6,2010-11-11 16:08:00,12.75,14680.0,United Kingdom
532554,16015,MEDIUM CHINESE STYLE SCISSOR,5,2010-11-12 12:32:00,0.5,15983.0,United Kingdom
532554,16014,SMALL CHINESE STYLE SCISSOR,5,2010-11-12 12:32:00,0.42,15983.0,United Kingdom
532554,18007,ESSENTIAL BALM 3.5g TIN IN ENVELOPE,20,2010-11-12 12:32:00,0.18,15983.0,United Kingdom
532554,22585,PACK OF 6 BIRDY GIFT TAGS,3,2010-11-12 12:32:00,1.25,15983.0,United Kingdom
532554,22142,CHRISTMAS CRAFT WHITE FAIRY ,3,2010-11-12 12:32:00,1.45,15983.0,United Kingdom
532554,22144,CHRISTMAS CRAFT LITTLE FRIENDS,3,2010-11-12 12:32:00,2.1,15983.0,United Kingdom
532554,21916,SET 12 RETRO WHITE CHALK STICKS,6,2010-11-12 12:32:00,0.42,15983.0,United Kingdom
532554,21918,SET 12 KIDS COLOUR  CHALK STICKS,4,2010-11-12 12:32:00,0.42,15983.0,United Kingdom
532554,10135,COLOURING PENCILS BROWN TUBE,2,2010-11-12 12:32:00,1.25,15983.0,United Kingdom
532554,21591,COSY HOUR CIGAR BOX MATCHES ,4,2010-11-12 12:32:00,1.25,15983.0,United Kingdom
532554,21894,POTTING SHED SEED ENVELOPES,1,2010-11-12 12:32:00,1.25,15983.0,United Kingdom
532554,22520,CHILDS GARDEN TROWEL BLUE ,2,2010-11-12 12:32:00,0.85,15983.0,United Kingdom
532554,22522,CHILDS GARDEN FORK BLUE ,2,2010-11-12 12:32:00,0.85,15983.0,United Kingdom
532554,22523,CHILDS GARDEN FORK PINK,2,2010-11-12 12:32:00,0.85,15983.0,United Kingdom
532554,22521,CHILDS GARDEN TROWEL PINK,2,2010-11-12 12:32:00,0.85,15983.0,United Kingdom
532554,22525,CHILDRENS GARDEN GLOVES PINK,2,2010-11-12 12:32:00,1.25,15983.0,United Kingdom
532554,22524,CHILDRENS GARDEN GLOVES BLUE,2,2010-11-12 12:32:00,1.25,15983.0,United Kingdom
532554,21586,KINGS CHOICE GIANT TUBE MATCHES,5,2010-11-12 12:32:00,2.55,15983.0,United Kingdom
532554,22139,RETROSPOT TEA SET CERAMIC 11 PC ,2,2010-11-12 12:32:00,4.95,15983.0,United Kingdom
532554,85169A,IVORY LOVE BIRD CANDLE,4,2010-11-12 12:32:00,1.25,15983.0,United Kingdom
532554,85169B,BLACK LOVE BIRD CANDLE,4,2010-11-12 12:32:00,1.25,15983.0,United Kingdom
532554,22623,BOX OF VINTAGE JIGSAW BLOCKS ,3,2010-11-12 12:32:00,4.95,15983.0,United Kingdom
532554,22516,CHILDS GARDEN RAKE BLUE,1,2010-11-12 12:32:00,2.1,15983.0,United Kingdom
532554,22514,CHILDS GARDEN SPADE BLUE,1,2010-11-12 12:32:00,2.1,15983.0,United Kingdom
532554,22518,CHILDS GARDEN BRUSH BLUE,1,2010-11-12 12:32:00,2.1,15983.0,United Kingdom
532554,22456,NATURAL SLATE CHALKBOARD LARGE ,2,2010-11-12 12:32:00,4.95,15983.0,United Kingdom
532554,84625C,BLUE NEW BAROQUE CANDLESTICK CANDLE,2,2010-11-12 12:32:00,2.95,15983.0,United Kingdom
532554,84625A,PINK NEW BAROQUECANDLESTICK CANDLE,9,2010-11-12 12:32:00,2.95,15983.0,United Kingdom
532554,22082,RIBBON REEL STRIPES DESIGN ,10,2010-11-12 12:32:00,1.65,15983.0,United Kingdom
532554,22622,BOX OF VINTAGE ALPHABET BLOCKS,2,2010-11-12 12:32:00,9.95,15983.0,United Kingdom
532554,22488,NATURAL SLATE RECTANGLE CHALKBOARD,1,2010-11-12 12:32:00,1.65,15983.0,United Kingdom
532554,22185,SLATE TILE NATURAL HANGING,5,2010-11-12 12:32:00,1.65,15983.0,United Kingdom
532554,20767,BLUE PAISLEY JOURNAL ,1,2010-11-12 12:32:00,2.55,15983.0,United Kingdom
532554,72800E,4 IVORY DINNER CANDLES SILVER FLOCK,3,2010-11-12 12:32:00,2.55,15983.0,United Kingdom
532554,20769,DAISY JOURNAL ,1,2010-11-12 12:32:00,2.55,15983.0,United Kingdom
532554,20758,ABSTRACT CIRCLES POCKET BOOK,2,2010-11-12 12:32:00,0.85,15983.0,United Kingdom
532554,20756,GREEN FERN POCKET BOOK,2,2010-11-12 12:32:00,0.85,15983.0,United Kingdom
532554,20760,GARDEN PATH POCKET BOOK,2,2010-11-12 12:32:00,0.85,15983.0,United Kingdom
532554,20759,CHRYSANTHEMUM POCKET BOOK ,2,2010-11-12 12:32:00,0.85,15983.0,United Kingdom
532554,20775,DAISY NOTEBOOK ,2,2010-11-12 12:32:00,1.65,15983.0,United Kingdom
532554,20757,RED DAISY POCKET BOOK ,2,2010-11-12 12:32:00,0.85,15983.0,United Kingdom
532554,20755,BLUE PAISLEY POCKET BOOK,2,2010-11-12 12:32:00,0.85,15983.0,United Kingdom
532554,20773,BLUE PAISLEY NOTEBOOK,2,2010-11-12 12:32:00,1.65,15983.0,United Kingdom
532554,20778,GARDEN PATH NOTEBOOK ,2,2010-11-12 12:32:00,1.65,15983.0,United Kingdom
532554,22294,HEART FILIGREE DOVE  SMALL,48,2010-11-12 12:32:00,1.25,15983.0,United Kingdom
532554,21136,PAINTED METAL PEARS ASSORTED,16,2010-11-12 12:32:00,1.69,15983.0,United Kingdom
532554,84879,ASSORTED COLOUR BIRD ORNAMENT,32,2010-11-12 12:32:00,1.69,15983.0,United Kingdom
532554,22620,4 TRADITIONAL SPINNING TOPS,3,2010-11-12 12:32:00,1.25,15983.0,United Kingdom
532554,21891,TRADITIONAL WOODEN SKIPPING ROPE,5,2010-11-12 12:32:00,1.25,15983.0,United Kingdom
532554,22619,SET OF 6 SOLDIER SKITTLES,5,2010-11-12 12:32:00,3.75,15983.0,United Kingdom
532554,84754,S/15 SILVER GLASS BAUBLES IN BAG,5,2010-11-12 12:32:00,1.25,15983.0,United Kingdom
532554,21651,HANGING GLASS ETCHED TEALIGHT,18,2010-11-12 12:32:00,1.65,15983.0,United Kingdom
532554,10135,COLOURING PENCILS BROWN TUBE,3,2010-11-12 12:32:00,1.25,15983.0,United Kingdom
532554,84836,ZINC METAL HEART DECORATION,12,2010-11-12 12:32:00,1.25,15983.0,United Kingdom
532554,85172,HYACINTH BULB T-LIGHT CANDLES,32,2010-11-12 12:32:00,0.42,15983.0,United Kingdom
532999,22459,CAST IRON HOOK GARDEN TROWEL,8,2010-11-15 14:48:00,2.55,13900.0,United Kingdom
532999,22458,CAST IRON HOOK GARDEN FORK,8,2010-11-15 14:48:00,2.55,13900.0,United Kingdom
532999,22299,PIG KEYRING WITH LIGHT & SOUND ,24,2010-11-15 14:48:00,1.25,13900.0,United Kingdom
532999,22478,BIRDHOUSE GARDEN MARKER ,10,2010-11-15 14:48:00,1.25,13900.0,United Kingdom
532999,48188,DOORMAT WELCOME PUPPIES,2,2010-11-15 14:48:00,7.95,13900.0,United Kingdom
532999,22366,DOORMAT AIRMAIL ,2,2010-11-15 14:48:00,7.95,13900.0,United Kingdom
532999,21868,POTTING SHED TEA MUG,12,2010-11-15 14:48:00,1.25,13900.0,United Kingdom
532999,37370,RETRO COFFEE MUGS ASSORTED,72,2010-11-15 14:48:00,1.06,13900.0,United Kingdom
532999,21531,RED RETROSPOT SUGAR JAM BOWL,6,2010-11-15 14:48:00,2.55,13900.0,United Kingdom
532999,21535,RED RETROSPOT SMALL MILK JUG,6,2010-11-15 14:48:00,2.55,13900.0,United Kingdom
532999,85123A,WHITE HANGING HEART T-LIGHT HOLDER,6,2010-11-15 14:48:00,2.95,13900.0,United Kingdom
532999,22073,RED RETROSPOT STORAGE JAR,4,2010-11-15 14:48:00,3.75,13900.0,United Kingdom
532999,21621,VINTAGE UNION JACK BUNTING,2,2010-11-15 14:48:00,8.5,13900.0,United Kingdom
533029,82494L,WOODEN FRAME ANTIQUE WHITE ,6,2010-11-15 16:05:00,2.95,17706.0,United Kingdom
533029,82482,WOODEN PICTURE FRAME WHITE FINISH,12,2010-11-15 16:05:00,2.55,17706.0,United Kingdom
533029,21175,GIN + TONIC DIET METAL SIGN,12,2010-11-15 16:05:00,2.1,17706.0,United Kingdom
533029,21169,YOU'RE CONFUSING ME METAL SIGN ,12,2010-11-15 16:05:00,1.69,17706.0,United Kingdom
533029,21174,POTTERING IN THE SHED METAL SIGN,12,2010-11-15 16:05:00,1.95,17706.0,United Kingdom
533029,21166,COOK WITH WINE METAL SIGN ,12,2010-11-15 16:05:00,1.95,17706.0,United Kingdom
533029,21947,SET OF 6 HEART CHOPSTICKS,12,2010-11-15 16:05:00,1.25,17706.0,United Kingdom
533029,22637,PIGGY BANK RETROSPOT ,6,2010-11-15 16:05:00,2.55,17706.0,United Kingdom
533029,21875,KINGS CHOICE MUG,24,2010-11-15 16:05:00,1.25,17706.0,United Kingdom
533029,21876,POTTERING MUG,24,2010-11-15 16:05:00,1.25,17706.0,United Kingdom
533029,37370,RETRO COFFEE MUGS ASSORTED,72,2010-11-15 16:05:00,1.25,17706.0,United Kingdom
533029,22699,ROSES REGENCY TEACUP AND SAUCER ,12,2010-11-15 16:05:00,2.95,17706.0,United Kingdom
533029,22423,REGENCY CAKESTAND 3 TIER,3,2010-11-15 16:05:00,12.75,17706.0,United Kingdom
533029,21700,BIG DOUGHNUT FRIDGE MAGNETS,24,2010-11-15 16:05:00,0.85,17706.0,United Kingdom
533029,22308,TEA COSY BLUE STRIPE,6,2010-11-15 16:05:00,2.55,17706.0,United Kingdom
533029,22309,TEA COSY RED  STRIPE,6,2010-11-15 16:05:00,2.55,17706.0,United Kingdom
533029,21658,GLASS  BEURRE DISH,6,2010-11-15 16:05:00,3.95,17706.0,United Kingdom
533029,22892,SET OF SALT AND PEPPER TOADSTOOLS,12,2010-11-15 16:05:00,1.25,17706.0,United Kingdom
533029,85099B,JUMBO BAG RED RETROSPOT,10,2010-11-15 16:05:00,1.95,17706.0,United Kingdom
533029,22729,ALARM CLOCK BAKELIKE ORANGE,6,2010-11-15 16:05:00,3.75,17706.0,United Kingdom
533029,22727,ALARM CLOCK BAKELIKE RED ,6,2010-11-15 16:05:00,3.75,17706.0,United Kingdom
533029,22726,ALARM CLOCK BAKELIKE GREEN,6,2010-11-15 16:05:00,3.75,17706.0,United Kingdom
533029,22725,ALARM CLOCK BAKELIKE CHOCOLATE,6,2010-11-15 16:05:00,3.75,17706.0,United Kingdom
533029,22467,GUMBALL COAT RACK,12,2010-11-15 16:05:00,2.55,17706.0,United Kingdom
533029,21080,SET/20 RED RETROSPOT PAPER NAPKINS ,12,2010-11-15 16:05:00,0.85,17706.0,United Kingdom
533029,21218,RED SPOTTY BISCUIT TIN,6,2010-11-15 16:05:00,3.75,17706.0,United Kingdom
533029,21217,RED RETROSPOT ROUND CAKE TINS,6,2010-11-15 16:05:00,9.95,17706.0,United Kingdom
533029,21216,"SET 3 RETROSPOT TEA,COFFEE,SUGAR",6,2010-11-15 16:05:00,4.95,17706.0,United Kingdom
533029,21539,RED RETROSPOT BUTTER DISH,12,2010-11-15 16:05:00,4.95,17706.0,United Kingdom
533029,21527,RED RETROSPOT TRADITIONAL TEAPOT ,12,2010-11-15 16:05:00,7.95,17706.0,United Kingdom
533029,79321,CHILLI LIGHTS,12,2010-11-15 16:05:00,4.95,17706.0,United Kingdom
533029,84029E,RED WOOLLY HOTTIE WHITE HEART.,6,2010-11-15 16:05:00,3.75,17706.0,United Kingdom
533029,22114,HOT WATER BOTTLE TEA AND SYMPATHY,12,2010-11-15 16:05:00,3.95,17706.0,United Kingdom
533029,22112,CHOCOLATE HOT WATER BOTTLE,12,2010-11-15 16:05:00,4.95,17706.0,United Kingdom
533498,22186,RED STAR CARD HOLDER,12,2010-11-17 13:42:00,2.95,17418.0,United Kingdom
533498,22633,HAND WARMER UNION JACK,12,2010-11-17 13:42:00,2.1,17418.0,United Kingdom
533498,22575,METAL MERRY CHRISTMAS WREATH,8,2010-11-17 13:42:00,1.95,17418.0,United Kingdom
533498,22130,PARTY CONE CHRISTMAS DECORATION ,12,2010-11-17 13:42:00,0.85,17418.0,United Kingdom
533498,22601,CHRISTMAS RETROSPOT ANGEL WOOD,12,2010-11-17 13:42:00,0.85,17418.0,United Kingdom
533498,22602,CHRISTMAS RETROSPOT HEART WOOD,12,2010-11-17 13:42:00,0.85,17418.0,United Kingdom
533498,21790,VINTAGE SNAP CARDS,12,2010-11-17 13:42:00,0.85,17418.0,United Kingdom
533498,22152,PLACE SETTING WHITE STAR,24,2010-11-17 13:42:00,0.42,17418.0,United Kingdom
533498,22158,3 HEARTS HANGING DECORATION RUSTIC,8,2010-11-17 13:42:00,2.95,17418.0,United Kingdom
533498,22153,ANGEL DECORATION STARS ON DRESS,48,2010-11-17 13:42:00,0.42,17418.0,United Kingdom
533498,22155,STAR DECORATION RUSTIC,48,2010-11-17 13:42:00,0.42,17418.0,United Kingdom
533498,22161,HEART DECORATION RUSTIC HANGING ,24,2010-11-17 13:42:00,0.65,17418.0,United Kingdom
C533567,35400,WOODEN BOX ADVENT CALENDAR ,-1,2010-11-18 10:30:00,8.95,16905.0,United Kingdom
533578,84949,SILVER HANGING T-LIGHT HOLDER,2,2010-11-18 11:09:00,1.65,16905.0,United Kingdom
533578,22801,ANTIQUE GLASS PEDESTAL BOWL,1,2010-11-18 11:09:00,3.75,16905.0,United Kingdom
533578,84347,ROTATING SILVER ANGELS T-LIGHT HLDR,1,2010-11-18 11:09:00,2.55,16905.0,United Kingdom
533578,84659A,WHITE TRAVEL ALARM CLOCK,2,2010-11-18 11:09:00,2.55,16905.0,United Kingdom
533578,22760,"TRAY, BREAKFAST IN BED",1,2010-11-18 11:09:00,12.75,16905.0,United Kingdom
533578,84352,SILVER CHRISTMAS TREE BAUBLE STAND ,1,2010-11-18 11:09:00,16.95,16905.0,United Kingdom
533578,84358,FLOOR LAMP SHADE WOOD BASE,2,2010-11-18 11:09:00,9.95,16905.0,United Kingdom
533578,84360,TABLE LAMP WHITE SHADE WOOD BASE,3,2010-11-18 11:09:00,5.95,16905.0,United Kingdom
533578,22592,CARDHOLDER HOLLY WREATH METAL,1,2010-11-18 11:09:00,3.75,16905.0,United Kingdom
533578,84347,ROTATING SILVER ANGELS T-LIGHT HLDR,12,2010-11-18 11:09:00,2.55,16905.0,United Kingdom
533578,15036,ASSORTED COLOURS SILK FAN,6,2010-11-18 11:09:00,0.75,16905.0,United Kingdom
533578,21011,GLITTER SNOW PEAR TREE DECORATION,10,2010-11-18 11:09:00,1.45,16905.0,United Kingdom
533578,22158,3 HEARTS HANGING DECORATION RUSTIC,7,2010-11-18 11:09:00,2.95,16905.0,United Kingdom
533578,22801,ANTIQUE GLASS PEDESTAL BOWL,5,2010-11-18 11:09:00,3.75,16905.0,United Kingdom
534182,21755,LOVE BUILDING BLOCK WORD,10,2010-11-21 13:57:00,5.95,17706.0,United Kingdom
534182,22699,ROSES REGENCY TEACUP AND SAUCER ,2,2010-11-21 13:57:00,2.95,17706.0,United Kingdom
534182,21231,SWEETHEART CERAMIC TRINKET BOX,8,2010-11-21 13:57:00,1.25,17706.0,United Kingdom
534182,22649,STRAWBERRY FAIRY CAKE TEAPOT,2,2010-11-21 13:57:00,4.95,17706.0,United Kingdom
534182,21900,"KEY FOB , SHED",6,2010-11-21 13:57:00,0.65,17706.0,United Kingdom
534182,21902,"KEY FOB , FRONT  DOOR ",1,2010-11-21 13:57:00,0.65,17706.0,United Kingdom
534182,21899,"KEY FOB , GARAGE DESIGN",1,2010-11-21 13:57:00,0.65,17706.0,United Kingdom
534182,21901,"KEY FOB , BACK DOOR ",6,2010-11-21 13:57:00,0.65,17706.0,United Kingdom
534182,21902,"KEY FOB , FRONT  DOOR ",4,2010-11-21 13:57:00,0.65,17706.0,United Kingdom
534182,21154,RED RETROSPOT OVEN GLOVE ,2,2010-11-21 13:57:00,1.25,17706.0,United Kingdom
534182,84029G,KNITTED UNION FLAG HOT WATER BOTTLE,3,2010-11-21 13:57:00,3.75,17706.0,United Kingdom
534182,84029E,RED WOOLLY HOTTIE WHITE HEART.,3,2010-11-21 13:57:00,3.75,17706.0,United Kingdom
534182,21907,I'M ON HOLIDAY METAL SIGN,3,2010-11-21 13:57:00,2.1,17706.0,United Kingdom
534182,47559B,TEA TIME OVEN GLOVE,6,2010-11-21 13:57:00,1.25,17706.0,United Kingdom
534182,21161,KEEP OUT BOYS DOOR HANGER ,4,2010-11-21 13:57:00,1.45,17706.0,United Kingdom
534182,21162,TOXIC AREA  DOOR HANGER ,5,2010-11-21 13:57:00,1.45,17706.0,United Kingdom
534182,22697,GREEN REGENCY TEACUP AND SAUCER,2,2010-11-21 13:57:00,2.95,17706.0,United Kingdom
534182,22633,HAND WARMER UNION JACK,6,2010-11-21 13:57:00,2.1,17706.0,United Kingdom
534182,22834,HAND WARMER BABUSHKA DESIGN,6,2010-11-21 13:57:00,2.1,17706.0,United Kingdom
534182,22866,HAND WARMER SCOTTY DOG DESIGN,6,2010-11-21 13:57:00,2.1,17706.0,United Kingdom
534182,21034,REX CASH+CARRY JUMBO SHOPPER,2,2010-11-21 13:57:00,0.95,17706.0,United Kingdom
C534231,22801,ANTIQUE GLASS PEDESTAL BOWL,-1,2010-11-22 10:02:00,3.75,16905.0,United Kingdom
534234,84946,ANTIQUE SILVER TEA GLASS ETCHED,6,2010-11-22 10:22:00,1.25,16905.0,United Kingdom
534234,22296,HEART IVORY TRELLIS LARGE,3,2010-11-22 10:22:00,1.65,16905.0,United Kingdom
534234,22297,HEART IVORY TRELLIS SMALL,4,2010-11-22 10:22:00,1.25,16905.0,United Kingdom
534234,84347,ROTATING SILVER ANGELS T-LIGHT HLDR,4,2010-11-22 10:22:00,2.55,16905.0,United Kingdom
534234,22801,ANTIQUE GLASS PEDESTAL BOWL,4,2010-11-22 10:22:00,3.75,16905.0,United Kingdom
534234,84946,ANTIQUE SILVER TEA GLASS ETCHED,4,2010-11-22 10:22:00,1.25,16905.0,United Kingdom
534234,22575,METAL MERRY CHRISTMAS WREATH,4,2010-11-22 10:22:00,1.95,16905.0,United Kingdom
534234,22158,3 HEARTS HANGING DECORATION RUSTIC,4,2010-11-22 10:22:00,2.95,16905.0,United Kingdom
534234,21818,GLITTER CHRISTMAS HEART ,15,2010-11-22 10:22:00,0.85,16905.0,United Kingdom
534234,21819,GLITTER CHRISTMAS STAR ,20,2010-11-22 10:22:00,0.85,16905.0,United Kingdom
534234,84352,SILVER CHRISTMAS TREE BAUBLE STAND ,6,2010-11-22 10:22:00,14.95,16905.0,United Kingdom
534234,20679,EDWARDIAN PARASOL RED,2,2010-11-22 10:22:00,5.95,16905.0,United Kingdom
534234,15056N,EDWARDIAN PARASOL NATURAL,4,2010-11-22 10:22:00,5.95,16905.0,United Kingdom
C534790,22892,SET OF SALT AND PEPPER TOADSTOOLS,-1,2010-11-24 11:33:00,1.0,17706.0,United Kingdom
C534790,21876,POTTERING MUG,-1,2010-11-24 11:33:00,1.0,17706.0,United Kingdom
C534790,21539,RED RETROSPOT BUTTER DISH,-1,2010-11-24 11:33:00,3.96,17706.0,United Kingdom
C534880,37370,RETRO COFFEE MUGS ASSORTED,-2,2010-11-24 14:40:00,1.25,13900.0,United Kingdom
535095,21495,SKULLS AND CROSSBONES WRAP,200,2010-11-25 10:29:00,0.34,15287.0,United Kingdom
535095,22100,SKULLS SQUARE TISSUE BOX,12,2010-11-25 10:29:00,1.25,15287.0,United Kingdom
535095,22650,CERAMIC PIRATE CHEST MONEY BANK,12,2010-11-25 10:29:00,1.45,15287.0,United Kingdom
535095,84086C,PINK/PURPLE RETRO RADIO,6,2010-11-25 10:29:00,2.95,15287.0,United Kingdom
535095,21498,RED RETROSPOT WRAP ,200,2010-11-25 10:29:00,0.34,15287.0,United Kingdom
535107,85099B,JUMBO BAG RED RETROSPOT,100,2010-11-25 11:17:00,1.65,14680.0,United Kingdom
535107,20725,LUNCH BAG RED RETROSPOT,100,2010-11-25 11:17:00,1.45,14680.0,United Kingdom
535107,22383,LUNCH BAG SUKI  DESIGN ,100,2010-11-25 11:17:00,1.45,14680.0,United Kingdom
535107,21258,VICTORIAN SEWING BOX LARGE,24,2010-11-25 11:17:00,10.95,14680.0,United Kingdom
535107,21430,SET/3 RED GINGHAM ROSE STORAGE BOX,24,2010-11-25 11:17:00,3.39,14680.0,United Kingdom
535107,79321,CHILLI LIGHTS,48,2010-11-25 11:17:00,4.25,14680.0,United Kingdom
535107,21042,RED RETROSPOT APRON ,5,2010-11-25 11:17:00,5.95,14680.0,United Kingdom
535107,21832,CHOCOLATE CALCULATOR,2,2010-11-25 11:17:00,1.65,14680.0,United Kingdom
535107,21892,TRADITIONAL WOODEN CATCH CUP GAME ,2,2010-11-25 11:17:00,1.25,14680.0,United Kingdom
535107,22554,PLASTERS IN TIN WOODLAND ANIMALS,1,2010-11-25 11:17:00,1.65,14680.0,United Kingdom
535107,22553,PLASTERS IN TIN SKULLS,1,2010-11-25 11:17:00,1.65,14680.0,United Kingdom
535107,22326,ROUND SNACK BOXES SET OF4 WOODLAND ,5,2010-11-25 11:17:00,2.95,14680.0,United Kingdom
535107,20728,LUNCH BAG CARS BLUE,20,2010-11-25 11:17:00,1.65,14680.0,United Kingdom
535107,20726,LUNCH BAG WOODLAND,20,2010-11-25 11:17:00,1.65,14680.0,United Kingdom
535107,20727,LUNCH BAG  BLACK SKULL.,20,2010-11-25 11:17:00,1.65,14680.0,United Kingdom
535107,84029E,RED WOOLLY HOTTIE WHITE HEART.,24,2010-11-25 11:17:00,3.39,14680.0,United Kingdom
535107,21506,"FANCY FONT BIRTHDAY CARD, ",12,2010-11-25 11:17:00,0.42,14680.0,United Kingdom
535107,22718,CARD CAT AND TREE ,12,2010-11-25 11:17:00,0.42,14680.0,United Kingdom
535107,22717,CARD DOG AND BALL ,12,2010-11-25 11:17:00,0.42,14680.0,United Kingdom
535107,22716,CARD CIRCUS PARADE,12,2010-11-25 11:17:00,0.42,14680.0,United Kingdom
535107,21889,WOODEN BOX OF DOMINOES,1,2010-11-25 11:17:00,1.25,14680.0,United Kingdom
535107,22607,WOODEN ROUNDERS GARDEN SET ,1,2010-11-25 11:17:00,9.95,14680.0,United Kingdom
535107,22606,WOODEN SKITTLES GARDEN SET,1,2010-11-25 11:17:00,15.95,14680.0,United Kingdom
535107,21479,WHITE SKULL HOT WATER BOTTLE ,24,2010-11-25 11:17:00,3.39,14680.0,United Kingdom
535277,22355,CHARLOTTE BAG SUKI DESIGN,100,2010-11-25 14:02:00,0.72,14680.0,United Kingdom
535465,21658,GLASS  BEURRE DISH,4,2010-11-26 13:22:00,3.95,16254.0,United Kingdom
535465,22840,ROUND CAKE TIN VINTAGE RED,3,2010-11-26 13:22:00,7.95,16254.0,United Kingdom
535465,85030,FRENCH CHATEAU OVAL PLATTER,2,2010-11-26 13:22:00,7.95,16254.0,United Kingdom
535465,22294,HEART FILIGREE DOVE  SMALL,24,2010-11-26 13:22:00,1.25,16254.0,United Kingdom
535465,10135,COLOURING PENCILS BROWN TUBE,20,2010-11-26 13:22:00,1.25,16254.0,United Kingdom
535465,21587,COSY HOUR GIANT TUBE MATCHES,12,2010-11-26 13:22:00,2.55,16254.0,United Kingdom
535465,22866,HAND WARMER SCOTTY DOG DESIGN,1,2010-11-26 13:22:00,2.1,16254.0,United Kingdom
535465,22632,HAND WARMER RED RETROSPOT,1,2010-11-26 13:22:00,2.1,16254.0,United Kingdom
535465,22834,HAND WARMER BABUSHKA DESIGN,1,2010-11-26 13:22:00,2.1,16254.0,United Kingdom
535465,22865,HAND WARMER OWL DESIGN,1,2010-11-26 13:22:00,2.1,16254.0,United Kingdom
535465,22113,GREY HEART HOT WATER BOTTLE,12,2010-11-26 13:22:00,3.75,16254.0,United Kingdom
535465,21485,RETROSPOT HEART HOT WATER BOTTLE,6,2010-11-26 13:22:00,4.95,16254.0,United Kingdom
535465,22111,SCOTTIE DOG HOT WATER BOTTLE,6,2010-11-26 13:22:00,4.95,16254.0,United Kingdom
535465,85099B,JUMBO BAG RED RETROSPOT,4,2010-11-26 13:22:00,1.95,16254.0,United Kingdom
535465,22411,JUMBO SHOPPER VINTAGE RED PAISLEY,3,2010-11-26 13:22:00,1.95,16254.0,United Kingdom
535465,15034,PAPER POCKET TRAVELING FAN ,48,2010-11-26 13:22:00,0.14,16254.0,United Kingdom
535465,82605,OLD DOC RUSSEL METAL SIGN,1,2010-11-26 13:22:00,2.1,16254.0,United Kingdom
535465,21166,COOK WITH WINE METAL SIGN ,6,2010-11-26 13:22:00,1.95,16254.0,United Kingdom
535465,21181,PLEASE ONE PERSON METAL SIGN,6,2010-11-26 13:22:00,2.1,16254.0,United Kingdom
535465,21175,GIN + TONIC DIET METAL SIGN,7,2010-11-26 13:22:00,2.1,16254.0,United Kingdom
535465,85152,HAND OVER THE CHOCOLATE   SIGN ,6,2010-11-26 13:22:00,2.1,16254.0,United Kingdom
535465,21165,BEWARE OF THE CAT METAL SIGN ,7,2010-11-26 13:22:00,1.69,16254.0,United Kingdom
535465,22449,SILK PURSE BABUSHKA PINK,1,2010-11-26 13:22:00,3.35,16254.0,United Kingdom
535465,22451,SILK PURSE BABUSHKA RED,1,2010-11-26 13:22:00,3.35,16254.0,United Kingdom
535465,21280,VINTAGE KITCHEN PRINT VEGETABLES,6,2010-11-26 13:22:00,2.55,16254.0,United Kingdom
535465,21279,VINTAGE KITCHEN PRINT FRUITS,6,2010-11-26 13:22:00,2.55,16254.0,United Kingdom
535465,21278,VINTAGE KITCHEN PRINT PUDDINGS,6,2010-11-26 13:22:00,2.55,16254.0,United Kingdom
535465,21281,VINTAGE KITCHEN PRINT SEAFOOD,6,2010-11-26 13:22:00,2.55,16254.0,United Kingdom
535465,21578,WOODLAND DESIGN  COTTON TOTE BAG,1,2010-11-26 13:22:00,2.25,16254.0,United Kingdom
535465,21576,LETS GO SHOPPING COTTON TOTE BAG,1,2010-11-26 13:22:00,2.25,16254.0,United Kingdom
535465,22495,SET OF 2 ROUND TINS CAMEMBERT ,2,2010-11-26 13:22:00,2.95,16254.0,United Kingdom
535465,35095B,RED VICTORIAN FABRIC OVAL BOX,24,2010-11-26 13:22:00,0.42,16254.0,United Kingdom
535465,72741,GRAND CHOCOLATECANDLE,9,2010-11-26 13:22:00,1.45,16254.0,United Kingdom
535465,21034,REX CASH+CARRY JUMBO SHOPPER,3,2010-11-26 13:22:00,0.95,16254.0,United Kingdom
535465,22079,RIBBON REEL HEARTS DESIGN ,25,2010-11-26 13:22:00,1.65,16254.0,United Kingdom
535465,22493,PAINT YOUR OWN CANVAS SET,6,2010-11-26 13:22:00,1.65,16254.0,United Kingdom
535465,21682,LARGE MEDINA STAMPED METAL BOWL ,4,2010-11-26 13:22:00,4.95,16254.0,United Kingdom
535465,84077,WORLD WAR 2 GLIDERS ASSTD DESIGNS,48,2010-11-26 13:22:00,0.29,16254.0,United Kingdom
535465,22178,VICTORIAN GLASS HANGING T-LIGHT,24,2010-11-26 13:22:00,1.25,16254.0,United Kingdom
535465,21792,CLASSIC FRENCH STYLE BASKET GREEN ,3,2010-11-26 13:22:00,6.75,16254.0,United Kingdom
535465,21794,CLASSIC FRENCH STYLE BASKET NATURAL,4,2010-11-26 13:22:00,6.75,16254.0,United Kingdom
536446,85172,HYACINTH BULB T-LIGHT CANDLES,32,2010-12-01 12:15:00,0.42,15983.0,United Kingdom
536446,22142,CHRISTMAS CRAFT WHITE FAIRY ,2,2010-12-01 12:15:00,1.45,15983.0,United Kingdom
536446,22144,CHRISTMAS CRAFT LITTLE FRIENDS,2,2010-12-01 12:15:00,2.1,15983.0,United Kingdom
536446,21591,COSY HOUR CIGAR BOX MATCHES ,6,2010-12-01 12:15:00,1.25,15983.0,United Kingdom
536446,22480,RED TEA TOWEL CLASSIC DESIGN,12,2010-12-01 12:15:00,1.25,15983.0,United Kingdom
536446,22294,HEART FILIGREE DOVE  SMALL,48,2010-12-01 12:15:00,1.25,15983.0,United Kingdom
536446,21156,RETROSPOT CHILDRENS APRON,1,2010-12-01 12:15:00,1.95,15983.0,United Kingdom
536446,10133,COLOURING PENCILS BROWN TUBE,5,2010-12-01 12:15:00,0.85,15983.0,United Kingdom
536446,72800E,4 IVORY DINNER CANDLES SILVER FLOCK,6,2010-12-01 12:15:00,2.55,15983.0,United Kingdom
536446,22294,HEART FILIGREE DOVE  SMALL,24,2010-12-01 12:15:00,1.25,15983.0,United Kingdom
536446,84836,ZINC METAL HEART DECORATION,12,2010-12-01 12:15:00,1.25,15983.0,United Kingdom
536446,20774,GREEN FERN NOTEBOOK,2,2010-12-01 12:15:00,1.65,15983.0,United Kingdom
536446,20773,BLUE PAISLEY NOTEBOOK,2,2010-12-01 12:15:00,1.65,15983.0,United Kingdom
536446,20777,CHRYSANTHEMUM NOTEBOOK,2,2010-12-01 12:15:00,1.65,15983.0,United Kingdom
536446,16016,LARGE CHINESE STYLE SCISSOR,10,2010-12-01 12:15:00,0.85,15983.0,United Kingdom
536446,16014,SMALL CHINESE STYLE SCISSOR,10,2010-12-01 12:15:00,0.42,15983.0,United Kingdom
536446,21890,S/6 WOODEN SKITTLES IN COTTON BAG,2,2010-12-01 12:15:00,2.95,15983.0,United Kingdom
536446,21891,TRADITIONAL WOODEN SKIPPING ROPE,2,2010-12-01 12:15:00,1.25,15983.0,United Kingdom
536446,22619,SET OF 6 SOLDIER SKITTLES,8,2010-12-01 12:15:00,3.75,15983.0,United Kingdom
536446,22620,4 TRADITIONAL SPINNING TOPS,6,2010-12-01 12:15:00,1.25,15983.0,United Kingdom
536446,84347,ROTATING SILVER ANGELS T-LIGHT HLDR,12,2010-12-01 12:15:00,2.55,15983.0,United Kingdom
536446,85169B,BLACK LOVE BIRD CANDLE,24,2010-12-01 12:15:00,1.25,15983.0,United Kingdom
536446,21156,RETROSPOT CHILDRENS APRON,3,2010-12-01 12:15:00,1.95,15983.0,United Kingdom
536446,21651,HANGING GLASS ETCHED TEALIGHT,6,2010-12-01 12:15:00,1.65,15983.0,United Kingdom
536446,21651,HANGING GLASS ETCHED TEALIGHT,6,2010-12-01 12:15:00,1.65,15983.0,United Kingdom
536446,84625C,BLUE NEW BAROQUE CANDLESTICK CANDLE,10,2010-12-01 12:15:00,2.95,15983.0,United Kingdom
536446,22618,COOKING SET RETROSPOT,2,2010-12-01 12:15:00,9.95,15983.0,United Kingdom
536446,21586,KINGS CHOICE GIANT TUBE MATCHES,4,2010-12-01 12:15:00,2.55,15983.0,United Kingdom
536446,21587,COSY HOUR GIANT TUBE MATCHES,4,2010-12-01 12:15:00,2.55,15983.0,United Kingdom
536446,22152,PLACE SETTING WHITE STAR,24,2010-12-01 12:15:00,0.42,15983.0,United Kingdom
536446,85172,HYACINTH BULB T-LIGHT CANDLES,16,2010-12-01 12:15:00,0.42,15983.0,United Kingdom
536446,84754,S/15 SILVER GLASS BAUBLES IN BAG,24,2010-12-01 12:15:00,1.25,15983.0,United Kingdom
536530,22360,GLASS JAR ENGLISH CONFECTIONERY,2,2010-12-01 13:21:00,2.95,17905.0,United Kingdom
536530,22364,GLASS JAR DIGESTIVE BISCUITS,1,2010-12-01 13:21:00,2.95,17905.0,United Kingdom
536530,21657,MILK BOTTLE WITH GLASS STOPPER ,1,2010-12-01 13:21:00,6.95,17905.0,United Kingdom
536530,22699,ROSES REGENCY TEACUP AND SAUCER ,4,2010-12-01 13:21:00,2.95,17905.0,United Kingdom
536530,21071,VINTAGE BILLBOARD DRINK ME MUG,24,2010-12-01 13:21:00,1.25,17905.0,United Kingdom
536530,22941,CHRISTMAS LIGHTS 10 REINDEER,1,2010-12-01 13:21:00,8.5,17905.0,United Kingdom
536530,22120,WELCOME  WOODEN BLOCK LETTERS,1,2010-12-01 13:21:00,9.95,17905.0,United Kingdom
536530,22423,REGENCY CAKESTAND 3 TIER,1,2010-12-01 13:21:00,12.75,17905.0,United Kingdom
536530,21038,SET/4 MODERN VINTAGE COTTON NAPKINS,1,2010-12-01 13:21:00,2.95,17905.0,United Kingdom
536530,21625,VINTAGE UNION JACK APRON,1,2010-12-01 13:21:00,6.95,17905.0,United Kingdom
536530,22783,SET 3 WICKER OVAL BASKETS W LIDS,1,2010-12-01 13:21:00,19.95,17905.0,United Kingdom
536530,22097,SWALLOW SQUARE TISSUE BOX,1,2010-12-01 13:21:00,1.25,17905.0,United Kingdom
536530,82552,WASHROOM METAL SIGN,1,2010-12-01 13:21:00,1.45,17905.0,United Kingdom
536530,21179,NO JUNK MAIL METAL SIGN,1,2010-12-01 13:21:00,1.25,17905.0,United Kingdom
536530,22185,SLATE TILE NATURAL HANGING,4,2010-12-01 13:21:00,1.65,17905.0,United Kingdom
536530,22097,SWALLOW SQUARE TISSUE BOX,1,2010-12-01 13:21:00,1.25,17905.0,United Kingdom
536530,21662,VINTAGE GLASS COFFEE CADDY,1,2010-12-01 13:21:00,5.95,17905.0,United Kingdom
536530,85104,SILVER GLASS T-LIGHT SET,8,2010-12-01 13:21:00,2.95,17905.0,United Kingdom
536530,21654,RIDGED GLASS FINGER BOWL,6,2010-12-01 13:21:00,1.45,17905.0,United Kingdom
536530,21658,GLASS  BEURRE DISH,1,2010-12-01 13:21:00,3.95,17905.0,United Kingdom
536530,21664,RIDGED GLASS STORAGE JAR CREAM LID,2,2010-12-01 13:21:00,3.75,17905.0,United Kingdom
536530,22943,CHRISTMAS LIGHTS 10 VINTAGE BAUBLES,2,2010-12-01 13:21:00,4.95,17905.0,United Kingdom
536530,22411,JUMBO SHOPPER VINTAGE RED PAISLEY,6,2010-12-01 13:21:00,1.95,17905.0,United Kingdom
536597,22952,60 CAKE CASES VINTAGE CHRISTMAS,4,2010-12-01 17:35:00,0.55,18011.0,United Kingdom
536597,21704,BAG 250g SWIRLY MARBLES,1,2010-12-01 17:35:00,0.85,18011.0,United Kingdom
536597,21703,BAG 125g SWIRLY MARBLES,4,2010-12-01 17:35:00,0.42,18011.0,United Kingdom
536597,21705,BAG 500g SWIRLY MARBLES,2,2010-12-01 17:35:00,1.65,18011.0,United Kingdom
536597,85035C,ROSE 3 WICK MORRIS BOX CANDLE,1,2010-12-01 17:35:00,4.25,18011.0,United Kingdom
536597,72803A,ROSE SCENT CANDLE JEWELLED DRAWER,1,2010-12-01 17:35:00,4.25,18011.0,United Kingdom
536597,22086,PAPER CHAIN KIT 50'S CHRISTMAS ,1,2010-12-01 17:35:00,2.95,18011.0,United Kingdom
536597,22910,PAPER CHAIN KIT VINTAGE CHRISTMAS,1,2010-12-01 17:35:00,2.95,18011.0,United Kingdom
536597,22583,PACK OF 6 HANDBAG GIFT BOXES,2,2010-12-01 17:35:00,2.55,18011.0,United Kingdom
536597,22731,3D CHRISTMAS STAMPS STICKERS ,1,2010-12-01 17:35:00,1.25,18011.0,United Kingdom
536597,20682,RED RETROSPOT CHILDRENS UMBRELLA,1,2010-12-01 17:35:00,3.25,18011.0,United Kingdom
536597,72802C,VANILLA SCENT CANDLE JEWELLED BOX,3,2010-12-01 17:35:00,4.25,18011.0,United Kingdom
536597,22384,LUNCH BAG PINK POLKADOT,1,2010-12-01 17:35:00,1.65,18011.0,United Kingdom
536597,40001,WHITE BAMBOO RIBS LAMPSHADE,4,2010-12-01 17:35:00,0.85,18011.0,United Kingdom
536597,21709,FOLDING UMBRELLA CHOCOLATE POLKADOT,1,2010-12-01 17:35:00,4.95,18011.0,United Kingdom
536597,22220,CAKE STAND LOVEBIRD 2 TIER WHITE,1,2010-12-01 17:35:00,9.95,18011.0,United Kingdom
536597,21739,COSY SLIPPER SHOES SMALL GREEN,1,2010-12-01 17:35:00,2.95,18011.0,United Kingdom
536597,85034A,3 GARDENIA MORRIS BOXED CANDLES,1,2010-12-01 17:35:00,4.25,18011.0,United Kingdom
536597,72818,CHRISTMAS DECOUPAGE CANDLE,4,2010-12-01 17:35:00,0.85,18011.0,United Kingdom
536597,72798C,SET/4 GARDEN ROSE DINNER CANDLE,1,2010-12-01 17:35:00,1.65,18011.0,United Kingdom
536597,22197,SMALL POPCORN HOLDER,6,2010-12-01 17:35:00,0.85,18011.0,United Kingdom
536597,20726,LUNCH BAG WOODLAND,1,2010-12-01 17:35:00,1.65,18011.0,United Kingdom
536597,84744,S/6 SEW ON CROCHET FLOWERS,1,2010-12-01 17:35:00,1.25,18011.0,United Kingdom
536597,35271S,GOLD PRINT PAPER BAG,14,2010-12-01 17:35:00,0.19,18011.0,United Kingdom
536597,21380,WOODEN HAPPY BIRTHDAY GARLAND,1,2010-12-01 17:35:00,2.95,18011.0,United Kingdom
536597,22909,SET OF 20 VINTAGE CHRISTMAS NAPKINS,1,2010-12-01 17:35:00,0.85,18011.0,United Kingdom
536597,21221,SET/4 BADGES CUTE CREATURES,5,2010-12-01 17:35:00,1.25,18011.0,United Kingdom
536597,20755,BLUE PAISLEY POCKET BOOK,6,2010-12-01 17:35:00,0.85,18011.0,United Kingdom
536860,22627,MINT KITCHEN SCALES,1,2010-12-03 10:43:00,8.5,16905.0,United Kingdom
536860,22626,BLACK KITCHEN SCALES,1,2010-12-03 10:43:00,8.5,16905.0,United Kingdom
536860,85131A,BEADED PEARL HEART WHITE ON STICK,24,2010-12-03 10:43:00,1.25,16905.0,United Kingdom
536860,22155,STAR DECORATION RUSTIC,10,2010-12-03 10:43:00,0.42,16905.0,United Kingdom
536860,22575,METAL MERRY CHRISTMAS WREATH,3,2010-12-03 10:43:00,1.95,16905.0,United Kingdom
536860,22158,3 HEARTS HANGING DECORATION RUSTIC,13,2010-12-03 10:43:00,2.95,16905.0,United Kingdom
536860,84347,ROTATING SILVER ANGELS T-LIGHT HLDR,48,2010-12-03 10:43:00,2.55,16905.0,United Kingdom
536860,22111,SCOTTIE DOG HOT WATER BOTTLE,3,2010-12-03 10:43:00,4.95,16905.0,United Kingdom
536860,21485,RETROSPOT HEART HOT WATER BOTTLE,3,2010-12-03 10:43:00,4.95,16905.0,United Kingdom
536860,21484,CHICK GREY HOT WATER BOTTLE,2,2010-12-03 10:43:00,3.45,16905.0,United Kingdom
536938,22386,JUMBO BAG PINK POLKADOT,20,2010-12-03 12:05:00,1.95,14680.0,United Kingdom
536938,85099C,JUMBO  BAG BAROQUE BLACK WHITE,20,2010-12-03 12:05:00,1.95,14680.0,United Kingdom
536938,21931,JUMBO STORAGE BAG SUKI,20,2010-12-03 12:05:00,1.95,14680.0,United Kingdom
536938,20712,JUMBO BAG WOODLAND ANIMALS,20,2010-12-03 12:05:00,1.95,14680.0,United Kingdom
536938,20713,JUMBO BAG OWLS,20,2010-12-03 12:05:00,1.95,14680.0,United Kingdom
536938,20724,RED RETROSPOT CHARLOTTE BAG,20,2010-12-03 12:05:00,0.85,14680.0,United Kingdom
536938,22356,CHARLOTTE BAG PINK POLKADOT,20,2010-12-03 12:05:00,0.85,14680.0,United Kingdom
536938,84997B,RED 3 PIECE RETROSPOT CUTLERY SET,24,2010-12-03 12:05:00,3.75,14680.0,United Kingdom
536938,84997A,GREEN 3 PIECE POLKADOT CUTLERY SET,24,2010-12-03 12:05:00,3.75,14680.0,United Kingdom
536938,21479,WHITE SKULL HOT WATER BOTTLE ,72,2010-12-03 12:05:00,3.39,14680.0,United Kingdom
536938,22112,CHOCOLATE HOT WATER BOTTLE,72,2010-12-03 12:05:00,4.25,14680.0,United Kingdom
536938,22837,HOT WATER BOTTLE BABUSHKA ,36,2010-12-03 12:05:00,4.25,14680.0,United Kingdom
536938,21258,VICTORIAN SEWING BOX LARGE,24,2010-12-03 12:05:00,10.95,14680.0,United Kingdom
536938,79321,CHILLI LIGHTS,72,2010-12-03 12:05:00,4.25,14680.0,United Kingdom
537459,20982,12 PENCILS TALL TUBE SKULLS,12,2010-12-07 09:57:00,0.85,17470.0,United Kingdom
537459,22553,PLASTERS IN TIN SKULLS,12,2010-12-07 09:57:00,1.65,17470.0,United Kingdom
537459,22855,FINE WICKER HEART ,12,2010-12-07 09:57:00,1.25,17470.0,United Kingdom
537459,22227,HANGING HEART MIRROR DECORATION ,24,2010-12-07 09:57:00,0.65,17470.0,United Kingdom
537459,47591D,PINK FAIRY CAKE CHILDRENS APRON,8,2010-12-07 09:57:00,1.95,17470.0,United Kingdom
537459,21581,SKULLS  DESIGN  COTTON TOTE BAG,6,2010-12-07 09:57:00,2.25,17470.0,United Kingdom
537459,21577,SAVE THE PLANET COTTON TOTE BAG,6,2010-12-07 09:57:00,2.25,17470.0,United Kingdom
537459,20983,12 PENCILS TALL TUBE RED RETROSPOT,12,2010-12-07 09:57:00,0.85,17470.0,United Kingdom
537459,22189,CREAM HEART CARD HOLDER,4,2010-12-07 09:57:00,3.95,17470.0,United Kingdom
537459,22549,PICTURE DOMINOES,12,2010-12-07 09:57:00,1.45,17470.0,United Kingdom
537459,22283,6 EGG HOUSE PAINTED WOOD,4,2010-12-07 09:57:00,7.95,17470.0,United Kingdom
537625,72741,GRAND CHOCOLATECANDLE,9,2010-12-07 14:57:00,1.45,15180.0,United Kingdom
537625,22348,TEA BAG PLATE RED RETROSPOT,12,2010-12-07 14:57:00,0.85,15180.0,United Kingdom
537625,22113,GREY HEART HOT WATER BOTTLE,4,2010-12-07 14:57:00,3.75,15180.0,United Kingdom
537625,22835,HOT WATER BOTTLE I AM SO POORLY,4,2010-12-07 14:57:00,4.65,15180.0,United Kingdom
537625,22114,HOT WATER BOTTLE TEA AND SYMPATHY,4,2010-12-07 14:57:00,3.95,15180.0,United Kingdom
537625,22112,CHOCOLATE HOT WATER BOTTLE,3,2010-12-07 14:57:00,4.95,15180.0,United Kingdom
537627,85049A,TRADITIONAL CHRISTMAS RIBBONS,24,2010-12-07 14:58:00,1.25,14739.0,United Kingdom
537627,22086,PAPER CHAIN KIT 50'S CHRISTMAS ,40,2010-12-07 14:58:00,2.55,14739.0,United Kingdom
537627,22910,PAPER CHAIN KIT VINTAGE CHRISTMAS,40,2010-12-07 14:58:00,2.55,14739.0,United Kingdom
537627,21187,WHITE BELL HONEYCOMB PAPER GARLAND ,48,2010-12-07 14:58:00,1.45,14739.0,United Kingdom
537627,21916,SET 12 RETRO WHITE CHALK STICKS,24,2010-12-07 14:58:00,0.42,14739.0,United Kingdom
537627,21704,BAG 250g SWIRLY MARBLES,72,2010-12-07 14:58:00,0.72,14739.0,United Kingdom
537627,85049C,ROMANTIC PINKS RIBBONS ,12,2010-12-07 14:58:00,1.25,14739.0,United Kingdom
537627,85049D,BRIGHT BLUES RIBBONS ,12,2010-12-07 14:58:00,1.25,14739.0,United Kingdom
537627,85049G,CHOCOLATE BOX RIBBONS ,12,2010-12-07 14:58:00,1.25,14739.0,United Kingdom
537627,21586,KINGS CHOICE GIANT TUBE MATCHES,48,2010-12-07 14:58:00,2.1,14739.0,United Kingdom
537627,21587,COSY HOUR GIANT TUBE MATCHES,48,2010-12-07 14:58:00,2.1,14739.0,United Kingdom
537627,22178,VICTORIAN GLASS HANGING T-LIGHT,96,2010-12-07 14:58:00,1.06,14739.0,United Kingdom
537738,22423,REGENCY CAKESTAND 3 TIER,2,2010-12-08 11:02:00,12.75,17706.0,United Kingdom
537738,22697,GREEN REGENCY TEACUP AND SAUCER,6,2010-12-08 11:02:00,2.95,17706.0,United Kingdom
537738,21930,JUMBO STORAGE BAG SKULLS,10,2010-12-08 11:02:00,1.95,17706.0,United Kingdom
537738,21791,VINTAGE HEADS AND TAILS CARD GAME ,12,2010-12-08 11:02:00,1.25,17706.0,United Kingdom
537738,21790,VINTAGE SNAP CARDS,12,2010-12-08 11:02:00,0.85,17706.0,United Kingdom
537738,22867,HAND WARMER BIRD DESIGN,12,2010-12-08 11:02:00,2.1,17706.0,United Kingdom
537738,21479,WHITE SKULL HOT WATER BOTTLE ,4,2010-12-08 11:02:00,3.75,17706.0,United Kingdom
537738,22835,HOT WATER BOTTLE I AM SO POORLY,4,2010-12-08 11:02:00,4.65,17706.0,United Kingdom
537738,21484,CHICK GREY HOT WATER BOTTLE,4,2010-12-08 11:02:00,3.45,17706.0,United Kingdom
537738,22113,GREY HEART HOT WATER BOTTLE,4,2010-12-08 11:02:00,3.75,17706.0,United Kingdom
537738,21929,JUMBO BAG PINK VINTAGE PAISLEY,10,2010-12-08 11:02:00,1.95,17706.0,United Kingdom
537738,85099C,JUMBO  BAG BAROQUE BLACK WHITE,10,2010-12-08 11:02:00,1.95,17706.0,United Kingdom
537738,22411,JUMBO SHOPPER VINTAGE RED PAISLEY,10,2010-12-08 11:02:00,1.95,17706.0,United Kingdom
537738,47559B,TEA TIME OVEN GLOVE,10,2010-12-08 11:02:00,1.25,17706.0,United Kingdom
537738,21154,RED RETROSPOT OVEN GLOVE ,10,2010-12-08 11:02:00,1.25,17706.0,United Kingdom
537738,22558,CLOTHES PEGS RETROSPOT PACK 24 ,12,2010-12-08 11:02:00,1.49,17706.0,United Kingdom
537738,22792,FLUTED ANTIQUE CANDLE HOLDER,12,2010-12-08 11:02:00,0.85,17706.0,United Kingdom
537743,22798,ANTIQUE GLASS DRESSING TABLE POT,8,2010-12-08 11:02:00,2.95,17706.0,United Kingdom
537743,22800,ANTIQUE TALL SWIRLGLASS TRINKET POT,4,2010-12-08 11:02:00,3.75,17706.0,United Kingdom
537743,22801,ANTIQUE GLASS PEDESTAL BOWL,4,2010-12-08 11:02:00,3.75,17706.0,United Kingdom
537743,22789,T-LIGHT HOLDER SWEETHEART HANGING,8,2010-12-08 11:02:00,1.95,17706.0,United Kingdom
537743,22776,SWEETHEART CAKESTAND 3 TIER,2,2010-12-08 11:02:00,9.95,17706.0,United Kingdom
537743,22773,GREEN DRAWER KNOB ACRYLIC EDWARDIAN,12,2010-12-08 11:02:00,1.25,17706.0,United Kingdom
537743,22775,PURPLE DRAWERKNOB ACRYLIC EDWARDIAN,12,2010-12-08 11:02:00,1.25,17706.0,United Kingdom
537743,22805,BLUE DRAWER KNOB ACRYLIC EDWARDIAN,12,2010-12-08 11:02:00,1.25,17706.0,United Kingdom
537743,22427,ENAMEL FLOWER JUG CREAM,3,2010-12-08 11:02:00,5.95,17706.0,United Kingdom
537751,22822,CREAM WALL PLANTER HEART SHAPED,4,2010-12-08 11:04:00,5.95,17706.0,United Kingdom
537751,22771,CLEAR DRAWER KNOB ACRYLIC EDWARDIAN,12,2010-12-08 11:04:00,1.25,17706.0,United Kingdom
537900,22113,GREY HEART HOT WATER BOTTLE,2,2010-12-09 10:45:00,3.75,15983.0,United Kingdom
537900,84754,S/15 SILVER GLASS BAUBLES IN BAG,24,2010-12-09 10:45:00,1.25,15983.0,United Kingdom
537900,85170C,SET/6 EAU DE NIL BIRD T-LIGHTS,4,2010-12-09 10:45:00,2.1,15983.0,United Kingdom
537900,85170B,SET/6 BLACK BIRD T-LIGHT CANDLES,2,2010-12-09 10:45:00,2.1,15983.0,United Kingdom
537900,22736,RIBBON REEL MAKING SNOWMEN ,5,2010-12-09 10:45:00,1.65,15983.0,United Kingdom
537900,22739,RIBBON REEL CHRISTMAS SOCK BAUBLE,5,2010-12-09 10:45:00,1.65,15983.0,United Kingdom
537900,85169A,IVORY LOVE BIRD CANDLE,12,2010-12-09 10:45:00,1.25,15983.0,United Kingdom
537900,84625C,BLUE NEW BAROQUE CANDLESTICK CANDLE,12,2010-12-09 10:45:00,2.95,15983.0,United Kingdom
537900,84625A,PINK NEW BAROQUECANDLESTICK CANDLE,4,2010-12-09 10:45:00,2.95,15983.0,United Kingdom
537900,22514,CHILDS GARDEN SPADE BLUE,1,2010-12-09 10:45:00,2.1,15983.0,United Kingdom
537900,22516,CHILDS GARDEN RAKE BLUE,1,2010-12-09 10:45:00,2.1,15983.0,United Kingdom
537900,22518,CHILDS GARDEN BRUSH BLUE,1,2010-12-09 10:45:00,2.1,15983.0,United Kingdom
537900,84347,ROTATING SILVER ANGELS T-LIGHT HLDR,36,2010-12-09 10:45:00,2.55,15983.0,United Kingdom
537900,22294,HEART FILIGREE DOVE  SMALL,24,2010-12-09 10:45:00,1.25,15983.0,United Kingdom
537900,22144,CHRISTMAS CRAFT LITTLE FRIENDS,4,2010-12-09 10:45:00,2.1,15983.0,United Kingdom
537900,22525,CHILDRENS GARDEN GLOVES PINK,1,2010-12-09 10:45:00,1.25,15983.0,United Kingdom
537900,22523,CHILDS GARDEN FORK PINK,1,2010-12-09 10:45:00,0.85,15983.0,United Kingdom
537900,22521,CHILDS GARDEN TROWEL PINK,1,2010-12-09 10:45:00,0.85,15983.0,United Kingdom
537900,22139,RETROSPOT TEA SET CERAMIC 11 PC ,1,2010-12-09 10:45:00,4.95,15983.0,United Kingdom
537900,22548,HEADS AND TAILS SPORTING FUN,4,2010-12-09 10:45:00,1.25,15983.0,United Kingdom
537900,21651,HANGING GLASS ETCHED TEALIGHT,6,2010-12-09 10:45:00,1.65,15983.0,United Kingdom
537900,84879,ASSORTED COLOUR BIRD ORNAMENT,32,2010-12-09 10:45:00,1.69,15983.0,United Kingdom
537900,21136,PAINTED METAL PEARS ASSORTED,16,2010-12-09 10:45:00,1.69,15983.0,United Kingdom
537900,85172,HYACINTH BULB T-LIGHT CANDLES,32,2010-12-09 10:45:00,0.42,15983.0,United Kingdom
536446,85172,HYACINTH BULB T-LIGHT CANDLES,32,2010-12-01 12:15:00,0.42,15983.0,United Kingdom
536446,22142,CHRISTMAS CRAFT WHITE FAIRY ,2,2010-12-01 12:15:00,1.45,15983.0,United Kingdom
536446,22144,CHRISTMAS CRAFT LITTLE FRIENDS,2,2010-12-01 12:15:00,2.1,15983.0,United Kingdom
536446,21591,COSY HOUR CIGAR BOX MATCHES ,6,2010-12-01 12:15:00,1.25,15983.0,United Kingdom
536446,22480,RED TEA TOWEL CLASSIC DESIGN,12,2010-12-01 12:15:00,1.25,15983.0,United Kingdom
536446,22294,HEART FILIGREE DOVE  SMALL,48,2010-12-01 12:15:00,1.25,15983.0,United Kingdom
536446,21156,RETROSPOT CHILDRENS APRON,1,2010-12-01 12:15:00,1.95,15983.0,United Kingdom
536446,10133,COLOURING PENCILS BROWN TUBE,5,2010-12-01 12:15:00,0.85,15983.0,United Kingdom
536446,72800E,4 IVORY DINNER CANDLES SILVER FLOCK,6,2010-12-01 12:15:00,2.55,15983.0,United Kingdom
536446,22294,HEART FILIGREE DOVE  SMALL,24,2010-12-01 12:15:00,1.25,15983.0,United Kingdom
536446,84836,ZINC METAL HEART DECORATION,12,2010-12-01 12:15:00,1.25,15983.0,United Kingdom
536446,20774,GREEN FERN NOTEBOOK,2,2010-12-01 12:15:00,1.65,15983.0,United Kingdom
536446,20773,BLUE PAISLEY NOTEBOOK,2,2010-12-01 12:15:00,1.65,15983.0,United Kingdom
536446,20777,CHRYSANTHEMUM NOTEBOOK,2,2010-12-01 12:15:00,1.65,15983.0,United Kingdom
536446,16016,LARGE CHINESE STYLE SCISSOR,10,2010-12-01 12:15:00,0.85,15983.0,United Kingdom
536446,16014,SMALL CHINESE STYLE SCISSOR,10,2010-12-01 12:15:00,0.42,15983.0,United Kingdom
536446,21890,S/6 WOODEN SKITTLES IN COTTON BAG,2,2010-12-01 12:15:00,2.95,15983.0,United Kingdom
536446,21891,TRADITIONAL WOODEN SKIPPING ROPE,2,2010-12-01 12:15:00,1.25,15983.0,United Kingdom
536446,22619,SET OF 6 SOLDIER SKITTLES,8,2010-12-01 12:15:00,3.75,15983.0,United Kingdom
536446,22620,4 TRADITIONAL SPINNING TOPS,6,2010-12-01 12:15:00,1.25,15983.0,United Kingdom
536446,84347,ROTATING SILVER ANGELS T-LIGHT HLDR,12,2010-12-01 12:15:00,2.55,15983.0,United Kingdom
536446,85169B,BLACK LOVE BIRD CANDLE,24,2010-12-01 12:15:00,1.25,15983.0,United Kingdom
536446,21156,RETROSPOT CHILDRENS APRON,3,2010-12-01 12:15:00,1.95,15983.0,United Kingdom
536446,21651,HANGING GLASS ETCHED TEALIGHT,6,2010-12-01 12:15:00,1.65,15983.0,United Kingdom
536446,21651,HANGING GLASS ETCHED TEALIGHT,6,2010-12-01 12:15:00,1.65,15983.0,United Kingdom
536446,84625C,BLUE NEW BAROQUE CANDLESTICK CANDLE,10,2010-12-01 12:15:00,2.95,15983.0,United Kingdom
536446,22618,COOKING SET RETROSPOT,2,2010-12-01 12:15:00,9.95,15983.0,United Kingdom
536446,21586,KINGS CHOICE GIANT TUBE MATCHES,4,2010-12-01 12:15:00,2.55,15983.0,United Kingdom
536446,21587,COSY HOUR GIANT TUBE MATCHES,4,2010-12-01 12:15:00,2.55,15983.0,United Kingdom
536446,22152,PLACE SETTING WHITE STAR,24,2010-12-01 12:15:00,0.42,15983.0,United Kingdom
536446,85172,HYACINTH BULB T-LIGHT CANDLES,16,2010-12-01 12:15:00,0.42,15983.0,United Kingdom
536446,84754,S/15 SILVER GLASS BAUBLES IN BAG,24,2010-12-01 12:15:00,1.25,15983.0,United Kingdom
536530,22360,GLASS JAR ENGLISH CONFECTIONERY,2,2010-12-01 13:21:00,2.95,17905.0,United Kingdom
536530,22364,GLASS JAR DIGESTIVE BISCUITS,1,2010-12-01 13:21:00,2.95,17905.0,United Kingdom
536530,21657,MILK BOTTLE WITH GLASS STOPPER ,1,2010-12-01 13:21:00,6.95,17905.0,United Kingdom
536530,22699,ROSES REGENCY TEACUP AND SAUCER ,4,2010-12-01 13:21:00,2.95,17905.0,United Kingdom
536530,21071,VINTAGE BILLBOARD DRINK ME MUG,24,2010-12-01 13:21:00,1.25,17905.0,United Kingdom
536530,22941,CHRISTMAS LIGHTS 10 REINDEER,1,2010-12-01 13:21:00,8.5,17905.0,United Kingdom
536530,22120,WELCOME  WOODEN BLOCK LETTERS,1,2010-12-01 13:21:00,9.95,17905.0,United Kingdom
536530,22423,REGENCY CAKESTAND 3 TIER,1,2010-12-01 13:21:00,12.75,17905.0,United Kingdom
536530,21038,SET/4 MODERN VINTAGE COTTON NAPKINS,1,2010-12-01 13:21:00,2.95,17905.0,United Kingdom
536530,21625,VINTAGE UNION JACK APRON,1,2010-12-01 13:21:00,6.95,17905.0,United Kingdom
536530,22783,SET 3 WICKER OVAL BASKETS W LIDS,1,2010-12-01 13:21:00,19.95,17905.0,United Kingdom
536530,22097,SWALLOW SQUARE TISSUE BOX,1,2010-12-01 13:21:00,1.25,17905.0,United Kingdom
536530,82552,WASHROOM METAL SIGN,1,2010-12-01 13:21:00,1.45,17905.0,United Kingdom
536530,21179,NO JUNK MAIL METAL SIGN,1,2010-12-01 13:21:00,1.25,17905.0,United Kingdom
536530,22185,SLATE TILE NATURAL HANGING,4,2010-12-01 13:21:00,1.65,17905.0,United Kingdom
536530,22097,SWALLOW SQUARE TISSUE BOX,1,2010-12-01 13:21:00,1.25,17905.0,United Kingdom
536530,21662,VINTAGE GLASS COFFEE CADDY,1,2010-12-01 13:21:00,5.95,17905.0,United Kingdom
536530,85104,SILVER GLASS T-LIGHT SET,8,2010-12-01 13:21:00,2.95,17905.0,United Kingdom
536530,21654,RIDGED GLASS FINGER BOWL,6,2010-12-01 13:21:00,1.45,17905.0,United Kingdom
536530,21658,GLASS  BEURRE DISH,1,2010-12-01 13:21:00,3.95,17905.0,United Kingdom
536530,21664,RIDGED GLASS STORAGE JAR CREAM LID,2,2010-12-01 13:21:00,3.75,17905.0,United Kingdom
536530,22943,CHRISTMAS LIGHTS 10 VINTAGE BAUBLES,2,2010-12-01 13:21:00,4.95,17905.0,United Kingdom
536530,22411,JUMBO SHOPPER VINTAGE RED PAISLEY,6,2010-12-01 13:21:00,1.95,17905.0,United Kingdom
536597,22952,60 CAKE CASES VINTAGE CHRISTMAS,4,2010-12-01 17:35:00,0.55,18011.0,United Kingdom
536597,21704,BAG 250g SWIRLY MARBLES,1,2010-12-01 17:35:00,0.85,18011.0,United Kingdom
536597,21703,BAG 125g SWIRLY MARBLES,4,2010-12-01 17:35:00,0.42,18011.0,United Kingdom
536597,21705,BAG 500g SWIRLY MARBLES,2,2010-12-01 17:35:00,1.65,18011.0,United Kingdom
536597,85035C,ROSE 3 WICK MORRIS BOX CANDLE,1,2010-12-01 17:35:00,4.25,18011.0,United Kingdom
536597,72803A,ROSE SCENT CANDLE JEWELLED DRAWER,1,2010-12-01 17:35:00,4.25,18011.0,United Kingdom
536597,22086,PAPER CHAIN KIT 50'S CHRISTMAS ,1,2010-12-01 17:35:00,2.95,18011.0,United Kingdom
536597,22910,PAPER CHAIN KIT VINTAGE CHRISTMAS,1,2010-12-01 17:35:00,2.95,18011.0,United Kingdom
536597,22583,PACK OF 6 HANDBAG GIFT BOXES,2,2010-12-01 17:35:00,2.55,18011.0,United Kingdom
536597,22731,3D CHRISTMAS STAMPS STICKERS ,1,2010-12-01 17:35:00,1.25,18011.0,United Kingdom
536597,20682,RED RETROSPOT CHILDRENS UMBRELLA,1,2010-12-01 17:35:00,3.25,18011.0,United Kingdom
536597,72802C,VANILLA SCENT CANDLE JEWELLED BOX,3,2010-12-01 17:35:00,4.25,18011.0,United Kingdom
536597,22384,LUNCH BAG PINK POLKADOT,1,2010-12-01 17:35:00,1.65,18011.0,United Kingdom
536597,40001,WHITE BAMBOO RIBS LAMPSHADE,4,2010-12-01 17:35:00,0.85,18011.0,United Kingdom
536597,21709,FOLDING UMBRELLA CHOCOLATE POLKADOT,1,2010-12-01 17:35:00,4.95,18011.0,United Kingdom
536597,22220,CAKE STAND LOVEBIRD 2 TIER WHITE,1,2010-12-01 17:35:00,9.95,18011.0,United Kingdom
536597,21739,COSY SLIPPER SHOES SMALL GREEN,1,2010-12-01 17:35:00,2.95,18011.0,United Kingdom
536597,85034A,3 GARDENIA MORRIS BOXED CANDLES,1,2010-12-01 17:35:00,4.25,18011.0,United Kingdom
536597,72818,CHRISTMAS DECOUPAGE CANDLE,4,2010-12-01 17:35:00,0.85,18011.0,United Kingdom
536597,72798C,SET/4 GARDEN ROSE DINNER CANDLE,1,2010-12-01 17:35:00,1.65,18011.0,United Kingdom
536597,22197,SMALL POPCORN HOLDER,6,2010-12-01 17:35:00,0.85,18011.0,United Kingdom
536597,20726,LUNCH BAG WOODLAND,1,2010-12-01 17:35:00,1.65,18011.0,United Kingdom
536597,84744,S/6 SEW ON CROCHET FLOWERS,1,2010-12-01 17:35:00,1.25,18011.0,United Kingdom
536597,35271S,GOLD PRINT PAPER BAG,14,2010-12-01 17:35:00,0.19,18011.0,United Kingdom
536597,21380,WOODEN HAPPY BIRTHDAY GARLAND,1,2010-12-01 17:35:00,2.95,18011.0,United Kingdom
536597,22909,SET OF 20 VINTAGE CHRISTMAS NAPKINS,1,2010-12-01 17:35:00,0.85,18011.0,United Kingdom
536597,21221,SET/4 BADGES CUTE CREATURES,5,2010-12-01 17:35:00,1.25,18011.0,United Kingdom
536597,20755,BLUE PAISLEY POCKET BOOK,6,2010-12-01 17:35:00,0.85,18011.0,United Kingdom
536860,22627,MINT KITCHEN SCALES,1,2010-12-03 10:43:00,8.5,16905.0,United Kingdom
536860,22626,BLACK KITCHEN SCALES,1,2010-12-03 10:43:00,8.5,16905.0,United Kingdom
536860,85131A,BEADED PEARL HEART WHITE ON STICK,24,2010-12-03 10:43:00,1.25,16905.0,United Kingdom
536860,22155,STAR DECORATION RUSTIC,10,2010-12-03 10:43:00,0.42,16905.0,United Kingdom
536860,22575,METAL MERRY CHRISTMAS WREATH,3,2010-12-03 10:43:00,1.95,16905.0,United Kingdom
536860,22158,3 HEARTS HANGING DECORATION RUSTIC,13,2010-12-03 10:43:00,2.95,16905.0,United Kingdom
536860,84347,ROTATING SILVER ANGELS T-LIGHT HLDR,48,2010-12-03 10:43:00,2.55,16905.0,United Kingdom
536860,22111,SCOTTIE DOG HOT WATER BOTTLE,3,2010-12-03 10:43:00,4.95,16905.0,United Kingdom
536860,21485,RETROSPOT HEART HOT WATER BOTTLE,3,2010-12-03 10:43:00,4.95,16905.0,United Kingdom
536860,21484,CHICK GREY HOT WATER BOTTLE,2,2010-12-03 10:43:00,3.45,16905.0,United Kingdom
536938,22386,JUMBO BAG PINK POLKADOT,20,2010-12-03 12:05:00,1.95,14680.0,United Kingdom
536938,85099C,JUMBO  BAG BAROQUE BLACK WHITE,20,2010-12-03 12:05:00,1.95,14680.0,United Kingdom
536938,21931,JUMBO STORAGE BAG SUKI,20,2010-12-03 12:05:00,1.95,14680.0,United Kingdom
536938,20712,JUMBO BAG WOODLAND ANIMALS,20,2010-12-03 12:05:00,1.95,14680.0,United Kingdom
536938,20713,JUMBO BAG OWLS,20,2010-12-03 12:05:00,1.95,14680.0,United Kingdom
536938,20724,RED RETROSPOT CHARLOTTE BAG,20,2010-12-03 12:05:00,0.85,14680.0,United Kingdom
536938,22356,CHARLOTTE BAG PINK POLKADOT,20,2010-12-03 12:05:00,0.85,14680.0,United Kingdom
536938,84997B,RED 3 PIECE RETROSPOT CUTLERY SET,24,2010-12-03 12:05:00,3.75,14680.0,United Kingdom
536938,84997A,GREEN 3 PIECE POLKADOT CUTLERY SET,24,2010-12-03 12:05:00,3.75,14680.0,United Kingdom
536938,21479,WHITE SKULL HOT WATER BOTTLE ,72,2010-12-03 12:05:00,3.39,14680.0,United Kingdom
536938,22112,CHOCOLATE HOT WATER BOTTLE,72,2010-12-03 12:05:00,4.25,14680.0,United Kingdom
536938,22837,HOT WATER BOTTLE BABUSHKA ,36,2010-12-03 12:05:00,4.25,14680.0,United Kingdom
536938,21258,VICTORIAN SEWING BOX LARGE,24,2010-12-03 12:05:00,10.95,14680.0,United Kingdom
536938,79321,CHILLI LIGHTS,72,2010-12-03 12:05:00,4.25,14680.0,United Kingdom
537459,20982,12 PENCILS TALL TUBE SKULLS,12,2010-12-07 09:57:00,0.85,17470.0,United Kingdom
537459,22553,PLASTERS IN TIN SKULLS,12,2010-12-07 09:57:00,1.65,17470.0,United Kingdom
537459,22855,FINE WICKER HEART ,12,2010-12-07 09:57:00,1.25,17470.0,United Kingdom
537459,22227,HANGING HEART MIRROR DECORATION ,24,2010-12-07 09:57:00,0.65,17470.0,United Kingdom
537459,47591D,PINK FAIRY CAKE CHILDRENS APRON,8,2010-12-07 09:57:00,1.95,17470.0,United Kingdom
537459,21581,SKULLS  DESIGN  COTTON TOTE BAG,6,2010-12-07 09:57:00,2.25,17470.0,United Kingdom
537459,21577,SAVE THE PLANET COTTON TOTE BAG,6,2010-12-07 09:57:00,2.25,17470.0,United Kingdom
537459,20983,12 PENCILS TALL TUBE RED RETROSPOT,12,2010-12-07 09:57:00,0.85,17470.0,United Kingdom
537459,22189,CREAM HEART CARD HOLDER,4,2010-12-07 09:57:00,3.95,17470.0,United Kingdom
537459,22549,PICTURE DOMINOES,12,2010-12-07 09:57:00,1.45,17470.0,United Kingdom
537459,22283,6 EGG HOUSE PAINTED WOOD,4,2010-12-07 09:57:00,7.95,17470.0,United Kingdom
537625,72741,GRAND CHOCOLATECANDLE,9,2010-12-07 14:57:00,1.45,15180.0,United Kingdom
537625,22348,TEA BAG PLATE RED RETROSPOT,12,2010-12-07 14:57:00,0.85,15180.0,United Kingdom
537625,22113,GREY HEART HOT WATER BOTTLE,4,2010-12-07 14:57:00,3.75,15180.0,United Kingdom
537625,22835,HOT WATER BOTTLE I AM SO POORLY,4,2010-12-07 14:57:00,4.65,15180.0,United Kingdom
537625,22114,HOT WATER BOTTLE TEA AND SYMPATHY,4,2010-12-07 14:57:00,3.95,15180.0,United Kingdom
537625,22112,CHOCOLATE HOT WATER BOTTLE,3,2010-12-07 14:57:00,4.95,15180.0,United Kingdom
537627,85049A,TRADITIONAL CHRISTMAS RIBBONS,24,2010-12-07 14:58:00,1.25,14739.0,United Kingdom
537627,22086,PAPER CHAIN KIT 50'S CHRISTMAS ,40,2010-12-07 14:58:00,2.55,14739.0,United Kingdom
537627,22910,PAPER CHAIN KIT VINTAGE CHRISTMAS,40,2010-12-07 14:58:00,2.55,14739.0,United Kingdom
537627,21187,WHITE BELL HONEYCOMB PAPER GARLAND ,48,2010-12-07 14:58:00,1.45,14739.0,United Kingdom
537627,21916,SET 12 RETRO WHITE CHALK STICKS,24,2010-12-07 14:58:00,0.42,14739.0,United Kingdom
537627,21704,BAG 250g SWIRLY MARBLES,72,2010-12-07 14:58:00,0.72,14739.0,United Kingdom
537627,85049C,ROMANTIC PINKS RIBBONS ,12,2010-12-07 14:58:00,1.25,14739.0,United Kingdom
537627,85049D,BRIGHT BLUES RIBBONS ,12,2010-12-07 14:58:00,1.25,14739.0,United Kingdom
537627,85049G,CHOCOLATE BOX RIBBONS ,12,2010-12-07 14:58:00,1.25,14739.0,United Kingdom
537627,21586,KINGS CHOICE GIANT TUBE MATCHES,48,2010-12-07 14:58:00,2.1,14739.0,United Kingdom
537627,21587,COSY HOUR GIANT TUBE MATCHES,48,2010-12-07 14:58:00,2.1,14739.0,United Kingdom
537627,22178,VICTORIAN GLASS HANGING T-LIGHT,96,2010-12-07 14:58:00,1.06,14739.0,United Kingdom
537738,22423,REGENCY CAKESTAND 3 TIER,2,2010-12-08 11:02:00,12.75,17706.0,United Kingdom
537738,22697,GREEN REGENCY TEACUP AND SAUCER,6,2010-12-08 11:02:00,2.95,17706.0,United Kingdom
537738,21930,JUMBO STORAGE BAG SKULLS,10,2010-12-08 11:02:00,1.95,17706.0,United Kingdom
537738,21791,VINTAGE HEADS AND TAILS CARD GAME ,12,2010-12-08 11:02:00,1.25,17706.0,United Kingdom
537738,21790,VINTAGE SNAP CARDS,12,2010-12-08 11:02:00,0.85,17706.0,United Kingdom
537738,22867,HAND WARMER BIRD DESIGN,12,2010-12-08 11:02:00,2.1,17706.0,United Kingdom
537738,21479,WHITE SKULL HOT WATER BOTTLE ,4,2010-12-08 11:02:00,3.75,17706.0,United Kingdom
537738,22835,HOT WATER BOTTLE I AM SO POORLY,4,2010-12-08 11:02:00,4.65,17706.0,United Kingdom
537738,21484,CHICK GREY HOT WATER BOTTLE,4,2010-12-08 11:02:00,3.45,17706.0,United Kingdom
537738,22113,GREY HEART HOT WATER BOTTLE,4,2010-12-08 11:02:00,3.75,17706.0,United Kingdom
537738,21929,JUMBO BAG PINK VINTAGE PAISLEY,10,2010-12-08 11:02:00,1.95,17706.0,United Kingdom
537738,85099C,JUMBO  BAG BAROQUE BLACK WHITE,10,2010-12-08 11:02:00,1.95,17706.0,United Kingdom
537738,22411,JUMBO SHOPPER VINTAGE RED PAISLEY,10,2010-12-08 11:02:00,1.95,17706.0,United Kingdom
537738,47559B,TEA TIME OVEN GLOVE,10,2010-12-08 11:02:00,1.25,17706.0,United Kingdom
537738,21154,RED RETROSPOT OVEN GLOVE ,10,2010-12-08 11:02:00,1.25,17706.0,United Kingdom
537738,22558,CLOTHES PEGS RETROSPOT PACK 24 ,12,2010-12-08 11:02:00,1.49,17706.0,United Kingdom
537738,22792,FLUTED ANTIQUE CANDLE HOLDER,12,2010-12-08 11:02:00,0.85,17706.0,United Kingdom
537743,22798,ANTIQUE GLASS DRESSING TABLE POT,8,2010-12-08 11:02:00,2.95,17706.0,United Kingdom
537743,22800,ANTIQUE TALL SWIRLGLASS TRINKET POT,4,2010-12-08 11:02:00,3.75,17706.0,United Kingdom
537743,22801,ANTIQUE GLASS PEDESTAL BOWL,4,2010-12-08 11:02:00,3.75,17706.0,United Kingdom
537743,22789,T-LIGHT HOLDER SWEETHEART HANGING,8,2010-12-08 11:02:00,1.95,17706.0,United Kingdom
537743,22776,SWEETHEART CAKESTAND 3 TIER,2,2010-12-08 11:02:00,9.95,17706.0,United Kingdom
537743,22773,GREEN DRAWER KNOB ACRYLIC EDWARDIAN,12,2010-12-08 11:02:00,1.25,17706.0,United Kingdom
537743,22775,PURPLE DRAWERKNOB ACRYLIC EDWARDIAN,12,2010-12-08 11:02:00,1.25,17706.0,United Kingdom
537743,22805,BLUE DRAWER KNOB ACRYLIC EDWARDIAN,12,2010-12-08 11:02:00,1.25,17706.0,United Kingdom
537743,22427,ENAMEL FLOWER JUG CREAM,3,2010-12-08 11:02:00,5.95,17706.0,United Kingdom
537751,22822,CREAM WALL PLANTER HEART SHAPED,4,2010-12-08 11:04:00,5.95,17706.0,United Kingdom
537751,22771,CLEAR DRAWER KNOB ACRYLIC EDWARDIAN,12,2010-12-08 11:04:00,1.25,17706.0,United Kingdom
537900,22113,GREY HEART HOT WATER BOTTLE,2,2010-12-09 10:45:00,3.75,15983.0,United Kingdom
537900,84754,S/15 SILVER GLASS BAUBLES IN BAG,24,2010-12-09 10:45:00,1.25,15983.0,United Kingdom
537900,85170C,SET/6 EAU DE NIL BIRD T-LIGHTS,4,2010-12-09 10:45:00,2.1,15983.0,United Kingdom
537900,85170B,SET/6 BLACK BIRD T-LIGHT CANDLES,2,2010-12-09 10:45:00,2.1,15983.0,United Kingdom
537900,22736,RIBBON REEL MAKING SNOWMEN ,5,2010-12-09 10:45:00,1.65,15983.0,United Kingdom
537900,22739,RIBBON REEL CHRISTMAS SOCK BAUBLE,5,2010-12-09 10:45:00,1.65,15983.0,United Kingdom
537900,85169A,IVORY LOVE BIRD CANDLE,12,2010-12-09 10:45:00,1.25,15983.0,United Kingdom
537900,84625C,BLUE NEW BAROQUE CANDLESTICK CANDLE,12,2010-12-09 10:45:00,2.95,15983.0,United Kingdom
537900,84625A,PINK NEW BAROQUECANDLESTICK CANDLE,4,2010-12-09 10:45:00,2.95,15983.0,United Kingdom
537900,22514,CHILDS GARDEN SPADE BLUE,1,2010-12-09 10:45:00,2.1,15983.0,United Kingdom
537900,22516,CHILDS GARDEN RAKE BLUE,1,2010-12-09 10:45:00,2.1,15983.0,United Kingdom
537900,22518,CHILDS GARDEN BRUSH BLUE,1,2010-12-09 10:45:00,2.1,15983.0,United Kingdom
537900,84347,ROTATING SILVER ANGELS T-LIGHT HLDR,36,2010-12-09 10:45:00,2.55,15983.0,United Kingdom
537900,22294,HEART FILIGREE DOVE  SMALL,24,2010-12-09 10:45:00,1.25,15983.0,United Kingdom
537900,22144,CHRISTMAS CRAFT LITTLE FRIENDS,4,2010-12-09 10:45:00,2.1,15983.0,United Kingdom
537900,22525,CHILDRENS GARDEN GLOVES PINK,1,2010-12-09 10:45:00,1.25,15983.0,United Kingdom
537900,22523,CHILDS GARDEN FORK PINK,1,2010-12-09 10:45:00,0.85,15983.0,United Kingdom
537900,22521,CHILDS GARDEN TROWEL PINK,1,2010-12-09 10:45:00,0.85,15983.0,United Kingdom
537900,22139,RETROSPOT TEA SET CERAMIC 11 PC ,1,2010-12-09 10:45:00,4.95,15983.0,United Kingdom
537900,22548,HEADS AND TAILS SPORTING FUN,4,2010-12-09 10:45:00,1.25,15983.0,United Kingdom
537900,21651,HANGING GLASS ETCHED TEALIGHT,6,2010-12-09 10:45:00,1.65,15983.0,United Kingdom
537900,84879,ASSORTED COLOUR BIRD ORNAMENT,32,2010-12-09 10:45:00,1.69,15983.0,United Kingdom
537900,21136,PAINTED METAL PEARS ASSORTED,16,2010-12-09 10:45:00,1.69,15983.0,United Kingdom
537900,85172,HYACINTH BULB T-LIGHT CANDLES,32,2010-12-09 10:45:00,0.42,15983.0,United Kingdom
538814,22891,TEA FOR ONE POLKADOT,1,2010-12-14 12:30:00,4.25,15983.0,United Kingdom
538814,22927,GREEN GIANT GARDEN THERMOMETER,1,2010-12-14 12:30:00,5.95,15983.0,United Kingdom
538814,22926,IVORY GIANT GARDEN THERMOMETER,1,2010-12-14 12:30:00,5.95,15983.0,United Kingdom
538814,22834,HAND WARMER BABUSHKA DESIGN,2,2010-12-14 12:30:00,2.1,15983.0,United Kingdom
538814,84347,ROTATING SILVER ANGELS T-LIGHT HLDR,12,2010-12-14 12:30:00,2.55,15983.0,United Kingdom
538814,85169A,IVORY LOVE BIRD CANDLE,12,2010-12-14 12:30:00,1.25,15983.0,United Kingdom
538814,22622,BOX OF VINTAGE ALPHABET BLOCKS,1,2010-12-14 12:30:00,9.95,15983.0,United Kingdom
538814,22623,BOX OF VINTAGE JIGSAW BLOCKS ,2,2010-12-14 12:30:00,4.95,15983.0,United Kingdom
538814,22620,4 TRADITIONAL SPINNING TOPS,2,2010-12-14 12:30:00,1.25,15983.0,United Kingdom
538814,22522,CHILDS GARDEN FORK BLUE ,1,2010-12-14 12:30:00,0.85,15983.0,United Kingdom
538814,22525,CHILDRENS GARDEN GLOVES PINK,1,2010-12-14 12:30:00,1.25,15983.0,United Kingdom
538814,22524,CHILDRENS GARDEN GLOVES BLUE,1,2010-12-14 12:30:00,1.25,15983.0,United Kingdom
538814,22523,CHILDS GARDEN FORK PINK,1,2010-12-14 12:30:00,0.85,15983.0,United Kingdom
538814,22521,CHILDS GARDEN TROWEL PINK,1,2010-12-14 12:30:00,0.85,15983.0,United Kingdom
538814,22520,CHILDS GARDEN TROWEL BLUE ,1,2010-12-14 12:30:00,0.85,15983.0,United Kingdom
538814,72800E,4 IVORY DINNER CANDLES SILVER FLOCK,4,2010-12-14 12:30:00,2.55,15983.0,United Kingdom
538814,22082,RIBBON REEL STRIPES DESIGN ,2,2010-12-14 12:30:00,1.65,15983.0,United Kingdom
538814,22294,HEART FILIGREE DOVE  SMALL,24,2010-12-14 12:30:00,1.25,15983.0,United Kingdom
538814,84879,ASSORTED COLOUR BIRD ORNAMENT,8,2010-12-14 12:30:00,1.69,15983.0,United Kingdom
538814,22113,GREY HEART HOT WATER BOTTLE,18,2010-12-14 12:30:00,3.75,15983.0,United Kingdom
538814,21915,RED  HARMONICA IN BOX ,5,2010-12-14 12:30:00,1.25,15983.0,United Kingdom
538814,22548,HEADS AND TAILS SPORTING FUN,4,2010-12-14 12:30:00,1.25,15983.0,United Kingdom
538814,21914,BLUE HARMONICA IN BOX ,5,2010-12-14 12:30:00,1.25,15983.0,United Kingdom
538814,84625C,BLUE NEW BAROQUE CANDLESTICK CANDLE,14,2010-12-14 12:30:00,2.95,15983.0,United Kingdom
538814,84625A,PINK NEW BAROQUECANDLESTICK CANDLE,16,2010-12-14 12:30:00,2.95,15983.0,United Kingdom
C538833,21558,SKULL LUNCH BOX WITH CUTLERY ,-1,2010-12-14 13:05:00,2.55,14680.0,United Kingdom
C538833,22383,LUNCH BAG SUKI  DESIGN ,-1,2010-12-14 13:05:00,1.45,14680.0,United Kingdom
C538833,22356,CHARLOTTE BAG PINK POLKADOT,-2,2010-12-14 13:05:00,0.85,14680.0,United Kingdom
C538833,20728,LUNCH BAG CARS BLUE,-1,2010-12-14 13:05:00,1.65,14680.0,United Kingdom
C538833,21258,VICTORIAN SEWING BOX LARGE,-3,2010-12-14 13:05:00,10.95,14680.0,United Kingdom
538844,22174,PHOTO CUBE,48,2010-12-14 13:19:00,1.48,14680.0,United Kingdom
538844,22355,CHARLOTTE BAG SUKI DESIGN,100,2010-12-14 13:19:00,0.72,14680.0,United Kingdom
538844,21258,VICTORIAN SEWING BOX LARGE,8,2010-12-14 13:19:00,10.95,14680.0,United Kingdom
538844,22667,RECIPE BOX RETROSPOT ,24,2010-12-14 13:19:00,2.55,14680.0,United Kingdom
538844,22384,LUNCH BAG PINK POLKADOT,20,2010-12-14 13:19:00,1.65,14680.0,United Kingdom
538844,21479,WHITE SKULL HOT WATER BOTTLE ,24,2010-12-14 13:19:00,3.39,14680.0,United Kingdom
538844,22837,HOT WATER BOTTLE BABUSHKA ,36,2010-12-14 13:19:00,4.25,14680.0,United Kingdom
538844,22112,CHOCOLATE HOT WATER BOTTLE,24,2010-12-14 13:19:00,4.25,14680.0,United Kingdom
538844,84029E,RED WOOLLY HOTTIE WHITE HEART.,53,2010-12-14 13:19:00,3.39,14680.0,United Kingdom
538844,84997A,GREEN 3 PIECE POLKADOT CUTLERY SET,7,2010-12-14 13:19:00,3.75,14680.0,United Kingdom
538844,84997C,BLUE 3 PIECE POLKADOT CUTLERY SET,5,2010-12-14 13:19:00,3.75,14680.0,United Kingdom
538844,22197,SMALL POPCORN HOLDER,10,2010-12-14 13:19:00,0.85,14680.0,United Kingdom
538844,84997B,RED 3 PIECE RETROSPOT CUTLERY SET,6,2010-12-14 13:19:00,3.75,14680.0,United Kingdom
538844,84997D,PINK 3 PIECE POLKADOT CUTLERY SET,20,2010-12-14 13:19:00,3.75,14680.0,United Kingdom
538844,22198,LARGE POPCORN HOLDER ,13,2010-12-14 13:19:00,1.65,14680.0,United Kingdom
538844,79321,CHILLI LIGHTS,24,2010-12-14 13:19:00,4.25,14680.0,United Kingdom
538844,21731,RED TOADSTOOL LED NIGHT LIGHT,48,2010-12-14 13:19:00,1.65,14680.0,United Kingdom
539859,21192,WHITE BELL HONEYCOMB PAPER ,30,2010-12-22 16:23:00,1.65,17905.0,United Kingdom
539859,21187,WHITE BELL HONEYCOMB PAPER GARLAND ,10,2010-12-22 16:23:00,1.65,17905.0,United Kingdom
539859,21194,PINK  HONEYCOMB PAPER FAN,15,2010-12-22 16:23:00,2.1,17905.0,United Kingdom
539859,84800L,LARGE WHITE/PINK ROSE ART FLOWER,20,2010-12-22 16:23:00,2.12,17905.0,United Kingdom
539859,21191,LARGE WHITE HONEYCOMB PAPER BELL  ,25,2010-12-22 16:23:00,2.1,17905.0,United Kingdom
540182,10135,COLOURING PENCILS BROWN TUBE,20,2011-01-05 13:29:00,0.42,14739.0,United Kingdom
540182,21206,STRAWBERRY HONEYCOMB  GARLAND ,48,2011-01-05 13:29:00,0.65,14739.0,United Kingdom
540182,22783,SET 3 WICKER OVAL BASKETS W LIDS,4,2011-01-05 13:29:00,7.95,14739.0,United Kingdom
540182,21790,VINTAGE SNAP CARDS,72,2011-01-05 13:29:00,0.72,14739.0,United Kingdom
540182,21791,VINTAGE HEADS AND TAILS CARD GAME ,72,2011-01-05 13:29:00,1.06,14739.0,United Kingdom
540182,22727,ALARM CLOCK BAKELIKE RED ,8,2011-01-05 13:29:00,3.75,14739.0,United Kingdom
C540270,20725,LUNCH BAG RED RETROSPOT,-1,2011-01-06 11:40:00,1.45,14680.0,United Kingdom
C540270,22667,RECIPE BOX RETROSPOT ,-1,2011-01-06 11:40:00,2.55,14680.0,United Kingdom
C540270,22197,SMALL POPCORN HOLDER,-3,2011-01-06 11:40:00,0.85,14680.0,United Kingdom
C540270,21258,VICTORIAN SEWING BOX LARGE,-3,2011-01-06 11:40:00,10.95,14680.0,United Kingdom
540276,85099C,JUMBO  BAG BAROQUE BLACK WHITE,30,2011-01-06 12:16:00,1.95,14680.0,United Kingdom
540276,85099B,JUMBO BAG RED RETROSPOT,100,2011-01-06 12:16:00,1.65,14680.0,United Kingdom
540276,84997D,PINK 3 PIECE POLKADOT CUTLERY SET,24,2011-01-06 12:16:00,3.75,14680.0,United Kingdom
540276,84997B,RED 3 PIECE RETROSPOT CUTLERY SET,24,2011-01-06 12:16:00,3.75,14680.0,United Kingdom
540276,84991,60 TEATIME FAIRY CAKE CASES,24,2011-01-06 12:16:00,0.55,14680.0,United Kingdom
540276,79321,CHILLI LIGHTS,72,2011-01-06 12:16:00,4.25,14680.0,United Kingdom
540276,47566B,TEA TIME PARTY BUNTING,50,2011-01-06 12:16:00,3.75,14680.0,United Kingdom
540276,22628,PICNIC BOXES SET OF 3 RETROSPOT ,4,2011-01-06 12:16:00,4.95,14680.0,United Kingdom
540276,22386,JUMBO BAG PINK POLKADOT,20,2011-01-06 12:16:00,1.95,14680.0,United Kingdom
540276,22352,LUNCH BOX WITH CUTLERY RETROSPOT ,6,2011-01-06 12:16:00,2.55,14680.0,United Kingdom
540276,22328,ROUND SNACK BOXES SET OF 4 FRUITS ,5,2011-01-06 12:16:00,2.95,14680.0,United Kingdom
540276,22326,ROUND SNACK BOXES SET OF4 WOODLAND ,6,2011-01-06 12:16:00,2.95,14680.0,United Kingdom
540276,22197,SMALL POPCORN HOLDER,10,2011-01-06 12:16:00,0.85,14680.0,United Kingdom
540276,21430,SET/3 RED GINGHAM ROSE STORAGE BOX,24,2011-01-06 12:16:00,3.39,14680.0,United Kingdom
540276,20728,LUNCH BAG CARS BLUE,30,2011-01-06 12:16:00,1.65,14680.0,United Kingdom
540276,20727,LUNCH BAG  BLACK SKULL.,30,2011-01-06 12:16:00,1.65,14680.0,United Kingdom
540276,20726,LUNCH BAG WOODLAND,40,2011-01-06 12:16:00,1.65,14680.0,United Kingdom
540276,20725,LUNCH BAG RED RETROSPOT,100,2011-01-06 12:16:00,1.45,14680.0,United Kingdom
540276,20719,WOODLAND CHARLOTTE BAG,30,2011-01-06 12:16:00,0.85,14680.0,United Kingdom
540276,20713,JUMBO BAG OWLS,10,2011-01-06 12:16:00,1.95,14680.0,United Kingdom
540276,20712,JUMBO BAG WOODLAND ANIMALS,30,2011-01-06 12:16:00,1.95,14680.0,United Kingdom
541649,22766,PHOTO FRAME CORNICE,8,2011-01-20 11:39:00,2.95,17418.0,United Kingdom
541649,22413,METAL SIGN TAKE IT OR LEAVE IT ,6,2011-01-20 11:39:00,2.95,17418.0,United Kingdom
541649,84596B,SMALL DOLLY MIX DESIGN ORANGE BOWL,8,2011-01-20 11:39:00,1.25,17418.0,United Kingdom
541649,84508B,STRIPES DESIGN TEDDY,6,2011-01-20 11:39:00,2.55,17418.0,United Kingdom
541649,22619,SET OF 6 SOLDIER SKITTLES,4,2011-01-20 11:39:00,3.75,17418.0,United Kingdom
541649,37447,CERAMIC CAKE DESIGN SPOTTED PLATE,12,2011-01-20 11:39:00,1.49,17418.0,United Kingdom
541649,37446,MINI CAKE STAND WITH HANGING CAKES,8,2011-01-20 11:39:00,1.45,17418.0,United Kingdom
541649,22344,PARTY PIZZA DISH PINK POLKADOT,24,2011-01-20 11:39:00,0.21,17418.0,United Kingdom
541649,22345,PARTY PIZZA DISH BLUE POLKADOT,24,2011-01-20 11:39:00,0.21,17418.0,United Kingdom
541649,22466,FAIRY TALE COTTAGE NIGHTLIGHT,12,2011-01-20 11:39:00,1.95,17418.0,United Kingdom
541649,16225,RATTLE SNAKE EGGS,24,2011-01-20 11:39:00,0.42,17418.0,United Kingdom
541649,22891,TEA FOR ONE POLKADOT,3,2011-01-20 11:39:00,4.25,17418.0,United Kingdom
C542060,22198,LARGE POPCORN HOLDER ,-1,2011-01-25 12:01:00,1.65,14680.0,United Kingdom
C542060,20726,LUNCH BAG WOODLAND,-2,2011-01-25 12:01:00,1.65,14680.0,United Kingdom
C542060,20725,LUNCH BAG RED RETROSPOT,-2,2011-01-25 12:01:00,1.45,14680.0,United Kingdom
C542060,20728,LUNCH BAG CARS BLUE,-3,2011-01-25 12:01:00,1.65,14680.0,United Kingdom
C542060,21936,RED RETROSPOT PICNIC BAG,-1,2011-01-25 12:01:00,2.95,14680.0,United Kingdom
C542060,21430,SET/3 RED GINGHAM ROSE STORAGE BOX,-2,2011-01-25 12:01:00,3.39,14680.0,United Kingdom
C542060,21258,VICTORIAN SEWING BOX LARGE,-3,2011-01-25 12:01:00,10.95,14680.0,United Kingdom
542084,20719,WOODLAND CHARLOTTE BAG,20,2011-01-25 12:31:00,0.85,14680.0,United Kingdom
542084,20728,LUNCH BAG CARS BLUE,30,2011-01-25 12:31:00,1.65,14680.0,United Kingdom
542084,22384,LUNCH BAG PINK POLKADOT,30,2011-01-25 12:31:00,1.65,14680.0,United Kingdom
542084,20726,LUNCH BAG WOODLAND,50,2011-01-25 12:31:00,1.65,14680.0,United Kingdom
542084,20727,LUNCH BAG  BLACK SKULL.,50,2011-01-25 12:31:00,1.65,14680.0,United Kingdom
542084,47566B,TEA TIME PARTY BUNTING,50,2011-01-25 12:31:00,3.75,14680.0,United Kingdom
542084,22386,JUMBO BAG PINK POLKADOT,30,2011-01-25 12:31:00,1.95,14680.0,United Kingdom
542084,20713,JUMBO BAG OWLS,20,2011-01-25 12:31:00,1.95,14680.0,United Kingdom
542084,20712,JUMBO BAG WOODLAND ANIMALS,10,2011-01-25 12:31:00,1.95,14680.0,United Kingdom
542084,21930,JUMBO STORAGE BAG SKULLS,20,2011-01-25 12:31:00,1.95,14680.0,United Kingdom
542084,21937,STRAWBERRY   PICNIC BAG,30,2011-01-25 12:31:00,2.95,14680.0,United Kingdom
542084,21175,GIN + TONIC DIET METAL SIGN,12,2011-01-25 12:31:00,2.1,14680.0,United Kingdom
542084,21731,RED TOADSTOOL LED NIGHT LIGHT,24,2011-01-25 12:31:00,1.65,14680.0,United Kingdom
542084,22326,ROUND SNACK BOXES SET OF4 WOODLAND ,15,2011-01-25 12:31:00,2.95,14680.0,United Kingdom
542084,22628,PICNIC BOXES SET OF 3 RETROSPOT ,10,2011-01-25 12:31:00,4.95,14680.0,United Kingdom
542084,47559B,TEA TIME OVEN GLOVE,5,2011-01-25 12:31:00,1.25,14680.0,United Kingdom
542084,21355,TOAST ITS - I LOVE YOU ,6,2011-01-25 12:31:00,1.25,14680.0,United Kingdom
542084,21156,RETROSPOT CHILDRENS APRON,5,2011-01-25 12:31:00,1.95,14680.0,United Kingdom
542084,21154,RED RETROSPOT OVEN GLOVE ,5,2011-01-25 12:31:00,1.25,14680.0,United Kingdom
542084,84997B,RED 3 PIECE RETROSPOT CUTLERY SET,24,2011-01-25 12:31:00,3.75,14680.0,United Kingdom
542084,84997C,BLUE 3 PIECE POLKADOT CUTLERY SET,24,2011-01-25 12:31:00,3.75,14680.0,United Kingdom
542214,22383,LUNCH BAG SUKI  DESIGN ,10,2011-01-26 12:19:00,1.65,17118.0,United Kingdom
542214,20975,12 PENCILS SMALL TUBE RED RETROSPOT,24,2011-01-26 12:19:00,0.65,17118.0,United Kingdom
542214,20725,LUNCH BAG RED RETROSPOT,10,2011-01-26 12:19:00,1.65,17118.0,United Kingdom
542214,22352,LUNCH BOX WITH CUTLERY RETROSPOT ,12,2011-01-26 12:19:00,2.55,17118.0,United Kingdom
542214,21967,PACK OF 12 SKULL TISSUES,24,2011-01-26 12:19:00,0.29,17118.0,United Kingdom
542214,21982,PACK OF 12 SUKI TISSUES ,24,2011-01-26 12:19:00,0.29,17118.0,United Kingdom
542214,22382,LUNCH BAG SPACEBOY DESIGN ,10,2011-01-26 12:19:00,1.65,17118.0,United Kingdom
542214,20727,LUNCH BAG  BLACK SKULL.,10,2011-01-26 12:19:00,1.65,17118.0,United Kingdom
542214,20974,12 PENCILS SMALL TUBE SKULL,24,2011-01-26 12:19:00,0.65,17118.0,United Kingdom
542214,21558,SKULL LUNCH BOX WITH CUTLERY ,6,2011-01-26 12:19:00,2.55,17118.0,United Kingdom
544035,48185,DOORMAT FAIRY CAKE,2,2011-02-15 11:30:00,7.95,13893.0,United Kingdom
544035,48138,DOORMAT UNION FLAG,2,2011-02-15 11:30:00,7.95,13893.0,United Kingdom
544035,22692,DOORMAT WELCOME TO OUR HOME,2,2011-02-15 11:30:00,7.95,13893.0,United Kingdom
544035,48188,DOORMAT WELCOME PUPPIES,2,2011-02-15 11:30:00,7.95,13893.0,United Kingdom
544035,48129,DOORMAT TOPIARY,2,2011-02-15 11:30:00,7.95,13893.0,United Kingdom
544035,48184,DOORMAT ENGLISH ROSE ,2,2011-02-15 11:30:00,7.95,13893.0,United Kingdom
544035,21621,VINTAGE UNION JACK BUNTING,36,2011-02-15 11:30:00,8.5,13893.0,United Kingdom
544035,22357,KINGS CHOICE BISCUIT TIN,12,2011-02-15 11:30:00,3.75,13893.0,United Kingdom
544035,22358,KINGS CHOICE TEA CADDY ,6,2011-02-15 11:30:00,2.95,13893.0,United Kingdom
544035,21622,VINTAGE UNION JACK CUSHION COVER,4,2011-02-15 11:30:00,4.95,13893.0,United Kingdom
544035,22507,MEMO BOARD RETROSPOT  DESIGN,4,2011-02-15 11:30:00,4.95,13893.0,United Kingdom
544035,21623,VINTAGE UNION JACK MEMOBOARD,4,2011-02-15 11:30:00,9.95,13893.0,United Kingdom
544035,22084,PAPER CHAIN KIT EMPIRE,40,2011-02-15 11:30:00,2.55,13893.0,United Kingdom
544035,21878,PACK OF 6 SANDCASTLE FLAGS ASSORTED,48,2011-02-15 11:30:00,0.85,13893.0,United Kingdom
544035,21524,DOORMAT SPOTTY HOME SWEET HOME,2,2011-02-15 11:30:00,7.95,13893.0,United Kingdom
544035,84997D,PINK 3 PIECE POLKADOT CUTLERY SET,4,2011-02-15 11:30:00,4.15,13893.0,United Kingdom
544035,84997A,GREEN 3 PIECE POLKADOT CUTLERY SET,4,2011-02-15 11:30:00,4.15,13893.0,United Kingdom
544035,84997C,BLUE 3 PIECE POLKADOT CUTLERY SET,4,2011-02-15 11:30:00,4.15,13893.0,United Kingdom
544035,84997B,RED 3 PIECE RETROSPOT CUTLERY SET,4,2011-02-15 11:30:00,4.15,13893.0,United Kingdom
544035,22424,ENAMEL BREAD BIN CREAM,2,2011-02-15 11:30:00,12.75,13893.0,United Kingdom
544035,22795,SWEETHEART RECIPE BOOK STAND,4,2011-02-15 11:30:00,6.75,13893.0,United Kingdom
544392,84997D,PINK 3 PIECE POLKADOT CUTLERY SET,72,2011-02-18 11:54:00,3.75,14680.0,United Kingdom
544392,84997C,BLUE 3 PIECE POLKADOT CUTLERY SET,72,2011-02-18 11:54:00,3.75,14680.0,United Kingdom
544392,84997B,RED 3 PIECE RETROSPOT CUTLERY SET,72,2011-02-18 11:54:00,3.75,14680.0,United Kingdom
544392,84997A,GREEN 3 PIECE POLKADOT CUTLERY SET,72,2011-02-18 11:54:00,3.75,14680.0,United Kingdom
544392,21430,SET/3 RED GINGHAM ROSE STORAGE BOX,24,2011-02-18 11:54:00,3.39,14680.0,United Kingdom
544392,79321,CHILLI LIGHTS,72,2011-02-18 11:54:00,4.95,14680.0,United Kingdom
544392,22386,JUMBO BAG PINK POLKADOT,30,2011-02-18 11:54:00,1.95,14680.0,United Kingdom
544392,21559,STRAWBERRY LUNCH BOX WITH CUTLERY,6,2011-02-18 11:54:00,2.55,14680.0,United Kingdom
544392,22353,LUNCH BOX WITH CUTLERY FAIRY CAKES ,8,2011-02-18 11:54:00,2.55,14680.0,United Kingdom
544392,22352,LUNCH BOX WITH CUTLERY RETROSPOT ,6,2011-02-18 11:54:00,2.55,14680.0,United Kingdom
544392,20719,WOODLAND CHARLOTTE BAG,20,2011-02-18 11:54:00,0.85,14680.0,United Kingdom
544392,22356,CHARLOTTE BAG PINK POLKADOT,1,2011-02-18 11:54:00,0.85,14680.0,United Kingdom
544392,20724,RED RETROSPOT CHARLOTTE BAG,10,2011-02-18 11:54:00,0.85,14680.0,United Kingdom
544392,21731,RED TOADSTOOL LED NIGHT LIGHT,48,2011-02-18 11:54:00,1.65,14680.0,United Kingdom
544392,21035,SET/2 RED RETROSPOT TEA TOWELS ,10,2011-02-18 11:54:00,3.25,14680.0,United Kingdom
544392,22355,CHARLOTTE BAG SUKI DESIGN,100,2011-02-18 11:54:00,0.72,14680.0,United Kingdom
544392,22383,LUNCH BAG SUKI  DESIGN ,100,2011-02-18 11:54:00,1.45,14680.0,United Kingdom
544392,21931,JUMBO STORAGE BAG SUKI,100,2011-02-18 11:54:00,1.65,14680.0,United Kingdom
544392,21930,JUMBO STORAGE BAG SKULLS,100,2011-02-18 11:54:00,1.65,14680.0,United Kingdom
544392,20712,JUMBO BAG WOODLAND ANIMALS,100,2011-02-18 11:54:00,1.65,14680.0,United Kingdom
544392,20713,JUMBO BAG OWLS,100,2011-02-18 11:54:00,1.65,14680.0,United Kingdom
544392,85099B,JUMBO BAG RED RETROSPOT,100,2011-02-18 11:54:00,1.65,14680.0,United Kingdom
544441,21340,CLASSIC METAL BIRDCAGE PLANT HOLDER,8,2011-02-20 10:29:00,9.95,16566.0,United Kingdom
544441,18097C,WHITE TALL PORCELAIN T-LIGHT HOLDER,6,2011-02-20 10:29:00,2.55,16566.0,United Kingdom
544694,22423,REGENCY CAKESTAND 3 TIER,4,2011-02-23 09:30:00,12.75,17706.0,United Kingdom
544694,22914,BLUE COAT RACK PARIS FASHION,3,2011-02-23 09:30:00,4.95,17706.0,United Kingdom
544694,22913,RED COAT RACK PARIS FASHION,3,2011-02-23 09:30:00,4.95,17706.0,United Kingdom
544694,82486,WOOD S/3 CABINET ANT WHITE FINISH,2,2011-02-23 09:30:00,8.95,17706.0,United Kingdom
544694,22727,ALARM CLOCK BAKELIKE RED ,4,2011-02-23 09:30:00,3.75,17706.0,United Kingdom
544694,22730,ALARM CLOCK BAKELIKE IVORY,4,2011-02-23 09:30:00,3.75,17706.0,United Kingdom
544694,21843,RED RETROSPOT CAKE STAND,1,2011-02-23 09:30:00,10.95,17706.0,United Kingdom
544694,22567,20 DOLLY PEGS RETROSPOT,12,2011-02-23 09:30:00,1.25,17706.0,United Kingdom
544694,22348,TEA BAG PLATE RED RETROSPOT,12,2011-02-23 09:30:00,0.85,17706.0,United Kingdom
544694,21218,RED SPOTTY BISCUIT TIN,6,2011-02-23 09:30:00,3.75,17706.0,United Kingdom
544694,85014A,BLACK/BLUE POLKADOT UMBRELLA,6,2011-02-23 09:30:00,5.95,17706.0,United Kingdom
544694,85014B,RED RETROSPOT UMBRELLA,3,2011-02-23 09:30:00,5.95,17706.0,United Kingdom
544694,22662,LUNCH BAG DOLLY GIRL DESIGN,10,2011-02-23 09:30:00,1.65,17706.0,United Kingdom
544694,20728,LUNCH BAG CARS BLUE,10,2011-02-23 09:30:00,1.65,17706.0,United Kingdom
544694,22779,WOODEN OWLS LIGHT GARLAND ,4,2011-02-23 09:30:00,4.25,17706.0,United Kingdom
544694,22780,LIGHT GARLAND BUTTERFILES PINK,4,2011-02-23 09:30:00,4.25,17706.0,United Kingdom
544694,23230,WRAP ALPHABET DESIGN,25,2011-02-23 09:30:00,0.42,17706.0,United Kingdom
544694,22047,EMPIRE GIFT WRAP,25,2011-02-23 09:30:00,0.42,17706.0,United Kingdom
544694,22708,WRAP DOLLY GIRL,25,2011-02-23 09:30:00,0.42,17706.0,United Kingdom
544694,22985,"WRAP, BILLBOARD FONTS DESIGN",25,2011-02-23 09:30:00,0.42,17706.0,United Kingdom
544694,48138,DOORMAT UNION FLAG,2,2011-02-23 09:30:00,7.95,17706.0,United Kingdom
544694,48194,DOORMAT HEARTS,2,2011-02-23 09:30:00,7.95,17706.0,United Kingdom
544694,48187,DOORMAT NEW ENGLAND,2,2011-02-23 09:30:00,7.95,17706.0,United Kingdom
544694,84879,ASSORTED COLOUR BIRD ORNAMENT,8,2011-02-23 09:30:00,1.69,17706.0,United Kingdom
544888,22429,ENAMEL MEASURING JUG CREAM,4,2011-02-24 11:55:00,4.25,14231.0,United Kingdom
544888,22427,ENAMEL FLOWER JUG CREAM,3,2011-02-24 11:55:00,5.95,14231.0,United Kingdom
544888,20998,ROSE DU SUD OVEN GLOVE,6,2011-02-24 11:55:00,2.95,14231.0,United Kingdom
544888,21041,RED RETROSPOT OVEN GLOVE DOUBLE,6,2011-02-24 11:55:00,2.95,14231.0,United Kingdom
544888,22487,WHITE WOOD GARDEN PLANT LADDER,2,2011-02-24 11:55:00,9.95,14231.0,United Kingdom
544888,22501,PICNIC BASKET WICKER LARGE,2,2011-02-24 11:55:00,9.95,14231.0,United Kingdom
544888,84755,COLOUR GLASS T-LIGHT HOLDER HANGING,16,2011-02-24 11:55:00,0.65,14231.0,United Kingdom
544888,84945,MULTI COLOUR SILVER T-LIGHT HOLDER,12,2011-02-24 11:55:00,0.85,14231.0,United Kingdom
544888,22423,REGENCY CAKESTAND 3 TIER,1,2011-02-24 11:55:00,12.75,14231.0,United Kingdom
544888,85099B,JUMBO BAG RED RETROSPOT,10,2011-02-24 11:55:00,1.95,14231.0,United Kingdom
544888,21114,LAVENDER SCENTED FABRIC HEART,10,2011-02-24 11:55:00,1.25,14231.0,United Kingdom
544888,22759,SET OF 3 NOTEBOOKS IN PARCEL,12,2011-02-24 11:55:00,1.65,14231.0,United Kingdom
544888,22668,PINK BABY BUNTING,5,2011-02-24 11:55:00,2.95,14231.0,United Kingdom
544888,22669,RED BABY BUNTING ,5,2011-02-24 11:55:00,2.95,14231.0,United Kingdom
544888,21428,SET3 BOOK BOX GREEN GINGHAM FLOWER ,4,2011-02-24 11:55:00,4.25,14231.0,United Kingdom
544888,84030E,ENGLISH ROSE HOT WATER BOTTLE,4,2011-02-24 11:55:00,4.25,14231.0,United Kingdom
544888,21485,RETROSPOT HEART HOT WATER BOTTLE,3,2011-02-24 11:55:00,4.95,14231.0,United Kingdom
544888,22698,PINK REGENCY TEACUP AND SAUCER,6,2011-02-24 11:55:00,2.95,14231.0,United Kingdom
544888,22697,GREEN REGENCY TEACUP AND SAUCER,6,2011-02-24 11:55:00,2.95,14231.0,United Kingdom
C545438,22697,GREEN REGENCY TEACUP AND SAUCER,-1,2011-03-02 15:54:00,2.95,14231.0,United Kingdom
C545438,22698,PINK REGENCY TEACUP AND SAUCER,-1,2011-03-02 15:54:00,2.95,14231.0,United Kingdom
C545438,22427,ENAMEL FLOWER JUG CREAM,-3,2011-03-02 15:54:00,5.95,14231.0,United Kingdom
545465,47566,PARTY BUNTING,16,2011-03-03 09:25:00,4.95,16957.0,United Kingdom
545465,84228,HEN HOUSE W CHICK STANDING,12,2011-03-03 09:25:00,0.42,16957.0,United Kingdom
545465,85194S,HANGING SPRING FLOWER EGG SMALL,24,2011-03-03 09:25:00,0.65,16957.0,United Kingdom
545465,21458,2 PICTURE BOOK EGGS EASTER BUNNY,12,2011-03-03 09:25:00,1.25,16957.0,United Kingdom
547252,21179,NO JUNK MAIL METAL SIGN,12,2011-03-22 10:13:00,1.25,13900.0,United Kingdom
547252,22349,DOG BOWL CHASING BALL DESIGN,6,2011-03-22 10:13:00,3.75,13900.0,United Kingdom
547252,21174,POTTERING IN THE SHED METAL SIGN,12,2011-03-22 10:13:00,2.08,13900.0,United Kingdom
547252,82551,LAUNDRY 15C METAL SIGN,12,2011-03-22 10:13:00,1.45,13900.0,United Kingdom
547252,82552,WASHROOM METAL SIGN,12,2011-03-22 10:13:00,1.45,13900.0,United Kingdom
547252,21733,RED HANGING HEART T-LIGHT HOLDER,6,2011-03-22 10:13:00,2.95,13900.0,United Kingdom
547252,85123A,WHITE HANGING HEART T-LIGHT HOLDER,6,2011-03-22 10:13:00,2.95,13900.0,United Kingdom
547252,84879,ASSORTED COLOUR BIRD ORNAMENT,8,2011-03-22 10:13:00,1.69,13900.0,United Kingdom
547252,22424,ENAMEL BREAD BIN CREAM,1,2011-03-22 10:13:00,12.75,13900.0,United Kingdom
547252,21754,HOME BUILDING BLOCK WORD,3,2011-03-22 10:13:00,5.95,13900.0,United Kingdom
547252,22478,BIRDHOUSE GARDEN MARKER ,10,2011-03-22 10:13:00,1.25,13900.0,United Kingdom
547252,21354,TOAST ITS - BEST MUM,12,2011-03-22 10:13:00,1.25,13900.0,United Kingdom
547252,22115,METAL SIGN EMPIRE TEA,6,2011-03-22 10:13:00,2.95,13900.0,United Kingdom
547252,48138,DOORMAT UNION FLAG,2,2011-03-22 10:13:00,7.95,13900.0,United Kingdom
547252,22358,KINGS CHOICE TEA CADDY ,6,2011-03-22 10:13:00,2.95,13900.0,United Kingdom
547252,22084,PAPER CHAIN KIT EMPIRE,40,2011-03-22 10:13:00,2.55,13900.0,United Kingdom
547712,84360,TABLE LAMP WHITE SHADE WOOD BASE,5,2011-03-24 19:31:00,5.95,16905.0,United Kingdom
547712,84358,FLOOR LAMP SHADE WOOD BASE,4,2011-03-24 19:31:00,8.49,16905.0,United Kingdom
547712,22846,BREAD BIN DINER STYLE RED ,1,2011-03-24 19:31:00,16.95,16905.0,United Kingdom
547712,22699,ROSES REGENCY TEACUP AND SAUCER ,1,2011-03-24 19:31:00,2.95,16905.0,United Kingdom
547712,22699,ROSES REGENCY TEACUP AND SAUCER ,1,2011-03-24 19:31:00,2.95,16905.0,United Kingdom
547712,22699,ROSES REGENCY TEACUP AND SAUCER ,1,2011-03-24 19:31:00,2.95,16905.0,United Kingdom
547712,22699,ROSES REGENCY TEACUP AND SAUCER ,1,2011-03-24 19:31:00,2.95,16905.0,United Kingdom
547712,22270,HAPPY EASTER HANGING DECORATION,1,2011-03-24 19:31:00,3.75,16905.0,United Kingdom
547712,22697,GREEN REGENCY TEACUP AND SAUCER,1,2011-03-24 19:31:00,2.95,16905.0,United Kingdom
547712,22698,PINK REGENCY TEACUP AND SAUCER,1,2011-03-24 19:31:00,2.95,16905.0,United Kingdom
547712,22697,GREEN REGENCY TEACUP AND SAUCER,1,2011-03-24 19:31:00,2.95,16905.0,United Kingdom
547712,22699,ROSES REGENCY TEACUP AND SAUCER ,1,2011-03-24 19:31:00,2.95,16905.0,United Kingdom
547712,22697,GREEN REGENCY TEACUP AND SAUCER,4,2011-03-24 19:31:00,2.95,16905.0,United Kingdom
547712,15056BL,EDWARDIAN PARASOL BLACK,1,2011-03-24 19:31:00,5.95,16905.0,United Kingdom
547712,20679,EDWARDIAN PARASOL RED,1,2011-03-24 19:31:00,5.95,16905.0,United Kingdom
547712,84879,ASSORTED COLOUR BIRD ORNAMENT,8,2011-03-24 19:31:00,1.69,16905.0,United Kingdom
547712,20828,GLITTER BUTTERFLY CLIPS,2,2011-03-24 19:31:00,2.55,16905.0,United Kingdom
547712,22297,HEART IVORY TRELLIS SMALL,6,2011-03-24 19:31:00,1.25,16905.0,United Kingdom
547712,22296,HEART IVORY TRELLIS LARGE,8,2011-03-24 19:31:00,1.65,16905.0,United Kingdom
547712,22423,REGENCY CAKESTAND 3 TIER,3,2011-03-24 19:31:00,12.75,16905.0,United Kingdom
547712,22766,PHOTO FRAME CORNICE,2,2011-03-24 19:31:00,2.95,16905.0,United Kingdom
547712,22626,BLACK KITCHEN SCALES,1,2011-03-24 19:31:00,8.5,16905.0,United Kingdom
547712,22666,RECIPE BOX PANTRY YELLOW DESIGN,2,2011-03-24 19:31:00,2.95,16905.0,United Kingdom
547712,22667,RECIPE BOX RETROSPOT ,1,2011-03-24 19:31:00,2.95,16905.0,United Kingdom
547712,22084,PAPER CHAIN KIT EMPIRE,7,2011-03-24 19:31:00,2.95,16905.0,United Kingdom
547712,22499,WOODEN UNION JACK BUNTING,4,2011-03-24 19:31:00,5.95,16905.0,United Kingdom
547712,22849,BREAD BIN DINER STYLE MINT,1,2011-03-24 19:31:00,16.95,16905.0,United Kingdom
547712,22626,BLACK KITCHEN SCALES,1,2011-03-24 19:31:00,8.5,16905.0,United Kingdom
547712,22191,IVORY DINER WALL CLOCK,1,2011-03-24 19:31:00,8.5,16905.0,United Kingdom
547712,22193,RED DINER WALL CLOCK,1,2011-03-24 19:31:00,8.5,16905.0,United Kingdom
547712,22191,IVORY DINER WALL CLOCK,1,2011-03-24 19:31:00,8.5,16905.0,United Kingdom
547712,22194,BLACK DINER WALL CLOCK,1,2011-03-24 19:31:00,8.5,16905.0,United Kingdom
547712,82483,WOOD 2 DRAWER CABINET WHITE FINISH,2,2011-03-24 19:31:00,6.95,16905.0,United Kingdom
547712,85066,CREAM SWEETHEART MINI CHEST,1,2011-03-24 19:31:00,12.75,16905.0,United Kingdom
547712,82486,WOOD S/3 CABINET ANT WHITE FINISH,2,2011-03-24 19:31:00,8.95,16905.0,United Kingdom
547922,22464,HANGING METAL HEART LANTERN,12,2011-03-28 13:32:00,1.65,15624.0,United Kingdom
547922,21755,LOVE BUILDING BLOCK WORD,3,2011-03-28 13:32:00,5.95,15624.0,United Kingdom
547922,22485,SET OF 2 WOODEN MARKET CRATES,2,2011-03-28 13:32:00,12.75,15624.0,United Kingdom
547922,22487,WHITE WOOD GARDEN PLANT LADDER,1,2011-03-28 13:32:00,9.95,15624.0,United Kingdom
547922,21622,VINTAGE UNION JACK CUSHION COVER,4,2011-03-28 13:32:00,4.95,15624.0,United Kingdom
547922,21926,RED/CREAM STRIPE CUSHION COVER ,12,2011-03-28 13:32:00,1.25,15624.0,United Kingdom
547922,21626,VINTAGE UNION JACK PENNANT,12,2011-03-28 13:32:00,1.95,15624.0,United Kingdom
547922,22499,WOODEN UNION JACK BUNTING,3,2011-03-28 13:32:00,5.95,15624.0,United Kingdom
547922,22611,VINTAGE UNION JACK SHOPPING BAG,3,2011-03-28 13:32:00,4.95,15624.0,United Kingdom
547922,21623,VINTAGE UNION JACK MEMOBOARD,2,2011-03-28 13:32:00,9.95,15624.0,United Kingdom
548169,47566,PARTY BUNTING,50,2011-03-29 13:48:00,4.15,14680.0,United Kingdom
548169,85099C,JUMBO  BAG BAROQUE BLACK WHITE,10,2011-03-29 13:48:00,1.95,14680.0,United Kingdom
548169,20728,LUNCH BAG CARS BLUE,10,2011-03-29 13:48:00,1.65,14680.0,United Kingdom
548169,21937,STRAWBERRY   PICNIC BAG,10,2011-03-29 13:48:00,2.95,14680.0,United Kingdom
548169,21936,RED RETROSPOT PICNIC BAG,20,2011-03-29 13:48:00,2.95,14680.0,United Kingdom
548169,20724,RED RETROSPOT CHARLOTTE BAG,20,2011-03-29 13:48:00,0.85,14680.0,United Kingdom
548169,22356,CHARLOTTE BAG PINK POLKADOT,20,2011-03-29 13:48:00,0.85,14680.0,United Kingdom
548169,20727,LUNCH BAG  BLACK SKULL.,20,2011-03-29 13:48:00,1.65,14680.0,United Kingdom
548169,22384,LUNCH BAG PINK POLKADOT,20,2011-03-29 13:48:00,1.65,14680.0,United Kingdom
548169,21731,RED TOADSTOOL LED NIGHT LIGHT,24,2011-03-29 13:48:00,1.65,14680.0,United Kingdom
548169,22628,PICNIC BOXES SET OF 3 RETROSPOT ,8,2011-03-29 13:48:00,4.95,14680.0,United Kingdom
548169,79321,CHILLI LIGHTS,48,2011-03-29 13:48:00,4.95,14680.0,United Kingdom
548169,21559,STRAWBERRY LUNCH BOX WITH CUTLERY,10,2011-03-29 13:48:00,2.55,14680.0,United Kingdom
548169,22327,ROUND SNACK BOXES SET OF 4 SKULLS,10,2011-03-29 13:48:00,2.95,14680.0,United Kingdom
548169,47559B,TEA TIME OVEN GLOVE,7,2011-03-29 13:48:00,1.25,14680.0,United Kingdom
548169,20914,SET/5 RED RETROSPOT LID GLASS BOWLS,8,2011-03-29 13:48:00,2.95,14680.0,United Kingdom
548169,21154,RED RETROSPOT OVEN GLOVE ,7,2011-03-29 13:48:00,1.25,14680.0,United Kingdom
548169,21213,PACK OF 72 SKULL CAKE CASES,72,2011-03-29 13:48:00,0.55,14680.0,United Kingdom
548169,21212,PACK OF 72 RETROSPOT CAKE CASES,72,2011-03-29 13:48:00,0.55,14680.0,United Kingdom
548169,84991,60 TEATIME FAIRY CAKE CASES,72,2011-03-29 13:48:00,0.55,14680.0,United Kingdom
548169,84992,72 SWEETHEART FAIRY CAKE CASES,72,2011-03-29 13:48:00,0.55,14680.0,United Kingdom
548169,22386,JUMBO BAG PINK POLKADOT,100,2011-03-29 13:48:00,1.65,14680.0,United Kingdom
548169,22667,RECIPE BOX RETROSPOT ,36,2011-03-29 13:48:00,2.55,14680.0,United Kingdom
548169,21430,SET/3 RED GINGHAM ROSE STORAGE BOX,24,2011-03-29 13:48:00,3.39,14680.0,United Kingdom
548169,20725,LUNCH BAG RED RETROSPOT,100,2011-03-29 13:48:00,1.45,14680.0,United Kingdom
548169,22383,LUNCH BAG SUKI DESIGN ,100,2011-03-29 13:48:00,1.45,14680.0,United Kingdom
548169,20726,LUNCH BAG WOODLAND,100,2011-03-29 13:48:00,1.45,14680.0,United Kingdom
548169,20712,JUMBO BAG WOODLAND ANIMALS,100,2011-03-29 13:48:00,1.65,14680.0,United Kingdom
548169,21930,JUMBO STORAGE BAG SKULLS,100,2011-03-29 13:48:00,1.65,14680.0,United Kingdom
C548193,22383,LUNCH BAG SUKI DESIGN ,-1,2011-03-29 15:27:00,1.65,14680.0,United Kingdom
C548193,20728,LUNCH BAG CARS BLUE,-1,2011-03-29 15:27:00,1.65,14680.0,United Kingdom
C548193,20726,LUNCH BAG WOODLAND,-2,2011-03-29 15:27:00,1.65,14680.0,United Kingdom
C548193,20725,LUNCH BAG RED RETROSPOT,-3,2011-03-29 15:27:00,1.45,14680.0,United Kingdom
C548193,84997A,CHILDRENS CUTLERY POLKADOT GREEN ,-1,2011-03-29 15:27:00,3.75,14680.0,United Kingdom
C548193,21731,RED TOADSTOOL LED NIGHT LIGHT,-2,2011-03-29 15:27:00,1.65,14680.0,United Kingdom
C548193,22628,PICNIC BOXES SET OF 3 RETROSPOT ,-1,2011-03-29 15:27:00,4.95,14680.0,United Kingdom
548643,22355,CHARLOTTE BAG SUKI DESIGN,100,2011-04-01 13:01:00,0.72,14680.0,United Kingdom
548716,84580,MOUSE TOY WITH PINK T-SHIRT,4,2011-04-03 15:50:00,3.75,14023.0,United Kingdom
548716,22483,RED GINGHAM TEDDY BEAR ,6,2011-04-03 15:50:00,2.95,14023.0,United Kingdom
548716,21890,S/6 WOODEN SKITTLES IN COTTON BAG,6,2011-04-03 15:50:00,3.25,14023.0,United Kingdom
548716,22583,PACK OF 6 HANDBAG GIFT BOXES,6,2011-04-03 15:50:00,2.55,14023.0,United Kingdom
548716,22602,RETROSPOT WOODEN HEART DECORATION,12,2011-04-03 15:50:00,0.85,14023.0,United Kingdom
548716,21284,RETROSPOT CANDLE  SMALL,12,2011-04-03 15:50:00,1.69,14023.0,United Kingdom
548716,22139,RETROSPOT TEA SET CERAMIC 11 PC ,3,2011-04-03 15:50:00,4.95,14023.0,United Kingdom
548716,84581,DOG TOY WITH PINK CROCHET SKIRT,4,2011-04-03 15:50:00,3.75,14023.0,United Kingdom
548716,23077,DOUGHNUT LIP GLOSS ,20,2011-04-03 15:50:00,1.25,14023.0,United Kingdom
548716,22138,BAKING SET 9 PIECE RETROSPOT ,3,2011-04-03 15:50:00,4.95,14023.0,United Kingdom
548716,22560,TRADITIONAL MODELLING CLAY,24,2011-04-03 15:50:00,1.25,14023.0,United Kingdom
548716,22457,NATURAL SLATE HEART CHALKBOARD ,6,2011-04-03 15:50:00,2.95,14023.0,United Kingdom
548716,22530,MAGIC DRAWING SLATE DOLLY GIRL ,24,2011-04-03 15:50:00,0.42,14023.0,United Kingdom
548716,22534,MAGIC DRAWING SLATE SPACEBOY ,24,2011-04-03 15:50:00,0.42,14023.0,United Kingdom
548716,22273,FELTCRAFT DOLL MOLLY,6,2011-04-03 15:50:00,2.95,14023.0,United Kingdom
548716,22607,WOODEN ROUNDERS GARDEN SET ,2,2011-04-03 15:50:00,9.95,14023.0,United Kingdom
549007,21232,STRAWBERRY CERAMIC TRINKET BOX,12,2011-04-05 14:38:00,1.25,17470.0,United Kingdom
549007,21231,SWEETHEART CERAMIC TRINKET BOX,12,2011-04-05 14:38:00,1.25,17470.0,United Kingdom
549007,20803,SMALL PINK GLASS SUNDAE DISH,36,2011-04-05 14:38:00,0.39,17470.0,United Kingdom
549007,21318,GLASS CHALICE BLUE SMALL ,36,2011-04-05 14:38:00,0.39,17470.0,United Kingdom
549007,21530,DAIRY MAID TOASTRACK,18,2011-04-05 14:38:00,0.79,17470.0,United Kingdom
549007,22060,LARGE CAKE STAND HANGING HEARTS,8,2011-04-05 14:38:00,3.95,17470.0,United Kingdom
549007,21395,BLUE POLKADOT BEAKER ,48,2011-04-05 14:38:00,0.39,17470.0,United Kingdom
549007,21397,BLUE POLKADOT EGG CUP ,48,2011-04-05 14:38:00,0.39,17470.0,United Kingdom
549007,35809A,ENAMEL PINK TEA CONTAINER,12,2011-04-05 14:38:00,0.83,17470.0,United Kingdom
549007,35810A,ENAMEL PINK COFFEE CONTAINER,12,2011-04-05 14:38:00,0.83,17470.0,United Kingdom
549007,35241,ENAMEL BLUE RIM BISCUIT BIN,3,2011-04-05 14:38:00,4.25,17470.0,United Kingdom
549007,84596B,SMALL DOLLY MIX DESIGN ORANGE BOWL,24,2011-04-05 14:38:00,0.42,17470.0,United Kingdom
549007,84596G,SMALL CHOCOLATES PINK BOWL,24,2011-04-05 14:38:00,0.42,17470.0,United Kingdom
549007,84596L,BISCUITS SMALL BOWL LIGHT BLUE,24,2011-04-05 14:38:00,0.42,17470.0,United Kingdom
549007,85132A,CHARLIE + LOLA BISCUITS TINS,12,2011-04-05 14:38:00,1.95,17470.0,United Kingdom
549007,21394,RED POLKADOT BEAKER ,48,2011-04-05 14:38:00,0.39,17470.0,United Kingdom
549007,21398,RED POLKADOT COFFEE  MUG,48,2011-04-05 14:38:00,0.39,17470.0,United Kingdom
549007,20801,LARGE PINK GLASS SUNDAE DISH,16,2011-04-05 14:38:00,0.79,17470.0,United Kingdom
549007,21213,PACK OF 72 SKULL CAKE CASES,24,2011-04-05 14:38:00,0.55,17470.0,United Kingdom
549007,21212,PACK OF 72 RETROSPOT CAKE CASES,24,2011-04-05 14:38:00,0.55,17470.0,United Kingdom
550136,22432,WATERING CAN PINK BUNNY,12,2011-04-14 13:56:00,1.95,16957.0,United Kingdom
550136,22433,WATERING CAN GREEN DINOSAUR,12,2011-04-14 13:56:00,1.95,16957.0,United Kingdom
550136,22514,CHILDS GARDEN SPADE BLUE,12,2011-04-14 13:56:00,2.1,16957.0,United Kingdom
550136,22520,CHILDS GARDEN TROWEL BLUE ,12,2011-04-14 13:56:00,0.85,16957.0,United Kingdom
550136,22515,CHILDS GARDEN SPADE PINK,12,2011-04-14 13:56:00,2.1,16957.0,United Kingdom
550136,22521,CHILDS GARDEN TROWEL PINK,12,2011-04-14 13:56:00,0.85,16957.0,United Kingdom
550136,21128,GOLD FISHING GNOME,6,2011-04-14 13:56:00,6.95,16957.0,United Kingdom
550136,21129,SILVER FISHING GNOME ,6,2011-04-14 13:56:00,6.95,16957.0,United Kingdom
550136,22501,PICNIC BASKET WICKER LARGE,4,2011-04-14 13:56:00,9.95,16957.0,United Kingdom
550136,22502,PICNIC BASKET WICKER SMALL,4,2011-04-14 13:56:00,5.95,16957.0,United Kingdom
550136,21172,PARTY METAL SIGN ,12,2011-04-14 13:56:00,1.45,16957.0,United Kingdom
550136,47566,PARTY BUNTING,4,2011-04-14 13:56:00,4.95,16957.0,United Kingdom
C550306,22846,BREAD BIN DINER STYLE RED ,-1,2011-04-17 10:38:00,16.95,16905.0,United Kingdom
550314,82486,WOOD S/3 CABINET ANT WHITE FINISH,1,2011-04-17 11:30:00,8.95,16905.0,United Kingdom
550314,22191,IVORY DINER WALL CLOCK,1,2011-04-17 11:30:00,8.5,16905.0,United Kingdom
550314,22625,RED KITCHEN SCALES,1,2011-04-17 11:30:00,8.5,16905.0,United Kingdom
550314,22666,RECIPE BOX PANTRY YELLOW DESIGN,2,2011-04-17 11:30:00,2.95,16905.0,United Kingdom
550314,22427,ENAMEL FLOWER JUG CREAM,3,2011-04-17 11:30:00,5.95,16905.0,United Kingdom
550314,84879,ASSORTED COLOUR BIRD ORNAMENT,16,2011-04-17 11:30:00,1.69,16905.0,United Kingdom
550314,22228,BUNNY WOODEN PAINTED WITH BIRD ,2,2011-04-17 11:30:00,0.85,16905.0,United Kingdom
550314,22229,BUNNY WOODEN PAINTED WITH FLOWER ,2,2011-04-17 11:30:00,0.85,16905.0,United Kingdom
550314,22297,HEART IVORY TRELLIS SMALL,14,2011-04-17 11:30:00,1.25,16905.0,United Kingdom
550314,22296,HEART IVORY TRELLIS LARGE,15,2011-04-17 11:30:00,1.65,16905.0,United Kingdom
550314,35471D,SET OF 3 BIRD LIGHT PINK FEATHER ,4,2011-04-17 11:30:00,1.25,16905.0,United Kingdom
550314,22698,PINK REGENCY TEACUP AND SAUCER,1,2011-04-17 11:30:00,2.95,16905.0,United Kingdom
550314,22699,ROSES REGENCY TEACUP AND SAUCER ,4,2011-04-17 11:30:00,2.95,16905.0,United Kingdom
550314,22499,WOODEN UNION JACK BUNTING,2,2011-04-17 11:30:00,5.95,16905.0,United Kingdom
550314,21878,PACK OF 6 SANDCASTLE FLAGS ASSORTED,1,2011-04-17 11:30:00,0.85,16905.0,United Kingdom
550314,15056N,EDWARDIAN PARASOL NATURAL,4,2011-04-17 11:30:00,5.95,16905.0,United Kingdom
550314,82616B,FRAPPUCINO SCARF KNITTING KIT,2,2011-04-17 11:30:00,2.95,16905.0,United Kingdom
550314,84358,FLOOR LAMP SHADE WOOD BASE,4,2011-04-17 11:30:00,8.49,16905.0,United Kingdom
550988,23205,CHARLOTTE BAG VINTAGE ALPHABET ,10,2011-04-21 18:10:00,0.85,14231.0,United Kingdom
550988,23204,CHARLOTTE BAG APPLES DESIGN,10,2011-04-21 18:10:00,0.85,14231.0,United Kingdom
550988,23201,JUMBO BAG ALPHABET,10,2011-04-21 18:10:00,2.08,14231.0,United Kingdom
550988,23208,LUNCH BAG VINTAGE LEAF DESIGN,10,2011-04-21 18:10:00,1.65,14231.0,United Kingdom
550988,23206,LUNCH BAG APPLE DESIGN,10,2011-04-21 18:10:00,1.65,14231.0,United Kingdom
550988,23207,LUNCH BAG ALPHABET DESIGN,10,2011-04-21 18:10:00,1.65,14231.0,United Kingdom
550988,22905,CALENDAR IN SEASON DESIGN,6,2011-04-21 18:10:00,2.95,14231.0,United Kingdom
550988,85099B,JUMBO BAG RED RETROSPOT,10,2011-04-21 18:10:00,2.08,14231.0,United Kingdom
550988,20712,JUMBO BAG WOODLAND ANIMALS,10,2011-04-21 18:10:00,2.08,14231.0,United Kingdom
550988,22386,JUMBO BAG PINK POLKADOT,10,2011-04-21 18:10:00,2.08,14231.0,United Kingdom
550988,21714,CITRONELLA CANDLE GARDEN POT,12,2011-04-21 18:10:00,1.25,14231.0,United Kingdom
550988,21314,SMALL GLASS HEART TRINKET POT,8,2011-04-21 18:10:00,2.1,14231.0,United Kingdom
550988,21868,POTTING SHED TEA MUG,12,2011-04-21 18:10:00,1.25,14231.0,United Kingdom
550988,22855,FINE WICKER HEART ,12,2011-04-21 18:10:00,1.25,14231.0,United Kingdom
550988,21770,OPEN CLOSED METAL SIGN,2,2011-04-21 18:10:00,4.95,14231.0,United Kingdom
550988,22413,METAL SIGN TAKE IT OR LEAVE IT ,6,2011-04-21 18:10:00,2.95,14231.0,United Kingdom
550988,23061,VINTAGE EMBOSSED HEART,12,2011-04-21 18:10:00,1.25,14231.0,United Kingdom
550988,47566,PARTY BUNTING,4,2011-04-21 18:10:00,4.95,14231.0,United Kingdom
550988,22969,HOMEMADE JAM SCENTED CANDLES,12,2011-04-21 18:10:00,1.45,14231.0,United Kingdom
551736,37370,RETRO COFFEE MUGS ASSORTED,504,2011-05-04 10:47:00,1.06,17443.0,Canada
551819,23283,DOORMAT VINTAGE LEAVES DESIGN ,10,2011-05-04 11:58:00,6.75,14739.0,United Kingdom
551819,84077,WORLD WAR 2 GLIDERS ASSTD DESIGNS,288,2011-05-04 11:58:00,0.21,14739.0,United Kingdom
551819,48138,DOORMAT UNION FLAG,10,2011-05-04 11:58:00,6.75,14739.0,United Kingdom
551819,48116,DOORMAT MULTICOLOUR STRIPE,10,2011-05-04 11:58:00,6.75,14739.0,United Kingdom
551819,21206,STRAWBERRY HONEYCOMB  GARLAND ,48,2011-05-04 11:58:00,1.45,14739.0,United Kingdom
551819,21793,CLASSIC FRENCH STYLE BASKET BROWN,8,2011-05-04 11:58:00,3.95,14739.0,United Kingdom
551896,22822,CREAM WALL PLANTER HEART SHAPED,4,2011-05-05 10:29:00,5.95,13711.0,United Kingdom
551896,21755,LOVE BUILDING BLOCK WORD,3,2011-05-05 10:29:00,5.95,13711.0,United Kingdom
551896,21756,BATH BUILDING BLOCK WORD,3,2011-05-05 10:29:00,5.95,13711.0,United Kingdom
551896,21500,PINK POLKADOT WRAP ,25,2011-05-05 10:29:00,0.42,13711.0,United Kingdom
551896,21499,BLUE POLKADOT WRAP,25,2011-05-05 10:29:00,0.42,13711.0,United Kingdom
551896,23154,SET OF 4 JAM JAR MAGNETS,12,2011-05-05 10:29:00,2.08,13711.0,United Kingdom
551896,22060,LARGE CAKE STAND HANGING HEARTS,8,2011-05-05 10:29:00,3.95,13711.0,United Kingdom
551896,22062,CERAMIC BOWL WITH LOVE HEART DESIGN,18,2011-05-05 10:29:00,0.83,13711.0,United Kingdom
551896,37342,POLKADOT COFFEE CUP & SAUCER PINK,24,2011-05-05 10:29:00,0.79,13711.0,United Kingdom
551897,22060,LARGE CAKE STAND HANGING HEARTS,8,2011-05-05 10:31:00,3.95,13711.0,United Kingdom
551897,37449,CERAMIC CAKE STAND + HANGING CAKES,2,2011-05-05 10:31:00,9.95,13711.0,United Kingdom
551897,85123A,WHITE HANGING HEART T-LIGHT HOLDER,6,2011-05-05 10:31:00,2.95,13711.0,United Kingdom
551897,22822,CREAM WALL PLANTER HEART SHAPED,2,2011-05-05 10:31:00,5.95,13711.0,United Kingdom
551991,90175C,BLUE GLASS CHUNKY CHARM BRACELET,1,2011-05-05 15:29:00,8.95,14697.0,United Kingdom
551991,75049L,LARGE CIRCULAR MIRROR MOBILE,6,2011-05-05 15:29:00,1.25,14697.0,United Kingdom
551991,47566,PARTY BUNTING,1,2011-05-05 15:29:00,4.95,14697.0,United Kingdom
551991,23132,SMALL IVORY HEART WALL ORGANISER,1,2011-05-05 15:29:00,5.75,14697.0,United Kingdom
551991,82600,NO SINGING METAL SIGN,1,2011-05-05 15:29:00,2.1,14697.0,United Kingdom
551991,15036,ASSORTED COLOURS SILK FAN,48,2011-05-05 15:29:00,0.83,14697.0,United Kingdom
551991,15058B,PINK POLKADOT GARDEN PARASOL,1,2011-05-05 15:29:00,7.95,14697.0,United Kingdom
551991,44235,ASS COL CIRCLE MOBILE ,7,2011-05-05 15:29:00,0.42,14697.0,United Kingdom
551991,44234,ASSORTED CIRCULAR MOBILE,7,2011-05-05 15:29:00,0.21,14697.0,United Kingdom
551991,15058A,BLUE POLKADOT GARDEN PARASOL,1,2011-05-05 15:29:00,7.95,14697.0,United Kingdom
551993,90058A,CRYSTAL STUD EARRINGS CLEAR DISPLAY,36,2011-05-05 15:39:00,0.38,14697.0,United Kingdom
551993,90058B,CRYSTAL STUD EARRINGS ASSORTED COL ,36,2011-05-05 15:39:00,0.38,14697.0,United Kingdom
551993,85132C,CHARLIE AND LOLA FIGURES TINS,4,2011-05-05 15:39:00,1.95,14697.0,United Kingdom
551993,85132A,CHARLIE + LOLA BISCUITS TINS,8,2011-05-05 15:39:00,1.95,14697.0,United Kingdom
551993,85132B,CHARLIE AND LOLA TABLE TINS,6,2011-05-05 15:39:00,1.95,14697.0,United Kingdom
551993,84519A,TOMATO CHARLIE+LOLA COASTER SET,6,2011-05-05 15:39:00,1.25,14697.0,United Kingdom
551993,84519B,CARROT CHARLIE+LOLA COASTER SET,6,2011-05-05 15:39:00,1.25,14697.0,United Kingdom
551993,22628,PICNIC BOXES SET OF 3 RETROSPOT ,1,2011-05-05 15:39:00,4.95,14697.0,United Kingdom
551993,22138,BAKING SET 9 PIECE RETROSPOT ,1,2011-05-05 15:39:00,4.95,14697.0,United Kingdom
551993,21034,REX CASH+CARRY JUMBO SHOPPER,1,2011-05-05 15:39:00,0.95,14697.0,United Kingdom
551993,22502,PICNIC BASKET WICKER SMALL,1,2011-05-05 15:39:00,5.95,14697.0,United Kingdom
551993,22139,RETROSPOT TEA SET CERAMIC 11 PC ,1,2011-05-05 15:39:00,4.95,14697.0,United Kingdom
552059,21399,BLUE POLKADOT COFFEE MUG,96,2011-05-06 10:37:00,0.39,17470.0,United Kingdom
552059,21654,RIDGED GLASS FINGER BOWL,36,2011-05-06 10:37:00,0.39,17470.0,United Kingdom
552059,85132C,CHARLIE AND LOLA FIGURES TINS,12,2011-05-06 10:37:00,1.95,17470.0,United Kingdom
552059,37467,PIG MUG IN TWO COLOUR DESIGNS,12,2011-05-06 10:37:00,0.39,17470.0,United Kingdom
552059,20725,LUNCH BAG RED RETROSPOT,10,2011-05-06 10:37:00,1.65,17470.0,United Kingdom
552059,20727,LUNCH BAG  BLACK SKULL.,10,2011-05-06 10:37:00,1.65,17470.0,United Kingdom
552059,22383,LUNCH BAG SUKI DESIGN ,10,2011-05-06 10:37:00,1.65,17470.0,United Kingdom
552059,21401,BLUE PUDDING SPOON,24,2011-05-06 10:37:00,0.12,17470.0,United Kingdom
552059,21403,BLUE EGG  SPOON,24,2011-05-06 10:37:00,0.12,17470.0,United Kingdom
552059,21402,RED  EGG  SPOON,24,2011-05-06 10:37:00,0.12,17470.0,United Kingdom
552059,21400,RED PUDDING SPOON,24,2011-05-06 10:37:00,0.12,17470.0,United Kingdom
552572,23199,JUMBO BAG APPLES,100,2011-05-10 12:11:00,1.79,14680.0,United Kingdom
552572,23209,LUNCH BAG DOILEY PATTERN ,100,2011-05-10 12:11:00,1.45,14680.0,United Kingdom
552572,23208,LUNCH BAG VINTAGE LEAF DESIGN,100,2011-05-10 12:11:00,1.45,14680.0,United Kingdom
552572,23207,LUNCH BAG ALPHABET DESIGN,100,2011-05-10 12:11:00,1.45,14680.0,United Kingdom
552572,23206,LUNCH BAG APPLE DESIGN,100,2011-05-10 12:11:00,1.45,14680.0,United Kingdom
552572,23205,CHARLOTTE BAG VINTAGE ALPHABET ,100,2011-05-10 12:11:00,0.72,14680.0,United Kingdom
552572,23204,CHARLOTTE BAG APPLES DESIGN,100,2011-05-10 12:11:00,0.72,14680.0,United Kingdom
552572,47566,PARTY BUNTING,150,2011-05-10 12:11:00,4.15,14680.0,United Kingdom
552572,79321,CHILLI LIGHTS,24,2011-05-10 12:11:00,4.95,14680.0,United Kingdom
552572,22355,CHARLOTTE BAG SUKI DESIGN,100,2011-05-10 12:11:00,0.72,14680.0,United Kingdom
552572,20711,JUMBO BAG TOYS ,100,2011-05-10 12:11:00,1.79,14680.0,United Kingdom
552572,85099B,JUMBO BAG RED RETROSPOT,200,2011-05-10 12:11:00,1.79,14680.0,United Kingdom
552572,21937,STRAWBERRY   PICNIC BAG,50,2011-05-10 12:11:00,2.55,14680.0,United Kingdom
552572,23201,JUMBO BAG ALPHABET,100,2011-05-10 12:11:00,1.79,14680.0,United Kingdom
552572,20727,LUNCH BAG  BLACK SKULL.,20,2011-05-10 12:11:00,1.65,14680.0,United Kingdom
552572,22384,LUNCH BAG PINK POLKADOT,20,2011-05-10 12:11:00,1.65,14680.0,United Kingdom
552572,21731,RED TOADSTOOL LED NIGHT LIGHT,24,2011-05-10 12:11:00,1.65,14680.0,United Kingdom
552572,84997A,CHILDRENS CUTLERY POLKADOT GREEN ,24,2011-05-10 12:11:00,4.15,14680.0,United Kingdom
552572,84997B,CHILDRENS CUTLERY RETROSPOT RED ,24,2011-05-10 12:11:00,4.15,14680.0,United Kingdom
552572,22352,LUNCH BOX WITH CUTLERY RETROSPOT ,12,2011-05-10 12:11:00,2.55,14680.0,United Kingdom
552572,22628,PICNIC BOXES SET OF 3 RETROSPOT ,10,2011-05-10 12:11:00,4.95,14680.0,United Kingdom
553491,21756,BATH BUILDING BLOCK WORD,3,2011-05-17 12:44:00,5.95,15624.0,United Kingdom
553491,22673,FRENCH GARDEN SIGN BLUE METAL,12,2011-05-17 12:44:00,1.25,15624.0,United Kingdom
553491,21754,HOME BUILDING BLOCK WORD,3,2011-05-17 12:44:00,5.95,15624.0,United Kingdom
553491,82580,BATHROOM METAL SIGN,12,2011-05-17 12:44:00,0.55,15624.0,United Kingdom
553491,22855,FINE WICKER HEART ,12,2011-05-17 12:44:00,1.25,15624.0,United Kingdom
553491,85123A,WHITE HANGING HEART T-LIGHT HOLDER,6,2011-05-17 12:44:00,2.95,15624.0,United Kingdom
553491,22469,HEART OF WICKER SMALL,12,2011-05-17 12:44:00,1.65,15624.0,United Kingdom
553491,22470,HEART OF WICKER LARGE,6,2011-05-17 12:44:00,2.95,15624.0,United Kingdom
554640,21936,RED RETROSPOT PICNIC BAG,20,2011-05-25 12:06:00,2.95,14680.0,United Kingdom
554640,22384,LUNCH BAG PINK POLKADOT,20,2011-05-25 12:06:00,1.65,14680.0,United Kingdom
554640,21731,RED TOADSTOOL LED NIGHT LIGHT,72,2011-05-25 12:06:00,1.65,14680.0,United Kingdom
554640,79321,CHILLI LIGHTS,24,2011-05-25 12:06:00,4.95,14680.0,United Kingdom
554640,20914,SET/5 RED RETROSPOT LID GLASS BOWLS,5,2011-05-25 12:06:00,2.95,14680.0,United Kingdom
554640,22328,ROUND SNACK BOXES SET OF 4 FRUITS ,5,2011-05-25 12:06:00,2.95,14680.0,United Kingdom
554640,47566,PARTY BUNTING,150,2011-05-25 12:06:00,4.15,14680.0,United Kingdom
554640,20725,LUNCH BAG RED RETROSPOT,100,2011-05-25 12:06:00,1.45,14680.0,United Kingdom
554868,22197,SMALL POPCORN HOLDER,4300,2011-05-27 10:52:00,0.72,13135.0,United Kingdom
555001,15056N,EDWARDIAN PARASOL NATURAL,12,2011-05-31 08:32:00,5.95,16566.0,United Kingdom
555001,84946,ANTIQUE SILVER T-LIGHT GLASS,72,2011-05-31 08:32:00,1.06,16566.0,United Kingdom
555001,84949,SILVER HANGING T-LIGHT HOLDER,18,2011-05-31 08:32:00,1.65,16566.0,United Kingdom
555001,21326,AGED GLASS SILVER T-LIGHT HOLDER,12,2011-05-31 08:32:00,0.65,16566.0,United Kingdom
555076,21136,PAINTED METAL PEARS ASSORTED,8,2011-05-31 12:11:00,1.69,13900.0,United Kingdom
555076,84879,ASSORTED COLOUR BIRD ORNAMENT,8,2011-05-31 12:11:00,1.69,13900.0,United Kingdom
555076,21755,LOVE BUILDING BLOCK WORD,3,2011-05-31 12:11:00,5.95,13900.0,United Kingdom
555076,21746,SMALL RED RETROSPOT WINDMILL,12,2011-05-31 12:11:00,1.25,13900.0,United Kingdom
555076,23209,LUNCH BAG DOILEY PATTERN ,10,2011-05-31 12:11:00,1.65,13900.0,United Kingdom
555076,21231,SWEETHEART CERAMIC TRINKET BOX,12,2011-05-31 12:11:00,1.25,13900.0,United Kingdom
555076,22637,PIGGY BANK RETROSPOT ,6,2011-05-31 12:11:00,2.55,13900.0,United Kingdom
555076,23298,SPOTTY BUNTING,3,2011-05-31 12:11:00,4.95,13900.0,United Kingdom
555076,22839,3 TIER CAKE TIN GREEN AND CREAM,1,2011-05-31 12:11:00,14.95,13900.0,United Kingdom
555076,22924,FRIDGE MAGNETS LA VIE EN ROSE,12,2011-05-31 12:11:00,0.85,13900.0,United Kingdom
555076,22915,ASSORTED BOTTLE TOP  MAGNETS ,12,2011-05-31 12:11:00,0.42,13900.0,United Kingdom
555076,22923,FRIDGE MAGNETS LES ENFANTS ASSORTED,12,2011-05-31 12:11:00,0.85,13900.0,United Kingdom
555076,84755,COLOUR GLASS T-LIGHT HOLDER HANGING,16,2011-05-31 12:11:00,0.65,13900.0,United Kingdom
555076,23284,DOORMAT KEEP CALM AND COME IN,2,2011-05-31 12:11:00,7.95,13900.0,United Kingdom
555076,22917,HERB MARKER ROSEMARY,12,2011-05-31 12:11:00,0.65,13900.0,United Kingdom
555076,22916,HERB MARKER THYME,12,2011-05-31 12:11:00,0.65,13900.0,United Kingdom
555076,22921,HERB MARKER CHIVES ,12,2011-05-31 12:11:00,0.65,13900.0,United Kingdom
555076,22920,HERB MARKER BASIL,12,2011-05-31 12:11:00,0.65,13900.0,United Kingdom
555076,22919,HERB MARKER MINT,12,2011-05-31 12:11:00,0.65,13900.0,United Kingdom
555076,22918,HERB MARKER PARSLEY,12,2011-05-31 12:11:00,0.65,13900.0,United Kingdom
555076,22297,HEART IVORY TRELLIS SMALL,24,2011-05-31 12:11:00,1.25,13900.0,United Kingdom
555076,23226,FILIGREE HEART DAISY WHITE,24,2011-05-31 12:11:00,1.25,13900.0,United Kingdom
555076,22627,MINT KITCHEN SCALES,2,2011-05-31 12:11:00,8.5,13900.0,United Kingdom
555076,23182,TOILET SIGN OCCUPIED OR VACANT,24,2011-05-31 12:11:00,0.83,13900.0,United Kingdom
555076,23107,WHITE HEARTS WIRE PLANT POT HOLDER,8,2011-05-31 12:11:00,2.89,13900.0,United Kingdom
555076,22854,CREAM SWEETHEART EGG HOLDER,4,2011-05-31 12:11:00,4.95,13900.0,United Kingdom
C555354,21326,AGED GLASS SILVER T-LIGHT HOLDER,-1,2011-06-02 13:26:00,0.65,16566.0,United Kingdom
555516,48184,DOORMAT ENGLISH ROSE ,1,2011-06-05 10:50:00,7.95,17706.0,United Kingdom
555516,48185,DOORMAT FAIRY CAKE,1,2011-06-05 10:50:00,7.95,17706.0,United Kingdom
555516,48187,DOORMAT NEW ENGLAND,1,2011-06-05 10:50:00,7.95,17706.0,United Kingdom
555516,22411,JUMBO SHOPPER VINTAGE RED PAISLEY,10,2011-06-05 10:50:00,2.08,17706.0,United Kingdom
555516,22173,METAL 4 HOOK HANGER FRENCH CHATEAU,4,2011-06-05 10:50:00,2.95,17706.0,United Kingdom
555516,23207,LUNCH BAG ALPHABET DESIGN,4,2011-06-05 10:50:00,1.65,17706.0,United Kingdom
555516,22652,TRAVEL SEWING KIT,6,2011-06-05 10:50:00,1.65,17706.0,United Kingdom
555516,85123A,WHITE HANGING HEART T-LIGHT HOLDER,4,2011-06-05 10:50:00,2.95,17706.0,United Kingdom
555516,23209,LUNCH BAG DOILEY PATTERN ,4,2011-06-05 10:50:00,1.65,17706.0,United Kingdom
555516,23208,LUNCH BAG VINTAGE LEAF DESIGN,4,2011-06-05 10:50:00,1.65,17706.0,United Kingdom
555516,23203,JUMBO BAG DOILEY PATTERNS,10,2011-06-05 10:50:00,2.08,17706.0,United Kingdom
555516,23075,PARLOUR CERAMIC WALL HOOK,4,2011-06-05 10:50:00,4.15,17706.0,United Kingdom
555516,22558,CLOTHES PEGS RETROSPOT PACK 24 ,4,2011-06-05 10:50:00,1.65,17706.0,United Kingdom
555516,82486,WOOD S/3 CABINET ANT WHITE FINISH,2,2011-06-05 10:50:00,8.95,17706.0,United Kingdom
555516,22649,STRAWBERRY FAIRY CAKE TEAPOT,1,2011-06-05 10:50:00,4.95,17706.0,United Kingdom
555516,21755,LOVE BUILDING BLOCK WORD,6,2011-06-05 10:50:00,5.95,17706.0,United Kingdom
555516,23301,GARDENERS KNEELING PAD KEEP CALM ,3,2011-06-05 10:50:00,1.65,17706.0,United Kingdom
555516,23300,GARDENERS KNEELING PAD CUP OF TEA ,3,2011-06-05 10:50:00,1.65,17706.0,United Kingdom
555516,23202,JUMBO BAG VINTAGE LEAF,10,2011-06-05 10:50:00,2.08,17706.0,United Kingdom
555516,21399,BLUE POLKADOT COFFEE MUG,8,2011-06-05 10:50:00,0.39,17706.0,United Kingdom
555516,47566,PARTY BUNTING,2,2011-06-05 10:50:00,4.95,17706.0,United Kingdom
555516,23108,SET OF 10 LED DOLLY LIGHTS,2,2011-06-05 10:50:00,6.25,17706.0,United Kingdom
555516,23079,TOADSTOOL BEDSIDE LIGHT ,3,2011-06-05 10:50:00,8.95,17706.0,United Kingdom
555516,21034,REX CASH+CARRY JUMBO SHOPPER,2,2011-06-05 10:50:00,0.95,17706.0,United Kingdom
555516,23007, SPACEBOY BABY GIFT SET,1,2011-06-05 10:50:00,16.95,17706.0,United Kingdom
556139,84078A,SET/4 WHITE RETRO STORAGE CUBES ,2,2011-06-09 11:05:00,39.95,14231.0,United Kingdom
556139,21174,POTTERING IN THE SHED METAL SIGN,12,2011-06-09 11:05:00,2.08,14231.0,United Kingdom
556139,21903,MAN FLU METAL SIGN,12,2011-06-09 11:05:00,2.1,14231.0,United Kingdom
556139,82600,NO SINGING METAL SIGN,12,2011-06-09 11:05:00,2.1,14231.0,United Kingdom
556139,22413,METAL SIGN TAKE IT OR LEAVE IT ,6,2011-06-09 11:05:00,2.95,14231.0,United Kingdom
556139,23109,LED TEA LIGHTS,12,2011-06-09 11:05:00,2.89,14231.0,United Kingdom
556139,23165,LARGE CERAMIC TOP STORAGE JAR,12,2011-06-09 11:05:00,1.65,14231.0,United Kingdom
556139,23166,MEDIUM CERAMIC TOP STORAGE JAR,12,2011-06-09 11:05:00,1.25,14231.0,United Kingdom
556139,23301,GARDENERS KNEELING PAD KEEP CALM ,12,2011-06-09 11:05:00,1.65,14231.0,United Kingdom
556139,84879,ASSORTED COLOUR BIRD ORNAMENT,8,2011-06-09 11:05:00,1.69,14231.0,United Kingdom
556139,22429,ENAMEL MEASURING JUG CREAM,4,2011-06-09 11:05:00,4.25,14231.0,United Kingdom
556139,21873,IF YOU CAN'T STAND THE HEAT MUG,12,2011-06-09 11:05:00,1.25,14231.0,United Kingdom
556266,22626,BLACK KITCHEN SCALES,1,2011-06-09 19:26:00,8.5,13900.0,United Kingdom
C556638,84078A,SET/4 WHITE RETRO STORAGE CUBES ,-2,2011-06-13 15:35:00,39.95,14231.0,United Kingdom
556714,85099B,JUMBO BAG RED RETROSPOT,200,2011-06-14 10:49:00,1.79,14680.0,United Kingdom
556714,20712,JUMBO BAG WOODLAND ANIMALS,100,2011-06-14 10:49:00,1.79,14680.0,United Kingdom
556714,47566,PARTY BUNTING,50,2011-06-14 10:49:00,4.15,14680.0,United Kingdom
556714,22355,CHARLOTTE BAG SUKI DESIGN,100,2011-06-14 10:49:00,0.72,14680.0,United Kingdom
556714,20914,SET/5 RED RETROSPOT LID GLASS BOWLS,5,2011-06-14 10:49:00,2.95,14680.0,United Kingdom
556714,22384,LUNCH BAG PINK POLKADOT,100,2011-06-14 10:49:00,1.45,14680.0,United Kingdom
557766,21012,ANTIQUE ALL GLASS CANDLESTICK,64,2011-06-22 14:24:00,1.69,16566.0,United Kingdom
557766,72598,SET/12 TAPER CANDLES,12,2011-06-22 14:24:00,0.85,16566.0,United Kingdom
557766,22427,ENAMEL FLOWER JUG CREAM,12,2011-06-22 14:24:00,5.45,16566.0,United Kingdom
558540,22485,SET OF 2 WOODEN MARKET CRATES,3,2011-06-30 12:15:00,12.75,17706.0,United Kingdom
558540,22189,CREAM HEART CARD HOLDER,6,2011-06-30 12:15:00,3.95,17706.0,United Kingdom
558540,23152,IVORY SWEETHEART WIRE LETTER RACK ,4,2011-06-30 12:15:00,3.75,17706.0,United Kingdom
558540,22776,SWEETHEART CAKESTAND 3 TIER,3,2011-06-30 12:15:00,9.95,17706.0,United Kingdom
558540,22831,WHITE BROCANTE SOAP DISH,6,2011-06-30 12:15:00,2.95,17706.0,United Kingdom
558540,22795,SWEETHEART RECIPE BOOK STAND,4,2011-06-30 12:15:00,6.75,17706.0,United Kingdom
558540,22854,CREAM SWEETHEART EGG HOLDER,4,2011-06-30 12:15:00,4.95,17706.0,United Kingdom
558540,22553,PLASTERS IN TIN SKULLS,12,2011-06-30 12:15:00,1.65,17706.0,United Kingdom
558540,22410,MONEY BOX HOUSEKEEPING DESIGN,12,2011-06-30 12:15:00,1.25,17706.0,United Kingdom
558540,22622,BOX OF VINTAGE ALPHABET BLOCKS,2,2011-06-30 12:15:00,11.95,17706.0,United Kingdom
558540,21636,MADRAS NOTEBOOK MEDIUM,12,2011-06-30 12:15:00,0.75,17706.0,United Kingdom
558540,22637,PIGGY BANK RETROSPOT ,6,2011-06-30 12:15:00,2.55,17706.0,United Kingdom
558540,21635,MADRAS NOTEBOOK LARGE ,12,2011-06-30 12:15:00,1.25,17706.0,United Kingdom
558540,22649,STRAWBERRY FAIRY CAKE TEAPOT,8,2011-06-30 12:15:00,4.95,17706.0,United Kingdom
558540,23172,REGENCY TEA PLATE PINK,12,2011-06-30 12:15:00,1.65,17706.0,United Kingdom
558540,23170,REGENCY TEA PLATE ROSES ,12,2011-06-30 12:15:00,1.65,17706.0,United Kingdom
558540,23175,REGENCY MILK JUG PINK ,6,2011-06-30 12:15:00,3.25,17706.0,United Kingdom
558540,23174,REGENCY SUGAR BOWL GREEN,6,2011-06-30 12:15:00,4.15,17706.0,United Kingdom
558540,23173,REGENCY TEAPOT ROSES ,6,2011-06-30 12:15:00,9.95,17706.0,United Kingdom
558540,21628,TRIANGULAR POUFFE VINTAGE ,2,2011-06-30 12:15:00,14.95,17706.0,United Kingdom
558540,21627,ELEPHANT CARNIVAL POUFFE,2,2011-06-30 12:15:00,14.95,17706.0,United Kingdom
558540,21644,ASSORTED TUTTI FRUTTI HEART BOX,12,2011-06-30 12:15:00,1.25,17706.0,United Kingdom
558540,21832,CHOCOLATE CALCULATOR,12,2011-06-30 12:15:00,1.65,17706.0,United Kingdom
558540,21878,PACK OF 6 SANDCASTLE FLAGS ASSORTED,24,2011-06-30 12:15:00,0.85,17706.0,United Kingdom
558540,21499,BLUE POLKADOT WRAP,25,2011-06-30 12:15:00,0.42,17706.0,United Kingdom
558540,21498,RED RETROSPOT WRAP ,25,2011-06-30 12:15:00,0.42,17706.0,United Kingdom
558540,21495,SKULLS AND CROSSBONES WRAP,25,2011-06-30 12:15:00,0.42,17706.0,United Kingdom
558540,21673,WHITE SPOT BLUE CERAMIC DRAWER KNOB,36,2011-06-30 12:15:00,1.25,17706.0,United Kingdom
558540,21669,BLUE STRIPE CERAMIC DRAWER KNOB,36,2011-06-30 12:15:00,1.25,17706.0,United Kingdom
558540,21670,BLUE SPOT CERAMIC DRAWER KNOB,36,2011-06-30 12:15:00,1.25,17706.0,United Kingdom
558540,21671,RED SPOT CERAMIC DRAWER KNOB,36,2011-06-30 12:15:00,1.25,17706.0,United Kingdom
558540,21672,WHITE SPOT RED CERAMIC DRAWER KNOB,36,2011-06-30 12:15:00,1.25,17706.0,United Kingdom
558540,22727,ALARM CLOCK BAKELIKE RED ,12,2011-06-30 12:15:00,3.75,17706.0,United Kingdom
558540,22726,ALARM CLOCK BAKELIKE GREEN,12,2011-06-30 12:15:00,3.75,17706.0,United Kingdom
558540,22725,ALARM CLOCK BAKELIKE CHOCOLATE,12,2011-06-30 12:15:00,3.75,17706.0,United Kingdom
558540,22424,ENAMEL BREAD BIN CREAM,3,2011-06-30 12:15:00,12.75,17706.0,United Kingdom
558540,22626,BLACK KITCHEN SCALES,2,2011-06-30 12:15:00,8.5,17706.0,United Kingdom
558540,22627,MINT KITCHEN SCALES,3,2011-06-30 12:15:00,8.5,17706.0,United Kingdom
558540,22625,RED KITCHEN SCALES,2,2011-06-30 12:15:00,8.5,17706.0,United Kingdom
558540,22624,IVORY KITCHEN SCALES,6,2011-06-30 12:15:00,8.5,17706.0,United Kingdom
558540,22423,REGENCY CAKESTAND 3 TIER,6,2011-06-30 12:15:00,12.75,17706.0,United Kingdom
558540,22309,TEA COSY RED  STRIPE,6,2011-06-30 12:15:00,2.55,17706.0,United Kingdom
558540,22308,TEA COSY BLUE STRIPE,6,2011-06-30 12:15:00,2.55,17706.0,United Kingdom
558540,22892,SET OF SALT AND PEPPER TOADSTOOLS,12,2011-06-30 12:15:00,1.25,17706.0,United Kingdom
558540,22699,ROSES REGENCY TEACUP AND SAUCER ,12,2011-06-30 12:15:00,2.95,17706.0,United Kingdom
558540,22429,ENAMEL MEASURING JUG CREAM,6,2011-06-30 12:15:00,4.25,17706.0,United Kingdom
558540,22495,SET OF 2 ROUND TINS CAMEMBERT ,6,2011-06-30 12:15:00,2.95,17706.0,United Kingdom
558540,21658,GLASS  BEURRE DISH,6,2011-06-30 12:15:00,3.95,17706.0,United Kingdom
558540,21922,UNION STRIPE WITH FRINGE  HAMMOCK,12,2011-06-30 12:15:00,7.95,17706.0,United Kingdom
558540,21479,WHITE SKULL HOT WATER BOTTLE ,6,2011-06-30 12:15:00,3.75,17706.0,United Kingdom
558540,22835,HOT WATER BOTTLE I AM SO POORLY,6,2011-06-30 12:15:00,4.65,17706.0,United Kingdom
558540,22112,CHOCOLATE HOT WATER BOTTLE,6,2011-06-30 12:15:00,4.95,17706.0,United Kingdom
558540,21682,LARGE MEDINA STAMPED METAL BOWL ,4,2011-06-30 12:15:00,4.95,17706.0,United Kingdom
558540,22173,METAL 4 HOOK HANGER FRENCH CHATEAU,8,2011-06-30 12:15:00,2.95,17706.0,United Kingdom
558540,22212,FOUR HOOK  WHITE LOVEBIRDS,6,2011-06-30 12:15:00,2.1,17706.0,United Kingdom
558540,22467,GUMBALL COAT RACK,12,2011-06-30 12:15:00,2.55,17706.0,United Kingdom
558540,21758,VINTAGE SHELLS PRINT,6,2011-06-30 12:15:00,6.45,17706.0,United Kingdom
558540,21534,DAIRY MAID LARGE MILK JUG,6,2011-06-30 12:15:00,4.95,17706.0,United Kingdom
558540,21528,DAIRY MAID TRADITIONAL TEAPOT ,6,2011-06-30 12:15:00,6.95,17706.0,United Kingdom
558540,21907,I'M ON HOLIDAY METAL SIGN,12,2011-06-30 12:15:00,2.1,17706.0,United Kingdom
558540,22115,METAL SIGN EMPIRE TEA,12,2011-06-30 12:15:00,2.95,17706.0,United Kingdom
558540,21905,MORE BUTTER METAL SIGN ,12,2011-06-30 12:15:00,2.1,17706.0,United Kingdom
558540,22072,RED RETROSPOT TEA CUP AND SAUCER ,12,2011-06-30 12:15:00,3.75,17706.0,United Kingdom
558540,22480,RED TEA TOWEL CLASSIC DESIGN,12,2011-06-30 12:15:00,1.25,17706.0,United Kingdom
558540,22139,RETROSPOT TEA SET CERAMIC 11 PC ,6,2011-06-30 12:15:00,4.95,17706.0,United Kingdom
558540,22348,TEA BAG PLATE RED RETROSPOT,12,2011-06-30 12:15:00,0.85,17706.0,United Kingdom
558540,21844,RED RETROSPOT MUG,36,2011-06-30 12:15:00,2.95,17706.0,United Kingdom
558540,21531,RED RETROSPOT SUGAR JAM BOWL,6,2011-06-30 12:15:00,2.55,17706.0,United Kingdom
558540,21535,RED RETROSPOT SMALL MILK JUG,6,2011-06-30 12:15:00,2.55,17706.0,United Kingdom
558540,21539,RED RETROSPOT BUTTER DISH,6,2011-06-30 12:15:00,4.95,17706.0,United Kingdom
558540,21533,RETROSPOT LARGE MILK JUG,6,2011-06-30 12:15:00,4.95,17706.0,United Kingdom
558540,22988,SOLDIERS EGG CUP ,24,2011-06-30 12:15:00,1.25,17706.0,United Kingdom
558540,21914,BLUE HARMONICA IN BOX ,12,2011-06-30 12:15:00,1.25,17706.0,United Kingdom
558540,21705,BAG 500g SWIRLY MARBLES,24,2011-06-30 12:15:00,1.65,17706.0,United Kingdom
558540,21716,BOYS VINTAGE TIN SEASIDE BUCKET,16,2011-06-30 12:15:00,2.55,17706.0,United Kingdom
558540,22437,SET OF 9 BLACK SKULL BALLOONS,20,2011-06-30 12:15:00,0.85,17706.0,United Kingdom
558540,22061,LARGE CAKE STAND  HANGING STRAWBERY,2,2011-06-30 12:15:00,9.95,17706.0,United Kingdom
558540,22891,TEA FOR ONE POLKADOT,6,2011-06-30 12:15:00,4.25,17706.0,United Kingdom
558540,22846,BREAD BIN DINER STYLE RED ,3,2011-06-30 12:15:00,16.95,17706.0,United Kingdom
558540,22425,ENAMEL COLANDER CREAM,3,2011-06-30 12:15:00,4.95,17706.0,United Kingdom
558540,22193,RED DINER WALL CLOCK,6,2011-06-30 12:15:00,8.5,17706.0,United Kingdom
558540,22191,IVORY DINER WALL CLOCK,6,2011-06-30 12:15:00,8.5,17706.0,United Kingdom
558540,23155,KNICKERBOCKERGLORY MAGNET ASSORTED ,24,2011-06-30 12:15:00,0.83,17706.0,United Kingdom
558540,22784,LANTERN CREAM GAZEBO ,6,2011-06-30 12:15:00,4.95,17706.0,United Kingdom
558540,22729,ALARM CLOCK BAKELIKE ORANGE,12,2011-06-30 12:15:00,3.75,17706.0,United Kingdom
558540,22728,ALARM CLOCK BAKELIKE PINK,12,2011-06-30 12:15:00,3.75,17706.0,United Kingdom
558540,22427,ENAMEL FLOWER JUG CREAM,6,2011-06-30 12:15:00,5.95,17706.0,United Kingdom
558540,22730,ALARM CLOCK BAKELIKE IVORY,12,2011-06-30 12:15:00,3.75,17706.0,United Kingdom
558685,23171,REGENCY TEA PLATE GREEN ,12,2011-07-01 11:32:00,1.65,17706.0,United Kingdom
558685,23170,REGENCY TEA PLATE ROSES ,12,2011-07-01 11:32:00,1.65,17706.0,United Kingdom
558685,23172,REGENCY TEA PLATE PINK,12,2011-07-01 11:32:00,1.65,17706.0,United Kingdom
558685,23245,SET OF 3 REGENCY CAKE TINS,4,2011-07-01 11:32:00,4.95,17706.0,United Kingdom
558685,23055,IVORY CHANDELIER T-LIGHT HOLDER,6,2011-07-01 11:32:00,6.25,17706.0,United Kingdom
558685,23057,GEMSTONE CHANDELIER T-LIGHT HOLDER,6,2011-07-01 11:32:00,4.95,17706.0,United Kingdom
558685,23068,ALUMINIUM HEART,6,2011-07-01 11:32:00,2.49,17706.0,United Kingdom
558685,23067,HANGING ENGRAVED METAL HEART,2,2011-07-01 11:32:00,4.15,17706.0,United Kingdom
558685,23103,BELL HEART DECORATION,12,2011-07-01 11:32:00,1.65,17706.0,United Kingdom
558685,22795,SWEETHEART RECIPE BOOK STAND,2,2011-07-01 11:32:00,6.75,17706.0,United Kingdom
558685,23207,LUNCH BAG ALPHABET DESIGN,10,2011-07-01 11:32:00,1.65,17706.0,United Kingdom
558685,23209,LUNCH BAG DOILEY PATTERN ,10,2011-07-01 11:32:00,1.65,17706.0,United Kingdom
558685,23284,DOORMAT KEEP CALM AND COME IN,2,2011-07-01 11:32:00,7.95,17706.0,United Kingdom
558685,23214,BELL HEART ANTIQUE GOLD,12,2011-07-01 11:32:00,2.08,17706.0,United Kingdom
558686,21498,RED RETROSPOT WRAP ,25,2011-07-01 11:33:00,0.42,17706.0,United Kingdom
558686,22771,CLEAR DRAWER KNOB ACRYLIC EDWARDIAN,24,2011-07-01 11:33:00,1.25,17706.0,United Kingdom
558686,21671,RED SPOT CERAMIC DRAWER KNOB,12,2011-07-01 11:33:00,1.25,17706.0,United Kingdom
558686,21672,WHITE SPOT RED CERAMIC DRAWER KNOB,12,2011-07-01 11:33:00,1.25,17706.0,United Kingdom
558686,21673,WHITE SPOT BLUE CERAMIC DRAWER KNOB,12,2011-07-01 11:33:00,1.25,17706.0,United Kingdom
558686,21670,BLUE SPOT CERAMIC DRAWER KNOB,12,2011-07-01 11:33:00,1.25,17706.0,United Kingdom
558686,21669,BLUE STRIPE CERAMIC DRAWER KNOB,12,2011-07-01 11:33:00,1.25,17706.0,United Kingdom
558686,21668,RED STRIPE CERAMIC DRAWER KNOB,12,2011-07-01 11:33:00,1.25,17706.0,United Kingdom
558686,84279P,CHERRY BLOSSOM  DECORATIVE FLASK,4,2011-07-01 11:33:00,3.75,17706.0,United Kingdom
558686,23079,TOADSTOOL BEDSIDE LIGHT ,2,2011-07-01 11:33:00,8.95,17706.0,United Kingdom
558686,85099B,JUMBO BAG RED RETROSPOT,10,2011-07-01 11:33:00,2.08,17706.0,United Kingdom
559091,22980,PANTRY SCRUBBING BRUSH,1,2011-07-06 10:47:00,1.65,17905.0,United Kingdom
559091,22979,PANTRY WASHING UP BRUSH,1,2011-07-06 10:47:00,1.45,17905.0,United Kingdom
559091,21931,JUMBO STORAGE BAG SUKI,18,2011-07-06 10:47:00,2.08,17905.0,United Kingdom
559091,15030,FAN BLACK FRAME ,20,2011-07-06 10:47:00,0.29,17905.0,United Kingdom
559091,15044D,RED PAPER PARASOL,70,2011-07-06 10:47:00,2.55,17905.0,United Kingdom
C559461,21427,SKULLS STORAGE BOX SMALL,-1,2011-07-08 13:04:00,2.1,14680.0,United Kingdom
C559461,21930,JUMBO STORAGE BAG SKULLS,-1,2011-07-08 13:04:00,2.08,14680.0,United Kingdom
C559461,23201,JUMBO BAG ALPHABET,-1,2011-07-08 13:04:00,2.08,14680.0,United Kingdom
C559461,22383,LUNCH BAG SUKI DESIGN ,-1,2011-07-08 13:04:00,1.65,14680.0,United Kingdom
C559461,22384,LUNCH BAG PINK POLKADOT,-1,2011-07-08 13:04:00,1.65,14680.0,United Kingdom
C559461,20727,LUNCH BAG  BLACK SKULL.,-1,2011-07-08 13:04:00,1.65,14680.0,United Kingdom
C559461,85099B,JUMBO BAG RED RETROSPOT,-2,2011-07-08 13:04:00,2.08,14680.0,United Kingdom
C559461,20725,LUNCH BAG RED RETROSPOT,-10,2011-07-08 13:04:00,1.65,14680.0,United Kingdom
C559461,20726,LUNCH BAG WOODLAND,-3,2011-07-08 13:04:00,1.65,14680.0,United Kingdom
C559461,22628,PICNIC BOXES SET OF 3 RETROSPOT ,-1,2011-07-08 13:04:00,4.95,14680.0,United Kingdom
559465,21930,JUMBO STORAGE BAG SKULLS,100,2011-07-08 13:26:00,1.79,14680.0,United Kingdom
559465,23200,JUMBO BAG PEARS,100,2011-07-08 13:26:00,1.79,14680.0,United Kingdom
559465,47566,PARTY BUNTING,150,2011-07-08 13:26:00,4.15,14680.0,United Kingdom
559465,20713,JUMBO BAG OWLS,100,2011-07-08 13:26:00,1.79,14680.0,United Kingdom
559465,20725,LUNCH BAG RED RETROSPOT,100,2011-07-08 13:26:00,1.45,14680.0,United Kingdom
559465,22383,LUNCH BAG SUKI DESIGN ,100,2011-07-08 13:26:00,1.45,14680.0,United Kingdom
559465,20727,LUNCH BAG  BLACK SKULL.,100,2011-07-08 13:26:00,1.45,14680.0,United Kingdom
559465,23256,CHILDRENS CUTLERY SPACEBOY ,72,2011-07-08 13:26:00,3.75,14680.0,United Kingdom
559465,84997D,CHILDRENS CUTLERY POLKADOT PINK,72,2011-07-08 13:26:00,3.75,14680.0,United Kingdom
559465,84997A,CHILDRENS CUTLERY POLKADOT GREEN ,72,2011-07-08 13:26:00,3.75,14680.0,United Kingdom
559465,84997B,CHILDRENS CUTLERY RETROSPOT RED ,72,2011-07-08 13:26:00,3.75,14680.0,United Kingdom
559465,85099C,JUMBO  BAG BAROQUE BLACK WHITE,100,2011-07-08 13:26:00,1.79,14680.0,United Kingdom
559465,22386,JUMBO BAG PINK POLKADOT,100,2011-07-08 13:26:00,1.79,14680.0,United Kingdom
559465,21931,JUMBO STORAGE BAG SUKI,100,2011-07-08 13:26:00,1.79,14680.0,United Kingdom
559465,85099B,JUMBO BAG RED RETROSPOT,100,2011-07-08 13:26:00,1.79,14680.0,United Kingdom
559465,21704,BAG 250g SWIRLY MARBLES,2,2011-07-08 13:26:00,0.85,14680.0,United Kingdom
559465,20728,LUNCH BAG CARS BLUE,50,2011-07-08 13:26:00,1.65,14680.0,United Kingdom
559465,20724,RED RETROSPOT CHARLOTTE BAG,30,2011-07-08 13:26:00,0.85,14680.0,United Kingdom
559465,22356,CHARLOTTE BAG PINK POLKADOT,20,2011-07-08 13:26:00,0.85,14680.0,United Kingdom
559465,22326,ROUND SNACK BOXES SET OF4 WOODLAND ,5,2011-07-08 13:26:00,2.95,14680.0,United Kingdom
559465,22328,ROUND SNACK BOXES SET OF 4 FRUITS ,5,2011-07-08 13:26:00,2.95,14680.0,United Kingdom
559465,22327,ROUND SNACK BOXES SET OF 4 SKULLS,5,2011-07-08 13:26:00,2.95,14680.0,United Kingdom
559465,22628,PICNIC BOXES SET OF 3 RETROSPOT ,5,2011-07-08 13:26:00,4.95,14680.0,United Kingdom
559465,20914,SET/5 RED RETROSPOT LID GLASS BOWLS,8,2011-07-08 13:26:00,2.95,14680.0,United Kingdom
C559663,22649,STRAWBERRY FAIRY CAKE TEAPOT,-1,2011-07-11 13:33:00,4.95,17706.0,United Kingdom
C559663,22191,IVORY DINER WALL CLOCK,-1,2011-07-11 13:33:00,8.5,17706.0,United Kingdom
C559663,22072,RED RETROSPOT TEA CUP AND SAUCER ,-2,2011-07-11 13:33:00,3.75,17706.0,United Kingdom
560035,85066,CREAM SWEETHEART MINI CHEST,3,2011-07-14 13:41:00,12.75,17706.0,United Kingdom
560035,23112,PARISIENNE CURIO CABINET,3,2011-07-14 13:41:00,7.5,17706.0,United Kingdom
560035,23137,ZINC WIRE SWEETHEART LETTER TRAY,4,2011-07-14 13:41:00,3.75,17706.0,United Kingdom
560035,23152,IVORY SWEETHEART WIRE LETTER RACK ,4,2011-07-14 13:41:00,3.75,17706.0,United Kingdom
560035,21231,SWEETHEART CERAMIC TRINKET BOX,12,2011-07-14 13:41:00,1.25,17706.0,United Kingdom
560035,23298,SPOTTY BUNTING,6,2011-07-14 13:41:00,4.95,17706.0,United Kingdom
560035,17003,BROCADE RING PURSE ,36,2011-07-14 13:41:00,0.29,17706.0,United Kingdom
560035,20685,DOORMAT RED RETROSPOT,6,2011-07-14 13:41:00,7.95,17706.0,United Kingdom
560035,15044D,RED PAPER PARASOL,6,2011-07-14 13:41:00,2.95,17706.0,United Kingdom
560035,15044C,PURPLE PAPER PARASOL,6,2011-07-14 13:41:00,2.95,17706.0,United Kingdom
560035,15044B,BLUE PAPER PARASOL ,6,2011-07-14 13:41:00,2.95,17706.0,United Kingdom
560035,15044A,PINK PAPER PARASOL ,6,2011-07-14 13:41:00,2.95,17706.0,United Kingdom
560035,21340,CLASSIC METAL BIRDCAGE PLANT HOLDER,3,2011-07-14 13:41:00,12.75,17706.0,United Kingdom
560035,15036,ASSORTED COLOURS SILK FAN,24,2011-07-14 13:41:00,0.83,17706.0,United Kingdom
560035,84836,ZINC METAL HEART DECORATION,24,2011-07-14 13:41:00,1.25,17706.0,United Kingdom
560035,16156S,WRAP PINK FAIRY CAKES ,25,2011-07-14 13:41:00,0.42,17706.0,United Kingdom
560035,84247G,"DECOUPAGE,GREETING CARD,",24,2011-07-14 13:41:00,0.42,17706.0,United Kingdom
560035,23028,DRAWER KNOB CRACKLE GLAZE BLUE,36,2011-07-14 13:41:00,1.65,17706.0,United Kingdom
560035,23029,DRAWER KNOB CRACKLE GLAZE GREEN,36,2011-07-14 13:41:00,1.65,17706.0,United Kingdom
560035,23032,DRAWER KNOB CRACKLE GLAZE IVORY,36,2011-07-14 13:41:00,1.65,17706.0,United Kingdom
560035,23026,DRAWER KNOB VINTAGE GLASS STAR,24,2011-07-14 13:41:00,2.08,17706.0,United Kingdom
560035,48111,DOORMAT 3 SMILEY CATS,6,2011-07-14 13:41:00,7.95,17706.0,United Kingdom
560035,21278,VINTAGE KITCHEN PRINT PUDDINGS,6,2011-07-14 13:41:00,2.55,17706.0,United Kingdom
560035,85059,FRENCH ENAMEL WATER BASIN,6,2011-07-14 13:41:00,3.75,17706.0,United Kingdom
560035,85099B,JUMBO BAG RED RETROSPOT,10,2011-07-14 13:41:00,2.08,17706.0,United Kingdom
560035,85053,FRENCH ENAMEL CANDLEHOLDER,6,2011-07-14 13:41:00,2.1,17706.0,United Kingdom
560035,79000,MOROCCAN TEA GLASS,24,2011-07-14 13:41:00,0.85,17706.0,United Kingdom
560035,82613A,"METAL SIGN,CUPCAKE SINGLE HOOK",25,2011-07-14 13:41:00,1.25,17706.0,United Kingdom
560035,84795B,SUNSET CHECK HAMMOCK,12,2011-07-14 13:41:00,7.95,17706.0,United Kingdom
560035,48138,DOORMAT UNION FLAG,6,2011-07-14 13:41:00,7.95,17706.0,United Kingdom
560035,48194,DOORMAT HEARTS,6,2011-07-14 13:41:00,7.95,17706.0,United Kingdom
560035,84030E,ENGLISH ROSE HOT WATER BOTTLE,6,2011-07-14 13:41:00,4.25,17706.0,United Kingdom
560035,82494L,WOODEN FRAME ANTIQUE WHITE ,6,2011-07-14 13:41:00,2.95,17706.0,United Kingdom
560035,82482,WOODEN PICTURE FRAME WHITE FINISH,6,2011-07-14 13:41:00,2.55,17706.0,United Kingdom
560035,85184C,SET 4 VALENTINE DECOUPAGE HEART BOX,18,2011-07-14 13:41:00,2.95,17706.0,United Kingdom
560035,84968A,SET OF 16 VINTAGE ROSE CUTLERY,6,2011-07-14 13:41:00,12.75,17706.0,United Kingdom
560035,37501,TEA TIME TEA SET IN GIFT BOX,6,2011-07-14 13:41:00,6.95,17706.0,United Kingdom
560035,47580,TEA TIME DES TEA COSY,6,2011-07-14 13:41:00,2.55,17706.0,United Kingdom
560035,84406B,CREAM CUPID HEARTS COAT HANGER,6,2011-07-14 13:41:00,4.15,17706.0,United Kingdom
560035,84792,ENCHANTED BIRD COATHANGER 5 HOOK,6,2011-07-14 13:41:00,4.65,17706.0,United Kingdom
560035,71477,COLOUR GLASS. STAR T-LIGHT HOLDER,6,2011-07-14 13:41:00,3.25,17706.0,United Kingdom
560035,85231G,ORANGE SCENTED SET/9 T-LIGHTS,6,2011-07-14 13:41:00,0.85,17706.0,United Kingdom
560035,40001,WHITE BAMBOO RIBS LAMPSHADE,24,2011-07-14 13:41:00,0.85,17706.0,United Kingdom
560035,71038,WHITE HANGING BEADS CANDLE HOLDER,6,2011-07-14 13:41:00,5.45,17706.0,United Kingdom
560035,85123A,WHITE HANGING HEART T-LIGHT HOLDER,6,2011-07-14 13:41:00,2.95,17706.0,United Kingdom
560035,21159,MOODY BOY  DOOR HANGER ,12,2011-07-14 13:41:00,1.45,17706.0,United Kingdom
560035,21248,DOOR HANGER  MUM + DADS ROOM,12,2011-07-14 13:41:00,1.45,17706.0,United Kingdom
560035,82600,NO SINGING METAL SIGN,12,2011-07-14 13:41:00,2.1,17706.0,United Kingdom
560035,21163,DO NOT TOUCH MY STUFF DOOR HANGER ,12,2011-07-14 13:41:00,1.45,17706.0,United Kingdom
560035,21169,YOU'RE CONFUSING ME METAL SIGN ,12,2011-07-14 13:41:00,1.69,17706.0,United Kingdom
560035,21174,POTTERING IN THE SHED METAL SIGN,12,2011-07-14 13:41:00,2.08,17706.0,United Kingdom
560035,21175,GIN + TONIC DIET METAL SIGN,12,2011-07-14 13:41:00,2.55,17706.0,United Kingdom
560035,21165,BEWARE OF THE CAT METAL SIGN ,12,2011-07-14 13:41:00,1.69,17706.0,United Kingdom
560035,85152,HAND OVER THE CHOCOLATE   SIGN ,12,2011-07-14 13:41:00,2.1,17706.0,United Kingdom
560035,21080,SET/20 RED RETROSPOT PAPER NAPKINS ,12,2011-07-14 13:41:00,0.85,17706.0,United Kingdom
560035,21217,RED RETROSPOT ROUND CAKE TINS,4,2011-07-14 13:41:00,9.95,17706.0,United Kingdom
560035,21242,RED RETROSPOT PLATE ,12,2011-07-14 13:41:00,1.69,17706.0,United Kingdom
560035,21041,RED RETROSPOT OVEN GLOVE DOUBLE,6,2011-07-14 13:41:00,2.95,17706.0,United Kingdom
560035,21284,RETROSPOT CANDLE  SMALL,12,2011-07-14 13:41:00,1.69,17706.0,United Kingdom
560035,20682,RED RETROSPOT CHILDRENS UMBRELLA,6,2011-07-14 13:41:00,3.25,17706.0,United Kingdom
560035,20754,RETROSPOT RED WASHING UP GLOVES,6,2011-07-14 13:41:00,2.1,17706.0,United Kingdom
560035,23249,VINTAGE RED ENAMEL TRIM PLATE,12,2011-07-14 13:41:00,1.65,17706.0,United Kingdom
560035,23240,SET OF 4 KNICK KNACK TINS DOILEY ,12,2011-07-14 13:41:00,4.15,17706.0,United Kingdom
560035,23252,VINTAGE RED ENAMEL TRIM JUG ,12,2011-07-14 13:41:00,3.75,17706.0,United Kingdom
560035,23251,VINTAGE RED ENAMEL TRIM MUG ,36,2011-07-14 13:41:00,1.25,17706.0,United Kingdom
560035,23142,IVORY WIRE KITCHEN ORGANISER,6,2011-07-14 13:41:00,10.4,17706.0,United Kingdom
560035,23181,BULL DOG BOTTLE TOP WALL CLOCK,4,2011-07-14 13:41:00,8.25,17706.0,United Kingdom
560035,23155,KNICKERBOCKERGLORY MAGNET ASSORTED ,24,2011-07-14 13:41:00,0.83,17706.0,United Kingdom
560035,23064,CINDERELLA CHANDELIER ,3,2011-07-14 13:41:00,49.95,17706.0,United Kingdom
560035,84946,ANTIQUE SILVER T-LIGHT GLASS,24,2011-07-14 13:41:00,1.25,17706.0,United Kingdom
560035,23039,T-LIGHT HOLDER SILVER HEART HANDLE,12,2011-07-14 13:41:00,1.95,17706.0,United Kingdom
560035,23143,ZINC WIRE KITCHEN ORGANISER,3,2011-07-14 13:41:00,10.4,17706.0,United Kingdom
C560331,22649,STRAWBERRY FAIRY CAKE TEAPOT,-1,2011-07-18 11:20:00,4.95,17706.0,United Kingdom
C560331,22891,TEA FOR ONE POLKADOT,-1,2011-07-18 11:20:00,4.25,17706.0,United Kingdom
561197,21770,OPEN CLOSED METAL SIGN,1,2011-07-25 14:35:00,4.95,16364.0,United Kingdom
561197,22099,CARAVAN SQUARE TISSUE BOX,4,2011-07-25 14:35:00,0.39,16364.0,United Kingdom
561197,22035,VINTAGE CARAVAN GREETING CARD ,12,2011-07-25 14:35:00,0.42,16364.0,United Kingdom
561197,20751,FUNKY WASHING UP GLOVES ASSORTED,4,2011-07-25 14:35:00,2.1,16364.0,United Kingdom
561197,22979,PANTRY WASHING UP BRUSH,4,2011-07-25 14:35:00,1.45,16364.0,United Kingdom
561197,22904,CALENDAR PAPER CUT DESIGN,6,2011-07-25 14:35:00,2.95,16364.0,United Kingdom
561197,20978,36 PENCILS TUBE SKULLS,1,2011-07-25 14:35:00,1.25,16364.0,United Kingdom
561197,20982,12 PENCILS TALL TUBE SKULLS,2,2011-07-25 14:35:00,0.85,16364.0,United Kingdom
561197,84991,60 TEATIME FAIRY CAKE CASES,4,2011-07-25 14:35:00,0.55,16364.0,United Kingdom
561197,21977,PACK OF 60 PINK PAISLEY CAKE CASES,4,2011-07-25 14:35:00,0.55,16364.0,United Kingdom
561197,22493,PAINT YOUR OWN CANVAS SET,6,2011-07-25 14:35:00,1.65,16364.0,United Kingdom
561197,20978,36 PENCILS TUBE SKULLS,1,2011-07-25 14:35:00,1.25,16364.0,United Kingdom
561197,23256,CHILDRENS CUTLERY SPACEBOY ,4,2011-07-25 14:35:00,4.15,16364.0,United Kingdom
561197,23254,CHILDRENS CUTLERY DOLLY GIRL ,4,2011-07-25 14:35:00,4.15,16364.0,United Kingdom
561197,21792,CLASSIC FRENCH STYLE BASKET GREEN ,4,2011-07-25 14:35:00,3.95,16364.0,United Kingdom
561197,23080,RED METAL BOX TOP SECRET,3,2011-07-25 14:35:00,8.25,16364.0,United Kingdom
561197,22844,VINTAGE CREAM DOG FOOD CONTAINER,2,2011-07-25 14:35:00,8.5,16364.0,United Kingdom
561197,23091,ZINC HERB GARDEN CONTAINER,3,2011-07-25 14:35:00,6.25,16364.0,United Kingdom
561197,23075,PARLOUR CERAMIC WALL HOOK,6,2011-07-25 14:35:00,4.15,16364.0,United Kingdom
561197,22120,WELCOME  WOODEN BLOCK LETTERS,4,2011-07-25 14:35:00,9.95,16364.0,United Kingdom
561197,22197,POPCORN HOLDER,16,2011-07-25 14:35:00,0.85,16364.0,United Kingdom
561197,22561,WOODEN SCHOOL COLOURING SET,4,2011-07-25 14:35:00,1.65,16364.0,United Kingdom
561197,23244,ROUND STORAGE TIN VINTAGE LEAF,2,2011-07-25 14:35:00,1.95,16364.0,United Kingdom
561197,22607,WOODEN ROUNDERS GARDEN SET ,2,2011-07-25 14:35:00,9.95,16364.0,United Kingdom
561197,22109,FULL ENGLISH BREAKFAST PLATE,4,2011-07-25 14:35:00,3.75,16364.0,United Kingdom
561197,22107,PIZZA PLATE IN BOX,4,2011-07-25 14:35:00,3.75,16364.0,United Kingdom
561197,22852,DOG BOWL VINTAGE CREAM,1,2011-07-25 14:35:00,4.25,16364.0,United Kingdom
561197,22853,CAT BOWL VINTAGE CREAM,1,2011-07-25 14:35:00,3.25,16364.0,United Kingdom
561197,22605,WOODEN CROQUET GARDEN SET,2,2011-07-25 14:35:00,14.95,16364.0,United Kingdom
561474,23310,BUBBLEGUM RING ASSORTED,36,2011-07-27 13:18:00,0.42,14680.0,United Kingdom
561474,79321,CHILLI LIGHTS,48,2011-07-27 13:18:00,4.95,14680.0,United Kingdom
561474,84997C,CHILDRENS CUTLERY POLKADOT BLUE,72,2011-07-27 13:18:00,3.75,14680.0,United Kingdom
561474,20726,LUNCH BAG WOODLAND,100,2011-07-27 13:18:00,1.45,14680.0,United Kingdom
561474,22384,LUNCH BAG PINK POLKADOT,100,2011-07-27 13:18:00,1.45,14680.0,United Kingdom
561474,22386,JUMBO BAG PINK POLKADOT,100,2011-07-27 13:18:00,1.79,14680.0,United Kingdom
561474,23200,JUMBO BAG PEARS,100,2011-07-27 13:18:00,1.79,14680.0,United Kingdom
561474,23201,JUMBO BAG ALPHABET,100,2011-07-27 13:18:00,1.79,14680.0,United Kingdom
561474,23199,JUMBO BAG APPLES,100,2011-07-27 13:18:00,1.79,14680.0,United Kingdom
561474,21931,JUMBO STORAGE BAG SUKI,100,2011-07-27 13:18:00,1.79,14680.0,United Kingdom
561474,21930,JUMBO STORAGE BAG SKULLS,100,2011-07-27 13:18:00,1.79,14680.0,United Kingdom
561474,20712,JUMBO BAG WOODLAND ANIMALS,100,2011-07-27 13:18:00,1.79,14680.0,United Kingdom
561474,20713,JUMBO BAG OWLS,100,2011-07-27 13:18:00,1.79,14680.0,United Kingdom
561474,85099B,JUMBO BAG RED RETROSPOT,100,2011-07-27 13:18:00,1.79,14680.0,United Kingdom
561474,22355,CHARLOTTE BAG SUKI DESIGN,100,2011-07-27 13:18:00,0.72,14680.0,United Kingdom
561474,21558,SKULL LUNCH BOX WITH CUTLERY ,6,2011-07-27 13:18:00,2.55,14680.0,United Kingdom
561474,22352,LUNCH BOX WITH CUTLERY RETROSPOT ,6,2011-07-27 13:18:00,2.55,14680.0,United Kingdom
561474,22356,CHARLOTTE BAG PINK POLKADOT,20,2011-07-27 13:18:00,0.85,14680.0,United Kingdom
561474,20724,RED RETROSPOT CHARLOTTE BAG,20,2011-07-27 13:18:00,0.85,14680.0,United Kingdom
561474,22326,ROUND SNACK BOXES SET OF4 WOODLAND ,5,2011-07-27 13:18:00,2.95,14680.0,United Kingdom
561474,20719,WOODLAND CHARLOTTE BAG,40,2011-07-27 13:18:00,0.85,14680.0,United Kingdom
561474,21731,RED TOADSTOOL LED NIGHT LIGHT,48,2011-07-27 13:18:00,1.65,14680.0,United Kingdom
561511,23322,LARGE WHITE HEART OF WICKER,6,2011-07-27 15:02:00,2.95,15624.0,United Kingdom
561511,23323,WHITE WICKER STAR ,6,2011-07-27 15:02:00,2.1,15624.0,United Kingdom
561511,23321,SMALL WHITE HEART OF WICKER,12,2011-07-27 15:02:00,1.65,15624.0,United Kingdom
561511,21926,RED/CREAM STRIPE CUSHION COVER ,12,2011-07-27 15:02:00,1.25,15624.0,United Kingdom
561511,85123A,WHITE HANGING HEART T-LIGHT HOLDER,6,2011-07-27 15:02:00,2.95,15624.0,United Kingdom
561511,22268,DECORATION SITTING BUNNY,48,2011-07-27 15:02:00,0.19,15624.0,United Kingdom
561511,22266,EASTER DECORATION HANGING BUNNY,64,2011-07-27 15:02:00,0.19,15624.0,United Kingdom
561511,22269,EGG CUP NATURAL CHICKEN,16,2011-07-27 15:02:00,0.39,15624.0,United Kingdom
561511,22287,DECORATION WOBBLY CHICKEN,24,2011-07-27 15:02:00,0.39,15624.0,United Kingdom
561511,21755,LOVE BUILDING BLOCK WORD,3,2011-07-27 15:02:00,5.95,15624.0,United Kingdom
561511,21754,HOME BUILDING BLOCK WORD,3,2011-07-27 15:02:00,5.95,15624.0,United Kingdom
561511,21756,BATH BUILDING BLOCK WORD,3,2011-07-27 15:02:00,5.95,15624.0,United Kingdom
561511,22470,HEART OF WICKER LARGE,12,2011-07-27 15:02:00,2.95,15624.0,United Kingdom
562354,20984,12 PENCILS TALL TUBE POSY,24,2011-08-04 13:15:00,0.29,17470.0,United Kingdom
562354,21179,NO JUNK MAIL METAL SIGN,24,2011-08-04 13:15:00,0.39,17470.0,United Kingdom
562354,21394,RED POLKADOT BEAKER ,48,2011-08-04 13:15:00,0.39,17470.0,United Kingdom
562354,21845,DAIRY MAID STRIPE MUG,36,2011-08-04 13:15:00,0.79,17470.0,United Kingdom
562354,22100,SKULLS SQUARE TISSUE BOX,36,2011-08-04 13:15:00,0.39,17470.0,United Kingdom
562354,22094,RED RETROSPOT TISSUE BOX,36,2011-08-04 13:15:00,0.39,17470.0,United Kingdom
562354,22161,HEART DECORATION RUSTIC HANGING ,48,2011-08-04 13:15:00,0.19,17470.0,United Kingdom
562354,35471D,SET OF 3 BIRD LIGHT PINK FEATHER ,24,2011-08-04 13:15:00,0.39,17470.0,United Kingdom
562354,22189,CREAM HEART CARD HOLDER,4,2011-08-04 13:15:00,3.95,17470.0,United Kingdom
562354,20982,12 PENCILS TALL TUBE SKULLS,12,2011-08-04 13:15:00,0.85,17470.0,United Kingdom
562354,20983,12 PENCILS TALL TUBE RED RETROSPOT,12,2011-08-04 13:15:00,0.85,17470.0,United Kingdom
562354,22099,CARAVAN SQUARE TISSUE BOX,36,2011-08-04 13:15:00,0.39,17470.0,United Kingdom
562354,84976,RECTANGULAR SHAPED MIRROR,12,2011-08-04 13:15:00,0.79,17470.0,United Kingdom
562354,84755,COLOUR GLASS T-LIGHT HOLDER HANGING,16,2011-08-04 13:15:00,0.65,17470.0,United Kingdom
562354,82581,TOILET METAL SIGN,12,2011-08-04 13:15:00,0.55,17470.0,United Kingdom
562354,82578,KITCHEN METAL SIGN,12,2011-08-04 13:15:00,0.55,17470.0,United Kingdom
562850,79321,CHILLI LIGHTS,48,2011-08-10 10:08:00,4.95,14680.0,United Kingdom
562850,20725,LUNCH BAG RED RETROSPOT,100,2011-08-10 10:08:00,1.45,14680.0,United Kingdom
562850,22383,LUNCH BAG SUKI DESIGN ,100,2011-08-10 10:08:00,1.45,14680.0,United Kingdom
562850,23204,CHARLOTTE BAG APPLES DESIGN,100,2011-08-10 10:08:00,0.72,14680.0,United Kingdom
562850,21930,JUMBO STORAGE BAG SKULLS,100,2011-08-10 10:08:00,1.79,14680.0,United Kingdom
562850,21931,JUMBO STORAGE BAG SUKI,100,2011-08-10 10:08:00,1.79,14680.0,United Kingdom
562850,23199,JUMBO BAG APPLES,100,2011-08-10 10:08:00,1.79,14680.0,United Kingdom
562850,47566,PARTY BUNTING,50,2011-08-10 10:08:00,4.15,14680.0,United Kingdom
562850,22356,CHARLOTTE BAG PINK POLKADOT,30,2011-08-10 10:08:00,0.85,14680.0,United Kingdom
562850,22628,PICNIC BOXES SET OF 3 RETROSPOT ,4,2011-08-10 10:08:00,4.95,14680.0,United Kingdom
562850,20724,RED RETROSPOT CHARLOTTE BAG,30,2011-08-10 10:08:00,0.85,14680.0,United Kingdom
562850,20719,WOODLAND CHARLOTTE BAG,30,2011-08-10 10:08:00,0.85,14680.0,United Kingdom
562850,20728,LUNCH BAG CARS BLUE,30,2011-08-10 10:08:00,1.65,14680.0,United Kingdom
562850,21705,BAG 500g SWIRLY MARBLES,2,2011-08-10 10:08:00,1.65,14680.0,United Kingdom
562850,20713,JUMBO BAG OWLS,100,2011-08-10 10:08:00,1.79,14680.0,United Kingdom
562850,85099C,JUMBO  BAG BAROQUE BLACK WHITE,100,2011-08-10 10:08:00,1.79,14680.0,United Kingdom
562850,85099B,JUMBO BAG RED RETROSPOT,300,2011-08-10 10:08:00,1.79,14680.0,United Kingdom
563250,23322,LARGE WHITE HEART OF WICKER,6,2011-08-15 11:38:00,2.95,15624.0,United Kingdom
563250,23328,SET 6 SCHOOL MILK BOTTLES IN CRATE,4,2011-08-15 11:38:00,3.75,15624.0,United Kingdom
563250,85123A,WHITE HANGING HEART T-LIGHT HOLDER,12,2011-08-15 11:38:00,2.95,15624.0,United Kingdom
563556,22411,JUMBO SHOPPER VINTAGE RED PAISLEY,20,2011-08-17 13:31:00,2.08,17706.0,United Kingdom
563556,85099B,JUMBO BAG RED RETROSPOT,10,2011-08-17 13:31:00,2.08,17706.0,United Kingdom
563556,23202,JUMBO BAG VINTAGE LEAF,20,2011-08-17 13:31:00,2.08,17706.0,United Kingdom
563556,23203,JUMBO BAG VINTAGE DOILY ,10,2011-08-17 13:31:00,2.08,17706.0,United Kingdom
563556,21928,JUMBO BAG SCANDINAVIAN BLUE PAISLEY,10,2011-08-17 13:31:00,2.08,17706.0,United Kingdom
563556,21929,JUMBO BAG PINK VINTAGE PAISLEY,10,2011-08-17 13:31:00,2.08,17706.0,United Kingdom
563556,20718,RED RETROSPOT SHOPPER BAG,10,2011-08-17 13:31:00,1.25,17706.0,United Kingdom
563556,23209,LUNCH BAG VINTAGE DOILY ,10,2011-08-17 13:31:00,1.65,17706.0,United Kingdom
563556,23208,LUNCH BAG VINTAGE LEAF DESIGN,10,2011-08-17 13:31:00,1.65,17706.0,United Kingdom
563556,20725,LUNCH BAG RED RETROSPOT,10,2011-08-17 13:31:00,1.65,17706.0,United Kingdom
563556,22379,RECYCLING BAG RETROSPOT ,5,2011-08-17 13:31:00,2.1,17706.0,United Kingdom
563556,22380,TOY TIDY SPACEBOY  ,5,2011-08-17 13:31:00,2.1,17706.0,United Kingdom
563556,22381,TOY TIDY PINK POLKADOT,5,2011-08-17 13:31:00,2.1,17706.0,United Kingdom
563556,85099C,JUMBO  BAG BAROQUE BLACK WHITE,10,2011-08-17 13:31:00,2.08,17706.0,United Kingdom
563556,23344,JUMBO BAG 50'S CHRISTMAS ,10,2011-08-17 13:31:00,2.08,17706.0,United Kingdom
564062,22114,HOT WATER BOTTLE TEA AND SYMPATHY,6,2011-08-22 14:41:00,4.25,17706.0,United Kingdom
564062,21035,SET/2 RED RETROSPOT TEA TOWELS ,6,2011-08-22 14:41:00,3.25,17706.0,United Kingdom
564062,22139,RETROSPOT TEA SET CERAMIC 11 PC ,6,2011-08-22 14:41:00,4.95,17706.0,United Kingdom
564062,85066,CREAM SWEETHEART MINI CHEST,6,2011-08-22 14:41:00,12.75,17706.0,United Kingdom
564062,22173,METAL 4 HOOK HANGER FRENCH CHATEAU,24,2011-08-22 14:41:00,2.95,17706.0,United Kingdom
564062,23181,BULL DOG BOTTLE TOP WALL CLOCK,6,2011-08-22 14:41:00,8.25,17706.0,United Kingdom
564062,22103,MIRROR MOSAIC T-LIGHT HOLDER ROUND,12,2011-08-22 14:41:00,1.65,17706.0,United Kingdom
564062,22553,PLASTERS IN TIN SKULLS,24,2011-08-22 14:41:00,1.65,17706.0,United Kingdom
564062,72760B,VINTAGE CREAM 3 BASKET CAKE STAND,6,2011-08-22 14:41:00,9.95,17706.0,United Kingdom
564062,21628,TRIANGULAR POUFFE VINTAGE ,6,2011-08-22 14:41:00,14.95,17706.0,United Kingdom
564062,21627,ELEPHANT CARNIVAL POUFFE,6,2011-08-22 14:41:00,14.95,17706.0,United Kingdom
564062,22627,MINT KITCHEN SCALES,6,2011-08-22 14:41:00,8.5,17706.0,United Kingdom
564062,40001,WHITE BAMBOO RIBS LAMPSHADE,24,2011-08-22 14:41:00,0.85,17706.0,United Kingdom
564062,22485,SET OF 2 WOODEN MARKET CRATES,6,2011-08-22 14:41:00,12.75,17706.0,United Kingdom
564062,22112,CHOCOLATE HOT WATER BOTTLE,12,2011-08-22 14:41:00,4.95,17706.0,United Kingdom
564062,23298,SPOTTY BUNTING,24,2011-08-22 14:41:00,4.95,17706.0,United Kingdom
564062,82494L,WOODEN FRAME ANTIQUE WHITE ,12,2011-08-22 14:41:00,2.95,17706.0,United Kingdom
C564279,21165,BEWARE OF THE CAT METAL SIGN ,-12,2011-08-24 10:54:00,1.69,17706.0,United Kingdom
C564279,23064,CINDERELLA CHANDELIER ,-3,2011-08-24 10:54:00,49.95,17706.0,United Kingdom
C564279,23240,SET OF 4 KNICK KNACK TINS DOILEY ,-12,2011-08-24 10:54:00,4.15,17706.0,United Kingdom
C564279,84968A,SET OF 16 VINTAGE ROSE CUTLERY,-6,2011-08-24 10:54:00,12.75,17706.0,United Kingdom
C564279,37501,TEA TIME TEA SET IN GIFT BOX,-2,2011-08-24 10:54:00,6.95,17706.0,United Kingdom
564943,22173,METAL 4 HOOK HANGER FRENCH CHATEAU,6,2011-08-31 13:23:00,2.95,17706.0,United Kingdom
564943,23007, SPACEBOY BABY GIFT SET,1,2011-08-31 13:23:00,16.95,17706.0,United Kingdom
564943,22979,PANTRY WASHING UP BRUSH,2,2011-08-31 13:23:00,1.45,17706.0,United Kingdom
564943,22980,PANTRY SCRUBBING BRUSH,2,2011-08-31 13:23:00,1.65,17706.0,United Kingdom
564943,22835,HOT WATER BOTTLE I AM SO POORLY,3,2011-08-31 13:23:00,4.65,17706.0,United Kingdom
564943,22113,GREY HEART HOT WATER BOTTLE,4,2011-08-31 13:23:00,3.75,17706.0,United Kingdom
564943,23355,HOT WATER BOTTLE KEEP CALM,3,2011-08-31 13:23:00,4.95,17706.0,United Kingdom
564943,22632,HAND WARMER RED RETROSPOT,12,2011-08-31 13:23:00,2.1,17706.0,United Kingdom
564943,21755,LOVE BUILDING BLOCK WORD,6,2011-08-31 13:23:00,5.95,17706.0,United Kingdom
564943,22865,HAND WARMER OWL DESIGN,24,2011-08-31 13:23:00,2.1,17706.0,United Kingdom
564943,22633,HAND WARMER UNION JACK,24,2011-08-31 13:23:00,2.1,17706.0,United Kingdom
564943,22654,DELUXE SEWING KIT ,2,2011-08-31 13:23:00,5.95,17706.0,United Kingdom
564943,22652,TRAVEL SEWING KIT,10,2011-08-31 13:23:00,1.65,17706.0,United Kingdom
564943,21034,REX CASH+CARRY JUMBO SHOPPER,1,2011-08-31 13:23:00,0.95,17706.0,United Kingdom
C564949,22103,MIRROR MOSAIC T-LIGHT HOLDER ROUND,-12,2011-08-31 13:31:00,1.32,17706.0,United Kingdom
565249,22302,COFFEE MUG PEARS  DESIGN,6,2011-09-02 10:38:00,2.55,18027.0,United Kingdom
565249,22996,TRAVEL CARD WALLET VINTAGE TICKET,24,2011-09-02 10:38:00,0.42,18027.0,United Kingdom
565249,22374,AIRLINE BAG VINTAGE JET SET RED,1,2011-09-02 10:38:00,4.25,18027.0,United Kingdom
565249,22376,AIRLINE BAG VINTAGE JET SET WHITE,1,2011-09-02 10:38:00,4.25,18027.0,United Kingdom
565249,22113,GREY HEART HOT WATER BOTTLE,2,2011-09-02 10:38:00,4.25,18027.0,United Kingdom
565249,23356,LOVE HOT WATER BOTTLE,2,2011-09-02 10:38:00,5.95,18027.0,United Kingdom
565249,23005,TRAVEL CARD WALLET I LOVE LONDON,24,2011-09-02 10:38:00,0.42,18027.0,United Kingdom
565249,84029G,KNITTED UNION FLAG HOT WATER BOTTLE,1,2011-09-02 10:38:00,4.25,18027.0,United Kingdom
565249,22835,HOT WATER BOTTLE I AM SO POORLY,1,2011-09-02 10:38:00,4.95,18027.0,United Kingdom
565249,22372,AIRLINE BAG VINTAGE WORLD CHAMPION ,3,2011-09-02 10:38:00,4.25,18027.0,United Kingdom
565249,22371,AIRLINE BAG VINTAGE TOKYO 78,2,2011-09-02 10:38:00,4.25,18027.0,United Kingdom
565249,22114,HOT WATER BOTTLE TEA AND SYMPATHY,1,2011-09-02 10:38:00,4.25,18027.0,United Kingdom
565249,20755,BLUE PAISLEY POCKET BOOK,1,2011-09-02 10:38:00,0.85,18027.0,United Kingdom
565249,20758,ABSTRACT CIRCLES POCKET BOOK,1,2011-09-02 10:38:00,0.85,18027.0,United Kingdom
565249,22632,HAND WARMER RED RETROSPOT,1,2011-09-02 10:38:00,2.1,18027.0,United Kingdom
565249,22554,PLASTERS IN TIN WOODLAND ANIMALS,1,2011-09-02 10:38:00,1.65,18027.0,United Kingdom
565249,22557,PLASTERS IN TIN VINTAGE PAISLEY ,1,2011-09-02 10:38:00,1.65,18027.0,United Kingdom
565249,22866,HAND WARMER SCOTTY DOG DESIGN,1,2011-09-02 10:38:00,2.1,18027.0,United Kingdom
565249,22867,HAND WARMER BIRD DESIGN,1,2011-09-02 10:38:00,2.1,18027.0,United Kingdom
565249,22555,PLASTERS IN TIN STRONGMAN,1,2011-09-02 10:38:00,1.65,18027.0,United Kingdom
565249,22556,PLASTERS IN TIN CIRCUS PARADE ,2,2011-09-02 10:38:00,1.65,18027.0,United Kingdom
565631,85099C,JUMBO  BAG BAROQUE BLACK WHITE,100,2011-09-05 15:49:00,1.79,14680.0,United Kingdom
565631,22386,JUMBO BAG PINK POLKADOT,100,2011-09-05 15:49:00,1.79,14680.0,United Kingdom
565631,20712,JUMBO BAG WOODLAND ANIMALS,100,2011-09-05 15:49:00,1.79,14680.0,United Kingdom
565631,21930,JUMBO STORAGE BAG SKULLS,100,2011-09-05 15:49:00,1.79,14680.0,United Kingdom
565631,22667,RECIPE BOX RETROSPOT ,24,2011-09-05 15:49:00,2.55,14680.0,United Kingdom
565631,84997D,CHILDRENS CUTLERY POLKADOT PINK,72,2011-09-05 15:49:00,3.75,14680.0,United Kingdom
565631,21430,SET/3 RED GINGHAM ROSE STORAGE BOX,24,2011-09-05 15:49:00,3.39,14680.0,United Kingdom
565631,20724,RED RETROSPOT CHARLOTTE BAG,10,2011-09-05 15:49:00,0.85,14680.0,United Kingdom
565631,22628,PICNIC BOXES SET OF 3 RETROSPOT ,8,2011-09-05 15:49:00,4.95,14680.0,United Kingdom
565631,20727,LUNCH BAG  BLACK SKULL.,30,2011-09-05 15:49:00,1.65,14680.0,United Kingdom
565763,21916,SET 12 RETRO WHITE CHALK STICKS,288,2011-09-06 14:09:00,0.36,14739.0,United Kingdom
565763,21358,TOAST ITS - HAPPY BIRTHDAY,12,2011-09-06 14:09:00,1.25,14739.0,United Kingdom
565763,21356,TOAST ITS - FAIRY FLOWER,12,2011-09-06 14:09:00,1.25,14739.0,United Kingdom
565763,23267,SET OF 4 SANTA PLACE SETTINGS,96,2011-09-06 14:09:00,1.04,14739.0,United Kingdom
565763,23271,CHRISTMAS TABLE SILVER CANDLE SPIKE,128,2011-09-06 14:09:00,0.69,14739.0,United Kingdom
565763,23340,VINTAGE CHRISTMAS CAKE FRILL,24,2011-09-06 14:09:00,1.65,14739.0,United Kingdom
565763,23378,PACK OF 12 50'S CHRISTMAS TISSUES,432,2011-09-06 14:09:00,0.32,14739.0,United Kingdom
565763,23376,PACK OF 12 VINTAGE CHRISTMAS TISSUE,432,2011-09-06 14:09:00,0.32,14739.0,United Kingdom
565763,21888,BINGO SET,36,2011-09-06 14:09:00,3.39,14739.0,United Kingdom
565763,22950,36 DOILIES VINTAGE CHRISTMAS,144,2011-09-06 14:09:00,1.25,14739.0,United Kingdom
566326,22776,SWEETHEART 3 TIER CAKE STAND ,3,2011-09-12 12:11:00,9.95,16211.0,United Kingdom
566326,21340,CLASSIC METAL BIRDCAGE PLANT HOLDER,1,2011-09-12 12:11:00,12.75,16211.0,United Kingdom
566326,22423,REGENCY CAKESTAND 3 TIER,16,2011-09-12 12:11:00,10.95,16211.0,United Kingdom
566326,22698,PINK REGENCY TEACUP AND SAUCER,6,2011-09-12 12:11:00,2.95,16211.0,United Kingdom
566326,22699,ROSES REGENCY TEACUP AND SAUCER ,6,2011-09-12 12:11:00,2.95,16211.0,United Kingdom
566326,22697,GREEN REGENCY TEACUP AND SAUCER,6,2011-09-12 12:11:00,2.95,16211.0,United Kingdom
566326,23245,SET OF 3 REGENCY CAKE TINS,4,2011-09-12 12:11:00,4.95,16211.0,United Kingdom
566326,23243,SET OF TEA COFFEE SUGAR TINS PANTRY,8,2011-09-12 12:11:00,4.95,16211.0,United Kingdom
566326,22720,SET OF 3 CAKE TINS PANTRY DESIGN ,6,2011-09-12 12:11:00,4.95,16211.0,United Kingdom
566326,22666,RECIPE BOX PANTRY YELLOW DESIGN,6,2011-09-12 12:11:00,2.95,16211.0,United Kingdom
566326,22960,JAM MAKING SET WITH JARS,6,2011-09-12 12:11:00,4.25,16211.0,United Kingdom
566326,23294,SET OF 6 SNACK LOAF BAKING CASES,8,2011-09-12 12:11:00,0.83,16211.0,United Kingdom
566326,23296,SET OF 6 TEA TIME BAKING CASES,8,2011-09-12 12:11:00,1.25,16211.0,United Kingdom
566326,23293,SET OF 12 FAIRY CAKE BAKING CASES,8,2011-09-12 12:11:00,0.83,16211.0,United Kingdom
566326,23295,SET OF 12 MINI LOAF BAKING CASES,8,2011-09-12 12:11:00,0.83,16211.0,United Kingdom
566326,22749,FELTCRAFT PRINCESS CHARLOTTE DOLL,4,2011-09-12 12:11:00,3.75,16211.0,United Kingdom
566326,20972,PINK CREAM FELT CRAFT TRINKET BOX ,12,2011-09-12 12:11:00,1.25,16211.0,United Kingdom
566326,22940,FELTCRAFT CHRISTMAS FAIRY,4,2011-09-12 12:11:00,4.25,16211.0,United Kingdom
566326,22748,POPPY'S PLAYHOUSE KITCHEN,6,2011-09-12 12:11:00,2.1,16211.0,United Kingdom
566326,22747,POPPY'S PLAYHOUSE BATHROOM,6,2011-09-12 12:11:00,2.1,16211.0,United Kingdom
566326,22745,POPPY'S PLAYHOUSE BEDROOM ,6,2011-09-12 12:11:00,2.1,16211.0,United Kingdom
566326,22746,POPPY'S PLAYHOUSE LIVINGROOM ,6,2011-09-12 12:11:00,2.1,16211.0,United Kingdom
566326,22384,LUNCH BAG PINK POLKADOT,10,2011-09-12 12:11:00,1.65,16211.0,United Kingdom
567172,22075,6 RIBBONS ELEGANT CHRISTMAS ,144,2011-09-18 13:29:00,1.45,18194.0,United Kingdom
567172,22027,TEA PARTY BIRTHDAY CARD,144,2011-09-18 13:29:00,0.36,18194.0,United Kingdom
567172,23322,LARGE WHITE HEART OF WICKER,80,2011-09-18 13:29:00,2.55,18194.0,United Kingdom
567172,22470,HEART OF WICKER LARGE,80,2011-09-18 13:29:00,2.55,18194.0,United Kingdom
567172,23321,SMALL WHITE HEART OF WICKER,80,2011-09-18 13:29:00,1.45,18194.0,United Kingdom
567172,22439,6 ROCKET BALLOONS ,40,2011-09-18 13:29:00,0.65,18194.0,United Kingdom
567172,85123A,WHITE HANGING HEART T-LIGHT HOLDER,64,2011-09-18 13:29:00,2.55,18194.0,United Kingdom
C567357,22960,JAM MAKING SET WITH JARS,-1,2011-09-19 16:23:00,4.25,16211.0,United Kingdom
568069,22584,PACK OF 6 PANNETONE GIFT BOXES,6,2011-09-23 14:05:00,2.55,13336.0,United Kingdom
568069,22582,PACK OF 6 SWEETIE GIFT BOXES,6,2011-09-23 14:05:00,2.55,13336.0,United Kingdom
568069,23189,SET OF 12 FORK CANDLES,6,2011-09-23 14:05:00,2.89,13336.0,United Kingdom
568069,23514,EMBROIDERED RIBBON REEL SALLY ,6,2011-09-23 14:05:00,2.08,13336.0,United Kingdom
568069,23512,EMBROIDERED RIBBON REEL ROSIE,6,2011-09-23 14:05:00,2.08,13336.0,United Kingdom
568069,21259,VICTORIAN SEWING BOX SMALL ,2,2011-09-23 14:05:00,5.95,13336.0,United Kingdom
568069,21257,VICTORIAN SEWING BOX MEDIUM,2,2011-09-23 14:05:00,7.95,13336.0,United Kingdom
568069,22077,6 RIBBONS RUSTIC CHARM,12,2011-09-23 14:05:00,1.65,13336.0,United Kingdom
568069,84879,ASSORTED COLOUR BIRD ORNAMENT,8,2011-09-23 14:05:00,1.69,13336.0,United Kingdom
568069,23408,PHOTO FRAME LINEN AND LACE SMALL,6,2011-09-23 14:05:00,2.08,13336.0,United Kingdom
568069,23401,RUSTIC MIRROR WITH LACE HEART,2,2011-09-23 14:05:00,6.25,13336.0,United Kingdom
568069,23020,GLASS  SONGBIRD STORAGE JAR,1,2011-09-23 14:05:00,12.5,13336.0,United Kingdom
568069,23307,SET OF 60 PANTRY DESIGN CAKE CASES ,24,2011-09-23 14:05:00,0.55,13336.0,United Kingdom
568069,22960,JAM MAKING SET WITH JARS,6,2011-09-23 14:05:00,4.25,13336.0,United Kingdom
568069,22979,PANTRY WASHING UP BRUSH,12,2011-09-23 14:05:00,1.45,13336.0,United Kingdom
568069,23306,SET OF 36 DOILIES PANTRY DESIGN,12,2011-09-23 14:05:00,1.45,13336.0,United Kingdom
568069,23168,CLASSIC CAFE SUGAR DISPENSER,12,2011-09-23 14:05:00,1.25,13336.0,United Kingdom
568069,22956,36 FOIL HEART CAKE CASES,6,2011-09-23 14:05:00,2.1,13336.0,United Kingdom
568069,84380,SET OF 3 BUTTERFLY COOKIE CUTTERS,24,2011-09-23 14:05:00,1.25,13336.0,United Kingdom
568069,21977,PACK OF 60 PINK PAISLEY CAKE CASES,24,2011-09-23 14:05:00,0.55,13336.0,United Kingdom
568069,84992,72 SWEETHEART FAIRY CAKE CASES,24,2011-09-23 14:05:00,0.55,13336.0,United Kingdom
568069,22417,PACK OF 60 SPACEBOY CAKE CASES,24,2011-09-23 14:05:00,0.55,13336.0,United Kingdom
568069,21213,PACK OF 72 SKULL CAKE CASES,24,2011-09-23 14:05:00,0.55,13336.0,United Kingdom
568069,22951,60 CAKE CASES DOLLY GIRL DESIGN,24,2011-09-23 14:05:00,0.55,13336.0,United Kingdom
568069,22745,POPPY'S PLAYHOUSE BEDROOM ,6,2011-09-23 14:05:00,2.1,13336.0,United Kingdom
568069,22748,POPPY'S PLAYHOUSE KITCHEN,6,2011-09-23 14:05:00,2.1,13336.0,United Kingdom
568069,22150,3 STRIPEY MICE FELTCRAFT,6,2011-09-23 14:05:00,1.95,13336.0,United Kingdom
568069,20971,PINK BLUE FELT CRAFT TRINKET BOX,12,2011-09-23 14:05:00,1.25,13336.0,United Kingdom
568069,22271,FELTCRAFT DOLL ROSIE,6,2011-09-23 14:05:00,2.95,13336.0,United Kingdom
568069,22273,FELTCRAFT DOLL MOLLY,6,2011-09-23 14:05:00,2.95,13336.0,United Kingdom
568069,22274,FELTCRAFT DOLL EMILY,6,2011-09-23 14:05:00,2.95,13336.0,United Kingdom
568069,23126,FELTCRAFT GIRL AMELIE KIT,4,2011-09-23 14:05:00,4.95,13336.0,United Kingdom
568069,23127,FELTCRAFT GIRL NICOLE KIT,4,2011-09-23 14:05:00,4.95,13336.0,United Kingdom
568069,23209,LUNCH BAG DOILEY PATTERN ,10,2011-09-23 14:05:00,1.65,13336.0,United Kingdom
568069,22662,LUNCH BAG DOLLY GIRL DESIGN,10,2011-09-23 14:05:00,1.65,13336.0,United Kingdom
568069,22382,LUNCH BAG SPACEBOY DESIGN ,10,2011-09-23 14:05:00,1.65,13336.0,United Kingdom
568069,22384,LUNCH BAG PINK POLKADOT,10,2011-09-23 14:05:00,1.65,13336.0,United Kingdom
568069,84077,WORLD WAR 2 GLIDERS ASSTD DESIGNS,48,2011-09-23 14:05:00,0.29,13336.0,United Kingdom
568069,22630,DOLLY GIRL LUNCH BOX,12,2011-09-23 14:05:00,1.95,13336.0,United Kingdom
568069,23345, DOLLY GIRL BEAKER,12,2011-09-23 14:05:00,1.25,13336.0,United Kingdom
568069,22949,36 DOILIES DOLLY GIRL,12,2011-09-23 14:05:00,1.45,13336.0,United Kingdom
568069,23254,CHILDRENS CUTLERY DOLLY GIRL ,4,2011-09-23 14:05:00,4.15,13336.0,United Kingdom
568069,23256,CHILDRENS CUTLERY SPACEBOY ,4,2011-09-23 14:05:00,4.15,13336.0,United Kingdom
568069,22629,SPACEBOY LUNCH BOX ,12,2011-09-23 14:05:00,1.95,13336.0,United Kingdom
568069,23346,SPACEBOY BEAKER,12,2011-09-23 14:05:00,1.25,13336.0,United Kingdom
568069,22964,3 PIECE SPACEBOY COOKIE CUTTER SET,6,2011-09-23 14:05:00,2.1,13336.0,United Kingdom
568069,23377,PACK OF 12 DOLLY GIRL TISSUES,24,2011-09-23 14:05:00,0.39,13336.0,United Kingdom
568069,22614,PACK OF 12 SPACEBOY TISSUES,24,2011-09-23 14:05:00,0.29,13336.0,United Kingdom
568069,23390,DOLLY GIRL MINI RUCKSACK,4,2011-09-23 14:05:00,4.15,13336.0,United Kingdom
568069,23389,SPACEBOY MINI RUCKSACK,4,2011-09-23 14:05:00,4.15,13336.0,United Kingdom
568069,23513,EMBROIDERED RIBBON REEL SUSIE ,6,2011-09-23 14:05:00,2.08,13336.0,United Kingdom
568877,22326,ROUND SNACK BOXES SET OF4 WOODLAND ,10,2011-09-29 12:31:00,2.95,14680.0,United Kingdom
568877,22327,ROUND SNACK BOXES SET OF 4 SKULLS,10,2011-09-29 12:31:00,2.95,14680.0,United Kingdom
568877,22328,ROUND SNACK BOXES SET OF 4 FRUITS ,10,2011-09-29 12:31:00,2.95,14680.0,United Kingdom
568877,20914,SET/5 RED RETROSPOT LID GLASS BOWLS,6,2011-09-29 12:31:00,2.95,14680.0,United Kingdom
568877,21154,RED RETROSPOT OVEN GLOVE ,2,2011-09-29 12:31:00,1.25,14680.0,United Kingdom
568877,20727,LUNCH BAG  BLACK SKULL.,10,2011-09-29 12:31:00,1.65,14680.0,United Kingdom
568877,21356,TOAST ITS - FAIRY FLOWER,1,2011-09-29 12:31:00,1.25,14680.0,United Kingdom
568877,22743,MAKE YOUR OWN FLOWERPOWER CARD KIT,2,2011-09-29 12:31:00,2.95,14680.0,United Kingdom
568877,22667,RECIPE BOX RETROSPOT ,24,2011-09-29 12:31:00,2.55,14680.0,United Kingdom
568877,84997B,CHILDRENS CUTLERY RETROSPOT RED ,72,2011-09-29 12:31:00,3.75,14680.0,United Kingdom
568877,84997A,CHILDRENS CUTLERY POLKADOT GREEN ,72,2011-09-29 12:31:00,3.75,14680.0,United Kingdom
568877,79321,CHILLI LIGHTS,72,2011-09-29 12:31:00,4.95,14680.0,United Kingdom
568877,85099C,JUMBO  BAG BAROQUE BLACK WHITE,100,2011-09-29 12:31:00,1.79,14680.0,United Kingdom
568877,22386,JUMBO BAG PINK POLKADOT,100,2011-09-29 12:31:00,1.79,14680.0,United Kingdom
568877,21930,JUMBO STORAGE BAG SKULLS,100,2011-09-29 12:31:00,1.79,14680.0,United Kingdom
568877,20713,JUMBO BAG OWLS,100,2011-09-29 12:31:00,1.79,14680.0,United Kingdom
568877,20712,JUMBO BAG WOODLAND ANIMALS,100,2011-09-29 12:31:00,1.79,14680.0,United Kingdom
568877,20711,JUMBO BAG TOYS ,100,2011-09-29 12:31:00,1.79,14680.0,United Kingdom
C568879,20725,LUNCH BAG RED RETROSPOT,-50,2011-09-29 12:38:00,1.45,14680.0,United Kingdom
C568879,23204,CHARLOTTE BAG APPLES DESIGN,-50,2011-09-29 12:38:00,0.72,14680.0,United Kingdom
C568879,23208,LUNCH BAG VINTAGE LEAF DESIGN,-53,2011-09-29 12:38:00,1.45,14680.0,United Kingdom
C568879,23207,LUNCH BAG ALPHABET DESIGN,-82,2011-09-29 12:38:00,1.45,14680.0,United Kingdom
C568879,84992,72 SWEETHEART FAIRY CAKE CASES,-72,2011-09-29 12:38:00,0.42,14680.0,United Kingdom
C568879,21212,PACK OF 72 RETROSPOT CAKE CASES,-72,2011-09-29 12:38:00,0.42,14680.0,United Kingdom
C568879,21975,PACK OF 60 DINOSAUR CAKE CASES,-23,2011-09-29 12:38:00,0.42,14680.0,United Kingdom
C568879,22355,CHARLOTTE BAG SUKI DESIGN,-4,2011-09-29 12:38:00,0.72,14680.0,United Kingdom
C568879,20719,WOODLAND CHARLOTTE BAG,-20,2011-09-29 12:38:00,0.72,14680.0,United Kingdom
C568879,22356,CHARLOTTE BAG PINK POLKADOT,-13,2011-09-29 12:38:00,0.72,14680.0,United Kingdom
C568879,23205,CHARLOTTE BAG VINTAGE ALPHABET ,-70,2011-09-29 12:38:00,0.72,14680.0,United Kingdom
C568879,20728,LUNCH BAG CARS BLUE,-13,2011-09-29 12:38:00,1.45,14680.0,United Kingdom
C568879,84032B,CHARLIE + LOLA RED HOT WATER BOTTLE,-4,2011-09-29 12:38:00,2.95,14680.0,United Kingdom
C568879,84032A,CHARLIE+LOLA PINK HOT WATER BOTTLE,-4,2011-09-29 12:38:00,2.95,14680.0,United Kingdom
C568879,22112,CHOCOLATE HOT WATER BOTTLE,-7,2011-09-29 12:38:00,4.95,14680.0,United Kingdom
C568879,47566,PARTY BUNTING,-3,2011-09-29 12:38:00,4.15,14680.0,United Kingdom
C568879,21479,WHITE SKULL HOT WATER BOTTLE ,-22,2011-09-29 12:38:00,3.75,14680.0,United Kingdom
C568879,47566B,TEA TIME PARTY BUNTING,-33,2011-09-29 12:38:00,4.15,14680.0,United Kingdom
C568879,21668,RED STRIPE CERAMIC DRAWER KNOB,-6,2011-09-29 12:38:00,1.45,14680.0,United Kingdom
C568879,22354,RETROSPOT PADDED SEAT CUSHION,-1,2011-09-29 12:38:00,3.39,14680.0,United Kingdom
C568879,21936,RED RETROSPOT PICNIC BAG,-19,2011-09-29 12:38:00,2.95,14680.0,United Kingdom
C568879,22774,RED DRAWER KNOB ACRYLIC EDWARDIAN,-14,2011-09-29 12:38:00,1.25,14680.0,United Kingdom
C568879,22772,PINK DRAWER KNOB ACRYLIC EDWARDIAN,-2,2011-09-29 12:38:00,1.25,14680.0,United Kingdom
C568879,22771,CLEAR DRAWER KNOB ACRYLIC EDWARDIAN,-14,2011-09-29 12:38:00,1.25,14680.0,United Kingdom
C568879,22775,PURPLE DRAWERKNOB ACRYLIC EDWARDIAN,-20,2011-09-29 12:38:00,1.25,14680.0,United Kingdom
C568879,23256,CHILDRENS CUTLERY SPACEBOY ,-68,2011-09-29 12:38:00,3.75,14680.0,United Kingdom
C568884,85099B,JUMBO BAG RED RETROSPOT,-100,2011-09-29 12:49:00,1.79,14680.0,United Kingdom
C568884,23199,JUMBO BAG APPLES,-50,2011-09-29 12:49:00,1.79,14680.0,United Kingdom
C568884,47566,PARTY BUNTING,-50,2011-09-29 12:49:00,4.15,14680.0,United Kingdom
568998,46000S,POLYESTER FILLER PAD 40x40cm,125,2011-09-29 17:33:00,1.45,17905.0,United Kingdom
569104,21479,WHITE SKULL HOT WATER BOTTLE ,24,2011-09-30 12:30:00,3.75,15287.0,United Kingdom
569104,22650,CERAMIC PIRATE CHEST MONEY BANK,12,2011-09-30 12:30:00,1.45,15287.0,United Kingdom
569104,22553,PLASTERS IN TIN SKULLS,12,2011-09-30 12:30:00,1.65,15287.0,United Kingdom
569104,20727,LUNCH BAG  BLACK SKULL.,10,2011-09-30 12:30:00,1.65,15287.0,United Kingdom
569104,23002,TRAVEL CARD WALLET SKULLS,24,2011-09-30 12:30:00,0.42,15287.0,United Kingdom
569104,21504,SKULLS GREETING CARD,12,2011-09-30 12:30:00,0.42,15287.0,United Kingdom
569104,21427,SKULLS STORAGE BOX SMALL,6,2011-09-30 12:30:00,2.1,15287.0,United Kingdom
569104,21425,SKULLS STORAGE BOX LARGE,6,2011-09-30 12:30:00,2.95,15287.0,United Kingdom
569104,21679,SKULLS  STICKERS,12,2011-09-30 12:30:00,0.85,15287.0,United Kingdom
569104,21967,PACK OF 12 SKULL TISSUES,24,2011-09-30 12:30:00,0.39,15287.0,United Kingdom
569104,20982,12 PENCILS TALL TUBE SKULLS,12,2011-09-30 12:30:00,0.85,15287.0,United Kingdom
569104,21064,BOOM BOX SPEAKER BOYS,12,2011-09-30 12:30:00,5.95,15287.0,United Kingdom
569104,15060B,FAIRY CAKE DESIGN UMBRELLA,4,2011-09-30 12:30:00,3.75,15287.0,United Kingdom
569104,85014A,BLACK/BLUE POLKADOT UMBRELLA,3,2011-09-30 12:30:00,5.95,15287.0,United Kingdom
569104,85014B,RED RETROSPOT UMBRELLA,3,2011-09-30 12:30:00,5.95,15287.0,United Kingdom
569148,23130,MISTLETOE HEART WREATH GREEN,4,2011-09-30 15:52:00,4.15,16613.0,United Kingdom
569148,23129,HEART SHAPED HOLLY WREATH,4,2011-09-30 15:52:00,4.15,16613.0,United Kingdom
569148,22086,PAPER CHAIN KIT 50'S CHRISTMAS ,12,2011-09-30 15:52:00,2.95,16613.0,United Kingdom
569148,23221,REINDEER HEART DECORATION SILVER,24,2011-09-30 15:52:00,0.83,16613.0,United Kingdom
569148,23223,CHRISTMAS TREE HANGING SILVER ,24,2011-09-30 15:52:00,0.83,16613.0,United Kingdom
569148,84946,ANTIQUE SILVER T-LIGHT GLASS,12,2011-09-30 15:52:00,1.25,16613.0,United Kingdom
569148,85048,15CM CHRISTMAS GLASS BALL 20 LIGHTS,4,2011-09-30 15:52:00,7.95,16613.0,United Kingdom
569148,85123A,WHITE HANGING HEART T-LIGHT HOLDER,12,2011-09-30 15:52:00,2.95,16613.0,United Kingdom
569148,21259,VICTORIAN SEWING BOX SMALL ,2,2011-09-30 15:52:00,5.95,16613.0,United Kingdom
569148,22960,JAM MAKING SET WITH JARS,6,2011-09-30 15:52:00,4.25,16613.0,United Kingdom
569148,22969,HOMEMADE JAM SCENTED CANDLES,24,2011-09-30 15:52:00,1.45,16613.0,United Kingdom
569148,21790,VINTAGE SNAP CARDS,12,2011-09-30 15:52:00,0.85,16613.0,United Kingdom
569148,22549,PICTURE DOMINOES,12,2011-09-30 15:52:00,1.45,16613.0,United Kingdom
569148,21791,VINTAGE HEADS AND TAILS CARD GAME ,12,2011-09-30 15:52:00,1.25,16613.0,United Kingdom
569148,23229,VINTAGE DONKEY TAIL GAME ,6,2011-09-30 15:52:00,3.75,16613.0,United Kingdom
569148,21912,VINTAGE SNAKES & LADDERS,4,2011-09-30 15:52:00,3.75,16613.0,United Kingdom
569148,21891,TRADITIONAL WOODEN SKIPPING ROPE,12,2011-09-30 15:52:00,1.45,16613.0,United Kingdom
569148,21890,S/6 WOODEN SKITTLES IN COTTON BAG,6,2011-09-30 15:52:00,3.25,16613.0,United Kingdom
569148,22271,FELTCRAFT DOLL ROSIE,6,2011-09-30 15:52:00,2.95,16613.0,United Kingdom
569148,22273,FELTCRAFT DOLL MOLLY,6,2011-09-30 15:52:00,2.95,16613.0,United Kingdom
569148,22274,FELTCRAFT DOLL EMILY,6,2011-09-30 15:52:00,2.95,16613.0,United Kingdom
569148,22147,FELTCRAFT BUTTERFLY HEARTS,12,2011-09-30 15:52:00,1.45,16613.0,United Kingdom
569148,22149,FELTCRAFT 6 FLOWER FRIENDS,12,2011-09-30 15:52:00,2.1,16613.0,United Kingdom
569148,20828,GLITTER BUTTERFLY CLIPS,12,2011-09-30 15:52:00,2.55,16613.0,United Kingdom
569148,23356,LOVE HOT WATER BOTTLE,3,2011-09-30 15:52:00,5.95,16613.0,United Kingdom
569148,22113,GREY HEART HOT WATER BOTTLE,4,2011-09-30 15:52:00,4.25,16613.0,United Kingdom
569148,84030E,ENGLISH ROSE HOT WATER BOTTLE,4,2011-09-30 15:52:00,4.25,16613.0,United Kingdom
569148,22867,HAND WARMER BIRD DESIGN,12,2011-09-30 15:52:00,2.1,16613.0,United Kingdom
569148,23439,HAND WARMER RED LOVE HEART,12,2011-09-30 15:52:00,2.1,16613.0,United Kingdom
569148,84945,MULTI COLOUR SILVER T-LIGHT HOLDER,12,2011-09-30 15:52:00,0.85,16613.0,United Kingdom
569566,22727,ALARM CLOCK BAKELIKE RED ,20,2011-10-05 09:55:00,3.75,14739.0,United Kingdom
569566,22726,ALARM CLOCK BAKELIKE GREEN,20,2011-10-05 09:55:00,3.75,14739.0,United Kingdom
569566,84077,WORLD WAR 2 GLIDERS ASSTD DESIGNS,288,2011-10-05 09:55:00,0.21,14739.0,United Kingdom
569566,22178,VICTORIAN GLASS HANGING T-LIGHT,96,2011-10-05 09:55:00,1.65,14739.0,United Kingdom
569566,22738,RIBBON REEL SNOWY VILLAGE,30,2011-10-05 09:55:00,1.65,14739.0,United Kingdom
569566,22737,RIBBON REEL CHRISTMAS PRESENT ,20,2011-10-05 09:55:00,1.65,14739.0,United Kingdom
569566,22739,RIBBON REEL CHRISTMAS SOCK BAUBLE,30,2011-10-05 09:55:00,1.65,14739.0,United Kingdom
569566,22736,RIBBON REEL MAKING SNOWMEN ,30,2011-10-05 09:55:00,1.65,14739.0,United Kingdom
569566,23117,POPPY FIELDS CHOPPING BOARD,6,2011-10-05 09:55:00,4.95,14739.0,United Kingdom
569566,23114,VINTAGE LEAF CHOPPING BOARD  ,6,2011-10-05 09:55:00,4.95,14739.0,United Kingdom
C569987,22439,6 ROCKET BALLOONS ,-40,2011-10-06 19:54:00,0.65,18194.0,United Kingdom
C569987,22027,TEA PARTY BIRTHDAY CARD,-144,2011-10-06 19:54:00,0.36,18194.0,United Kingdom
570342,22147,FELTCRAFT BUTTERFLY HEARTS,12,2011-10-10 12:26:00,1.45,17706.0,United Kingdom
570342,22621,TRADITIONAL KNITTING NANCY,12,2011-10-10 12:26:00,1.65,17706.0,United Kingdom
570342,23494,VINTAGE DOILY DELUXE SEWING KIT ,12,2011-10-10 12:26:00,5.95,17706.0,United Kingdom
570342,23165,LARGE CERAMIC TOP STORAGE JAR,12,2011-10-10 12:26:00,1.65,17706.0,United Kingdom
570342,23426,METAL SIGN DROP YOUR PANTS,12,2011-10-10 12:26:00,2.89,17706.0,United Kingdom
570342,71053,WHITE METAL LANTERN,6,2011-10-10 12:26:00,3.75,17706.0,United Kingdom
570342,23404,HOME SWEET HOME BLACKBOARD,12,2011-10-10 12:26:00,4.95,17706.0,United Kingdom
570342,23413,VINTAGE COFFEE GRINDER BOX,12,2011-10-10 12:26:00,4.95,17706.0,United Kingdom
570342,22142,CHRISTMAS CRAFT WHITE FAIRY ,24,2011-10-10 12:26:00,1.45,17706.0,United Kingdom
570342,22141,CHRISTMAS CRAFT TREE TOP ANGEL,24,2011-10-10 12:26:00,2.1,17706.0,United Kingdom
570342,21257,VICTORIAN SEWING BOX MEDIUM,6,2011-10-10 12:26:00,7.95,17706.0,United Kingdom
570342,23137,ZINC WIRE SWEETHEART LETTER TRAY,6,2011-10-10 12:26:00,3.75,17706.0,United Kingdom
570342,21539,RED RETROSPOT BUTTER DISH,6,2011-10-10 12:26:00,4.95,17706.0,United Kingdom
570342,22892,SET OF SALT AND PEPPER TOADSTOOLS,12,2011-10-10 12:26:00,1.25,17706.0,United Kingdom
570342,22891,TEA FOR ONE POLKADOT,6,2011-10-10 12:26:00,4.25,17706.0,United Kingdom
570342,22625,RED KITCHEN SCALES,2,2011-10-10 12:26:00,8.5,17706.0,United Kingdom
570342,22624,IVORY KITCHEN SCALES,3,2011-10-10 12:26:00,8.5,17706.0,United Kingdom
570342,22467,GUMBALL COAT RACK,6,2011-10-10 12:26:00,2.55,17706.0,United Kingdom
570342,22429,ENAMEL MEASURING JUG CREAM,3,2011-10-10 12:26:00,4.25,17706.0,United Kingdom
570342,22427,ENAMEL FLOWER JUG CREAM,6,2011-10-10 12:26:00,5.95,17706.0,United Kingdom
570342,22424,ENAMEL BREAD BIN CREAM,4,2011-10-10 12:26:00,12.75,17706.0,United Kingdom
570342,22423,REGENCY CAKESTAND 3 TIER,4,2011-10-10 12:26:00,12.75,17706.0,United Kingdom
570342,22348,TEA BAG PLATE RED RETROSPOT,6,2011-10-10 12:26:00,0.85,17706.0,United Kingdom
570342,22193,RED DINER WALL CLOCK,3,2011-10-10 12:26:00,8.5,17706.0,United Kingdom
570342,22191,IVORY DINER WALL CLOCK,3,2011-10-10 12:26:00,8.5,17706.0,United Kingdom
570342,21479,WHITE SKULL HOT WATER BOTTLE ,4,2011-10-10 12:26:00,4.25,17706.0,United Kingdom
570342,22115,METAL SIGN EMPIRE TEA,12,2011-10-10 12:26:00,0.79,17706.0,United Kingdom
570342,21922,UNION STRIPE WITH FRINGE  HAMMOCK,6,2011-10-10 12:26:00,7.95,17706.0,United Kingdom
570342,21914,BLUE HARMONICA IN BOX ,12,2011-10-10 12:26:00,1.25,17706.0,United Kingdom
570342,21907,I'M ON HOLIDAY METAL SIGN,12,2011-10-10 12:26:00,2.1,17706.0,United Kingdom
570342,21682,LARGE MEDINA STAMPED METAL BOWL ,4,2011-10-10 12:26:00,4.95,17706.0,United Kingdom
570342,85152,HAND OVER THE CHOCOLATE   SIGN ,12,2011-10-10 12:26:00,2.1,17706.0,United Kingdom
570342,85123A,WHITE HANGING HEART T-LIGHT HOLDER,12,2011-10-10 12:26:00,2.95,17706.0,United Kingdom
570342,85099B,JUMBO BAG RED RETROSPOT,20,2011-10-10 12:26:00,2.08,17706.0,United Kingdom
570342,21340,CLASSIC METAL BIRDCAGE PLANT HOLDER,5,2011-10-10 12:26:00,12.75,17706.0,United Kingdom
570342,21231,SWEETHEART CERAMIC TRINKET BOX,12,2011-10-10 12:26:00,1.25,17706.0,United Kingdom
570342,21175,GIN + TONIC DIET METAL SIGN,12,2011-10-10 12:26:00,2.55,17706.0,United Kingdom
570342,21174,POTTERING IN THE SHED METAL SIGN,12,2011-10-10 12:26:00,2.08,17706.0,United Kingdom
570342,21169,YOU'RE CONFUSING ME METAL SIGN ,12,2011-10-10 12:26:00,1.69,17706.0,United Kingdom
570342,21080,SET/20 RED RETROSPOT PAPER NAPKINS ,12,2011-10-10 12:26:00,0.85,17706.0,United Kingdom
570342,20754,RETROSPOT RED WASHING UP GLOVES,6,2011-10-10 12:26:00,2.1,17706.0,United Kingdom
570342,15036,ASSORTED COLOURS SILK FAN,36,2011-10-10 12:26:00,0.83,17706.0,United Kingdom
570342,17003,BROCADE RING PURSE ,36,2011-10-10 12:26:00,0.39,17706.0,United Kingdom
570342,85066,CREAM SWEETHEART MINI CHEST,4,2011-10-10 12:26:00,12.75,17706.0,United Kingdom
570342,22139,RETROSPOT TEA SET CERAMIC 11 PC ,4,2011-10-10 12:26:00,4.95,17706.0,United Kingdom
570353,21258,VICTORIAN SEWING BOX LARGE,3,2011-10-10 12:29:00,12.75,17706.0,United Kingdom
570353,84029E,RED WOOLLY HOTTIE WHITE HEART.,6,2011-10-10 12:29:00,4.25,17706.0,United Kingdom
570353,21181,PLEASE ONE PERSON METAL SIGN,12,2011-10-10 12:29:00,2.1,17706.0,United Kingdom
570353,21166,COOK WITH WINE METAL SIGN ,12,2011-10-10 12:29:00,2.08,17706.0,United Kingdom
571122,21326,AGED GLASS SILVER T-LIGHT HOLDER,36,2011-10-14 09:28:00,0.65,16566.0,United Kingdom
571122,22791,T-LIGHT GLASS FLUTED ANTIQUE,12,2011-10-14 09:28:00,1.25,16566.0,United Kingdom
571289,82552,WASHROOM METAL SIGN,1,2011-10-16 15:27:00,1.45,15113.0,United Kingdom
571289,22488,NATURAL SLATE RECTANGLE CHALKBOARD,1,2011-10-16 15:27:00,1.65,15113.0,United Kingdom
571289,22675,FRENCH KITCHEN SIGN BLUE METAL,1,2011-10-16 15:27:00,1.25,15113.0,United Kingdom
571289,23215,JINGLE BELL HEART ANTIQUE SILVER,8,2011-10-16 15:27:00,2.08,15113.0,United Kingdom
571289,23025,DRAWER KNOB VINTAGE GLASS BALL,2,2011-10-16 15:27:00,2.08,15113.0,United Kingdom
571289,23035,DRAWER KNOB CERAMIC IVORY,2,2011-10-16 15:27:00,1.45,15113.0,United Kingdom
571289,21669,BLUE STRIPE CERAMIC DRAWER KNOB,2,2011-10-16 15:27:00,1.45,15113.0,United Kingdom
571289,22273,FELTCRAFT DOLL MOLLY,1,2011-10-16 15:27:00,2.95,15113.0,United Kingdom
571289,23075,PARLOUR CERAMIC WALL HOOK,4,2011-10-16 15:27:00,4.15,15113.0,United Kingdom
571289,21770,OPEN CLOSED METAL SIGN,1,2011-10-16 15:27:00,4.95,15113.0,United Kingdom
571289,22555,PLASTERS IN TIN STRONGMAN,2,2011-10-16 15:27:00,1.65,15113.0,United Kingdom
571289,23202,JUMBO BAG VINTAGE LEAF,1,2011-10-16 15:27:00,2.08,15113.0,United Kingdom
571289,20718,RED RETROSPOT SHOPPER BAG,2,2011-10-16 15:27:00,1.25,15113.0,United Kingdom
571289,84077,WORLD WAR 2 GLIDERS ASSTD DESIGNS,144,2011-10-16 15:27:00,0.29,15113.0,United Kingdom
571289,22551,PLASTERS IN TIN SPACEBOY,24,2011-10-16 15:27:00,1.65,15113.0,United Kingdom
571289,22555,PLASTERS IN TIN STRONGMAN,24,2011-10-16 15:27:00,1.65,15113.0,United Kingdom
571289,21790,VINTAGE SNAP CARDS,48,2011-10-16 15:27:00,0.85,15113.0,United Kingdom
571289,22385,JUMBO BAG SPACEBOY DESIGN,2,2011-10-16 15:27:00,2.08,15113.0,United Kingdom
571289,22411,JUMBO SHOPPER VINTAGE RED PAISLEY,2,2011-10-16 15:27:00,2.08,15113.0,United Kingdom
571289,21931,JUMBO STORAGE BAG SUKI,2,2011-10-16 15:27:00,2.08,15113.0,United Kingdom
571289,20682,RED RETROSPOT CHILDRENS UMBRELLA,24,2011-10-16 15:27:00,3.25,15113.0,United Kingdom
571289,20685,DOORMAT RED RETROSPOT,24,2011-10-16 15:27:00,7.08,15113.0,United Kingdom
571289,21889,WOODEN BOX OF DOMINOES,36,2011-10-16 15:27:00,1.25,15113.0,United Kingdom
571289,21914,BLUE HARMONICA IN BOX ,12,2011-10-16 15:27:00,1.25,15113.0,United Kingdom
571289,21915,RED  HARMONICA IN BOX ,12,2011-10-16 15:27:00,1.25,15113.0,United Kingdom
571289,21733,RED HANGING HEART T-LIGHT HOLDER,32,2011-10-16 15:27:00,2.55,15113.0,United Kingdom
571289,85123A,WHITE HANGING HEART T-LIGHT HOLDER,25,2011-10-16 15:27:00,2.95,15113.0,United Kingdom
571289,20974,12 PENCILS SMALL TUBE SKULL,48,2011-10-16 15:27:00,0.65,15113.0,United Kingdom
571289,23196,VINTAGE LEAF MAGNETIC NOTEPAD,24,2011-10-16 15:27:00,1.45,15113.0,United Kingdom
571289,23198,PANTRY MAGNETIC  SHOPPING LIST,24,2011-10-16 15:27:00,1.45,15113.0,United Kingdom
571289,23132,SMALL IVORY HEART WALL ORGANISER,6,2011-10-16 15:27:00,5.75,15113.0,United Kingdom
571289,22992,REVOLVER WOODEN RULER ,24,2011-10-16 15:27:00,1.95,15113.0,United Kingdom
571289,22991,GIRAFFE WOODEN RULER,36,2011-10-16 15:27:00,1.95,15113.0,United Kingdom
571289,22082,RIBBON REEL STRIPES DESIGN ,5,2011-10-16 15:27:00,1.65,15113.0,United Kingdom
571289,22080,RIBBON REEL POLKADOTS ,5,2011-10-16 15:27:00,1.65,15113.0,United Kingdom
571289,22079,RIBBON REEL HEARTS DESIGN ,5,2011-10-16 15:27:00,1.65,15113.0,United Kingdom
571289,23169,CLASSIC GLASS COOKIE JAR,5,2011-10-16 15:27:00,4.15,15113.0,United Kingdom
571289,84947,ANTIQUE SILVER TEA GLASS ENGRAVED,48,2011-10-16 15:27:00,1.25,15113.0,United Kingdom
571289,84945,MULTI COLOUR SILVER T-LIGHT HOLDER,36,2011-10-16 15:27:00,0.85,15113.0,United Kingdom
571289,21326,AGED GLASS SILVER T-LIGHT HOLDER,12,2011-10-16 15:27:00,0.65,15113.0,United Kingdom
571289,84945,MULTI COLOUR SILVER T-LIGHT HOLDER,12,2011-10-16 15:27:00,0.85,15113.0,United Kingdom
571289,23368,SET 12 COLOUR PENCILS DOLLY GIRL ,48,2011-10-16 15:27:00,0.65,15113.0,United Kingdom
571289,23367,SET 12 COLOUR PENCILS SPACEBOY ,48,2011-10-16 15:27:00,0.65,15113.0,United Kingdom
571289,22077,6 RIBBONS RUSTIC CHARM,24,2011-10-16 15:27:00,1.95,15113.0,United Kingdom
571289,22904,CALENDAR PAPER CUT DESIGN,40,2011-10-16 15:27:00,2.95,15113.0,United Kingdom
571289,22299,PIG KEYRING WITH LIGHT & SOUND ,24,2011-10-16 15:27:00,1.25,15113.0,United Kingdom
571289,85099B,JUMBO BAG RED RETROSPOT,2,2011-10-16 15:27:00,2.08,15113.0,United Kingdom
571289,23201,JUMBO BAG ALPHABET,2,2011-10-16 15:27:00,2.08,15113.0,United Kingdom
571289,23390,DOLLY GIRL MINI BACKPACK,10,2011-10-16 15:27:00,4.15,15113.0,United Kingdom
571289,23389,SPACEBOY MINI BACKPACK,11,2011-10-16 15:27:00,4.15,15113.0,United Kingdom
571289,22966,GINGERBREAD MAN COOKIE CUTTER,30,2011-10-16 15:27:00,1.25,15113.0,United Kingdom
571289,M,Manual,1,2011-10-16 15:27:00,0.39,15113.0,United Kingdom
571289,22960,JAM MAKING SET WITH JARS,12,2011-10-16 15:27:00,3.75,15113.0,United Kingdom
571289,16014,SMALL CHINESE STYLE SCISSOR,10,2011-10-16 15:27:00,0.42,15113.0,United Kingdom
571289,21172,PARTY METAL SIGN ,48,2011-10-16 15:27:00,1.45,15113.0,United Kingdom
571289,22457,NATURAL SLATE HEART CHALKBOARD ,12,2011-10-16 15:27:00,2.95,15113.0,United Kingdom
571289,22941,CHRISTMAS LIGHTS 10 REINDEER,2,2011-10-16 15:27:00,8.5,15113.0,United Kingdom
571289,22961,JAM MAKING SET PRINTED,48,2011-10-16 15:27:00,1.45,15113.0,United Kingdom
571289,21977,PACK OF 60 PINK PAISLEY CAKE CASES,24,2011-10-16 15:27:00,0.55,15113.0,United Kingdom
571289,23308,SET OF 60 VINTAGE LEAF CAKE CASES ,24,2011-10-16 15:27:00,0.55,15113.0,United Kingdom
571289,21212,PACK OF 72 RETROSPOT CAKE CASES,24,2011-10-16 15:27:00,0.55,15113.0,United Kingdom
571289,84279P,CHERRY BLOSSOM  DECORATIVE FLASK,5,2011-10-16 15:27:00,3.75,15113.0,United Kingdom
571289,21871,SAVE THE PLANET MUG,24,2011-10-16 15:27:00,1.65,15113.0,United Kingdom
571289,21070,VINTAGE BILLBOARD MUG ,12,2011-10-16 15:27:00,1.25,15113.0,United Kingdom
571289,23133,LARGE IVORY HEART WALL ORGANISER,6,2011-10-16 15:27:00,8.25,15113.0,United Kingdom
571289,23132,SMALL IVORY HEART WALL ORGANISER,6,2011-10-16 15:27:00,5.75,15113.0,United Kingdom
571289,22791,T-LIGHT GLASS FLUTED ANTIQUE,24,2011-10-16 15:27:00,1.25,15113.0,United Kingdom
571289,21070,VINTAGE BILLBOARD MUG ,6,2011-10-16 15:27:00,1.25,15113.0,United Kingdom
571289,21071,VINTAGE BILLBOARD DRINK ME MUG,6,2011-10-16 15:27:00,1.25,15113.0,United Kingdom
571289,22791,T-LIGHT GLASS FLUTED ANTIQUE,24,2011-10-16 15:27:00,1.25,15113.0,United Kingdom
571289,21326,AGED GLASS SILVER T-LIGHT HOLDER,36,2011-10-16 15:27:00,0.65,15113.0,United Kingdom
571289,23144,ZINC T-LIGHT HOLDER STARS SMALL,48,2011-10-16 15:27:00,0.83,15113.0,United Kingdom
571289,21481,FAWN BLUE HOT WATER BOTTLE,18,2011-10-16 15:27:00,3.75,15113.0,United Kingdom
571289,22457,NATURAL SLATE HEART CHALKBOARD ,12,2011-10-16 15:27:00,2.95,15113.0,United Kingdom
571289,21479,WHITE SKULL HOT WATER BOTTLE ,12,2011-10-16 15:27:00,4.25,15113.0,United Kingdom
C571329,23413,VINTAGE COFFEE GRINDER BOX,-12,2011-10-17 11:32:00,4.15,17706.0,United Kingdom
C571329,22892,SET OF SALT AND PEPPER TOADSTOOLS,-1,2011-10-17 11:32:00,1.0,17706.0,United Kingdom
571413,22029,SPACEBOY BIRTHDAY CARD,12,2011-10-17 12:33:00,0.42,13923.0,United Kingdom
571413,22024,RAINY LADIES BIRTHDAY CARD,12,2011-10-17 12:33:00,0.42,13923.0,United Kingdom
571413,22809,SET OF 6 T-LIGHTS SANTA,12,2011-10-17 12:33:00,2.95,13923.0,United Kingdom
571413,22025,RING OF ROSES BIRTHDAY CARD,12,2011-10-17 12:33:00,0.42,13923.0,United Kingdom
571413,21507,ELEPHANT BIRTHDAY CARD ,12,2011-10-17 12:33:00,0.42,13923.0,United Kingdom
571413,22816,CARD MOTORBIKE SANTA,12,2011-10-17 12:33:00,0.42,13923.0,United Kingdom
571413,23382,BOX OF 6 CHRISTMAS CAKE DECORATIONS,4,2011-10-17 12:33:00,3.75,13923.0,United Kingdom
571413,21259,VICTORIAN SEWING BOX SMALL ,2,2011-10-17 12:33:00,5.95,13923.0,United Kingdom
571413,23132,SMALL IVORY HEART WALL ORGANISER,3,2011-10-17 12:33:00,5.75,13923.0,United Kingdom
571413,23133,LARGE IVORY HEART WALL ORGANISER,2,2011-10-17 12:33:00,8.25,13923.0,United Kingdom
571413,22170,PICTURE FRAME WOOD TRIPLE PORTRAIT,4,2011-10-17 12:33:00,6.75,13923.0,United Kingdom
571413,22169,FAMILY ALBUM WHITE PICTURE FRAME,2,2011-10-17 12:33:00,8.5,13923.0,United Kingdom
571413,22413,METAL SIGN TAKE IT OR LEAVE IT ,12,2011-10-17 12:33:00,2.95,13923.0,United Kingdom
571413,22672,FRENCH BATHROOM SIGN BLUE METAL,12,2011-10-17 12:33:00,1.65,13923.0,United Kingdom
571413,22674,FRENCH TOILET SIGN BLUE METAL,12,2011-10-17 12:33:00,1.25,13923.0,United Kingdom
571413,22675,FRENCH KITCHEN SIGN BLUE METAL,12,2011-10-17 12:33:00,1.25,13923.0,United Kingdom
571413,22115,METAL SIGN EMPIRE TEA,12,2011-10-17 12:33:00,0.79,13923.0,United Kingdom
571413,21175,GIN + TONIC DIET METAL SIGN,12,2011-10-17 12:33:00,2.55,13923.0,United Kingdom
571413,22117,METAL SIGN HER DINNER IS SERVED ,12,2011-10-17 12:33:00,2.95,13923.0,United Kingdom
571413,21903,MAN FLU METAL SIGN,12,2011-10-17 12:33:00,2.1,13923.0,United Kingdom
572307,21494,ROTATING LEAVES T-LIGHT HOLDER,20,2011-10-23 15:23:00,1.25,16905.0,United Kingdom
572307,23157,SET OF 6 NATIVITY MAGNETS ,12,2011-10-23 15:23:00,2.08,16905.0,United Kingdom
572307,22940,FELTCRAFT CHRISTMAS FAIRY,1,2011-10-23 15:23:00,4.25,16905.0,United Kingdom
572307,23491,VINTAGE JINGLE BELLS HEART,12,2011-10-23 15:23:00,8.25,16905.0,United Kingdom
572307,21819,GLITTER CHRISTMAS STAR ,6,2011-10-23 15:23:00,0.39,16905.0,United Kingdom
572307,21822,GLITTER CHRISTMAS TREE WITH BELLS,12,2011-10-23 15:23:00,0.79,16905.0,United Kingdom
572307,22940,FELTCRAFT CHRISTMAS FAIRY,6,2011-10-23 15:23:00,4.25,16905.0,United Kingdom
572307,84347,ROTATING SILVER ANGELS T-LIGHT HLDR,24,2011-10-23 15:23:00,2.55,16905.0,United Kingdom
572307,23131,MISTLETOE HEART WREATH CREAM,18,2011-10-23 15:23:00,4.15,16905.0,United Kingdom
572307,23489,VINTAGE BELLS GARLAND,20,2011-10-23 15:23:00,2.89,16905.0,United Kingdom
572307,23085,ANTIQUE SILVER BAUBLE LAMP  ,3,2011-10-23 15:23:00,10.4,16905.0,United Kingdom
572307,23103,JINGLE BELL HEART DECORATION,24,2011-10-23 15:23:00,1.65,16905.0,United Kingdom
572307,22580,ADVENT CALENDAR GINGHAM SACK,6,2011-10-23 15:23:00,5.95,16905.0,United Kingdom
572307,22144,CHRISTMAS CRAFT LITTLE FRIENDS,7,2011-10-23 15:23:00,2.1,16905.0,United Kingdom
572307,21034,REX CASH+CARRY JUMBO SHOPPER,1,2011-10-23 15:23:00,0.95,16905.0,United Kingdom
572307,22141,CHRISTMAS CRAFT TREE TOP ANGEL,11,2011-10-23 15:23:00,2.1,16905.0,United Kingdom
572307,23085,ANTIQUE SILVER BAUBLE LAMP  ,2,2011-10-23 15:23:00,10.4,16905.0,United Kingdom
572307,23211,RED ROCKING HORSE HAND PAINTED,10,2011-10-23 15:23:00,1.25,16905.0,United Kingdom
572307,21818,GLITTER HEART DECORATION,10,2011-10-23 15:23:00,0.39,16905.0,United Kingdom
572307,21819,GLITTER CHRISTMAS STAR ,10,2011-10-23 15:23:00,0.39,16905.0,United Kingdom
572307,23332,IVORY WICKER HEART LARGE,10,2011-10-23 15:23:00,1.65,16905.0,United Kingdom
572307,23058,CHRISTMAS HANGING SNOWFLAKE,12,2011-10-23 15:23:00,0.79,16905.0,United Kingdom
572307,22295,HEART FILIGREE DOVE LARGE,10,2011-10-23 15:23:00,1.65,16905.0,United Kingdom
572307,21818,GLITTER HEART DECORATION,36,2011-10-23 15:23:00,0.39,16905.0,United Kingdom
572307,23210,WHITE ROCKING HORSE HAND PAINTED,8,2011-10-23 15:23:00,1.25,16905.0,United Kingdom
572307,22142,CHRISTMAS CRAFT WHITE FAIRY ,6,2011-10-23 15:23:00,1.45,16905.0,United Kingdom
572307,22575,METAL MERRY CHRISTMAS WREATH,8,2011-10-23 15:23:00,1.95,16905.0,United Kingdom
572307,21819,GLITTER CHRISTMAS STAR ,36,2011-10-23 15:23:00,0.39,16905.0,United Kingdom
572307,23482,PEARLISED IVORY HEART LARGE ,12,2011-10-23 15:23:00,1.65,16905.0,United Kingdom
572307,23215,JINGLE BELL HEART ANTIQUE SILVER,24,2011-10-23 15:23:00,2.08,16905.0,United Kingdom
572307,22158,3 HEARTS HANGING DECORATION RUSTIC,8,2011-10-23 15:23:00,2.95,16905.0,United Kingdom
572307,22457,NATURAL SLATE HEART CHALKBOARD ,5,2011-10-23 15:23:00,2.95,16905.0,United Kingdom
572307,22158,3 HEARTS HANGING DECORATION RUSTIC,8,2011-10-23 15:23:00,2.95,16905.0,United Kingdom
572307,21822,GLITTER CHRISTMAS TREE WITH BELLS,12,2011-10-23 15:23:00,0.79,16905.0,United Kingdom
572307,22666,RECIPE BOX PANTRY YELLOW DESIGN,6,2011-10-23 15:23:00,2.95,16905.0,United Kingdom
572307,82483,WOOD 2 DRAWER CABINET WHITE FINISH,4,2011-10-23 15:23:00,6.95,16905.0,United Kingdom
572307,82486,3 DRAWER ANTIQUE WHITE WOOD CABINET,4,2011-10-23 15:23:00,8.95,16905.0,United Kingdom
572307,15056BL,EDWARDIAN PARASOL BLACK,2,2011-10-23 15:23:00,5.95,16905.0,United Kingdom
572307,20679,EDWARDIAN PARASOL RED,2,2011-10-23 15:23:00,5.95,16905.0,United Kingdom
572307,15056N,EDWARDIAN PARASOL NATURAL,2,2011-10-23 15:23:00,5.95,16905.0,United Kingdom
572307,17084P,DRAGONS BLOOD INCENSE,25,2011-10-23 15:23:00,0.21,16905.0,United Kingdom
572307,15044C,PURPLE PAPER PARASOL,1,2011-10-23 15:23:00,2.95,16905.0,United Kingdom
572307,85066,CREAM SWEETHEART MINI CHEST,2,2011-10-23 15:23:00,12.75,16905.0,United Kingdom
572307,22078,RIBBON REEL LACE DESIGN ,1,2011-10-23 15:23:00,2.1,16905.0,United Kingdom
572307,23158,SET OF 5 LUCKY CAT MAGNETS ,24,2011-10-23 15:23:00,2.08,16905.0,United Kingdom
572307,20828,GLITTER BUTTERFLY CLIPS,4,2011-10-23 15:23:00,2.55,16905.0,United Kingdom
572307,21484,CHICK GREY HOT WATER BOTTLE,3,2011-10-23 15:23:00,4.25,16905.0,United Kingdom
572307,23356,LOVE HOT WATER BOTTLE,3,2011-10-23 15:23:00,5.95,16905.0,United Kingdom
572307,22111,SCOTTIE DOG HOT WATER BOTTLE,3,2011-10-23 15:23:00,4.95,16905.0,United Kingdom
572307,22113,GREY HEART HOT WATER BOTTLE,6,2011-10-23 15:23:00,4.25,16905.0,United Kingdom
572307,21034,REX CASH+CARRY JUMBO SHOPPER,2,2011-10-23 15:23:00,0.95,16905.0,United Kingdom
572307,20971,PINK BLUE FELT CRAFT TRINKET BOX,2,2011-10-23 15:23:00,1.25,16905.0,United Kingdom
572307,23439,HAND WARMER RED LOVE HEART,3,2011-10-23 15:23:00,2.1,16905.0,United Kingdom
572307,22867,HAND WARMER BIRD DESIGN,3,2011-10-23 15:23:00,2.1,16905.0,United Kingdom
572307,22780,LIGHT GARLAND BUTTERFILES PINK,1,2011-10-23 15:23:00,4.25,16905.0,United Kingdom
572307,22779,WOODEN OWLS LIGHT GARLAND ,2,2011-10-23 15:23:00,4.25,16905.0,United Kingdom
572307,22780,LIGHT GARLAND BUTTERFILES PINK,2,2011-10-23 15:23:00,4.25,16905.0,United Kingdom
572307,22423,REGENCY CAKESTAND 3 TIER,2,2011-10-23 15:23:00,12.75,16905.0,United Kingdom
572307,22147,FELTCRAFT BUTTERFLY HEARTS,5,2011-10-23 15:23:00,1.45,16905.0,United Kingdom
572307,23491,VINTAGE JINGLE BELLS HEART,2,2011-10-23 15:23:00,8.25,16905.0,United Kingdom
572307,84360,TABLE LAMP WHITE SHADE WOOD BASE,3,2011-10-23 15:23:00,5.95,16905.0,United Kingdom
572860,21108,FAIRY CAKE FLANNEL ASSORTED COLOUR,18,2011-10-26 12:42:00,0.79,17470.0,United Kingdom
572860,21811,HANGING HEART WITH BELL,48,2011-10-26 12:42:00,0.39,17470.0,United Kingdom
572860,22065,CHRISTMAS PUDDING TRINKET POT ,48,2011-10-26 12:42:00,0.39,17470.0,United Kingdom
572860,21824,PAINTED METAL STAR WITH HOLLY BELLS,24,2011-10-26 12:42:00,0.39,17470.0,United Kingdom
572860,22187,GREEN CHRISTMAS TREE CARD HOLDER,12,2011-10-26 12:42:00,1.95,17470.0,United Kingdom
572860,22597,MUSICAL ZINC HEART DECORATION ,72,2011-10-26 12:42:00,0.29,17470.0,United Kingdom
572860,22115,METAL SIGN EMPIRE TEA,12,2011-10-26 12:42:00,0.79,17470.0,United Kingdom
572860,84596F,SMALL MARSHMALLOWS PINK BOWL,16,2011-10-26 12:42:00,0.42,17470.0,United Kingdom
572860,84596B,SMALL DOLLY MIX DESIGN ORANGE BOWL,16,2011-10-26 12:42:00,0.42,17470.0,United Kingdom
572860,35599B,BLACK CHRISTMAS TREE 120CM,6,2011-10-26 12:42:00,1.95,17470.0,United Kingdom
572860,21213,PACK OF 72 SKULL CAKE CASES,24,2011-10-26 12:42:00,0.55,17470.0,United Kingdom
572860,22952,60 CAKE CASES VINTAGE CHRISTMAS,24,2011-10-26 12:42:00,0.55,17470.0,United Kingdom
572860,20982,12 PENCILS TALL TUBE SKULLS,12,2011-10-26 12:42:00,0.85,17470.0,United Kingdom
572860,84755,COLOUR GLASS T-LIGHT HOLDER HANGING,16,2011-10-26 12:42:00,0.65,17470.0,United Kingdom
572860,21905,MORE BUTTER METAL SIGN ,12,2011-10-26 12:42:00,0.79,17470.0,United Kingdom
572860,20727,LUNCH BAG  BLACK SKULL.,10,2011-10-26 12:42:00,1.65,17470.0,United Kingdom
572860,22383,LUNCH BAG SUKI DESIGN ,10,2011-10-26 12:42:00,1.65,17470.0,United Kingdom
572860,22109,FULL ENGLISH BREAKFAST PLATE,4,2011-10-26 12:42:00,3.75,17470.0,United Kingdom
572860,22947,WOODEN ADVENT CALENDAR RED,6,2011-10-26 12:42:00,7.95,17470.0,United Kingdom
572860,20725,LUNCH BAG RED RETROSPOT,10,2011-10-26 12:42:00,1.65,17470.0,United Kingdom
572875,23084,RABBIT NIGHT LIGHT,12,2011-10-26 13:31:00,1.67,17706.0,United Kingdom
572877,23485,BOTANICAL GARDENS WALL CLOCK ,6,2011-10-26 13:31:00,25.0,17706.0,United Kingdom
572877,23489,VINTAGE BELLS GARLAND,12,2011-10-26 13:31:00,2.89,17706.0,United Kingdom
572877,23487,SWEET HEART CAKE CARRIER,6,2011-10-26 13:31:00,9.95,17706.0,United Kingdom
C573260,22650,CERAMIC PIRATE CHEST MONEY BANK,-1,2011-10-28 12:27:00,1.45,15287.0,United Kingdom
573270,22161,HEART DECORATION RUSTIC HANGING ,24,2011-10-28 13:00:00,0.19,17418.0,United Kingdom
573270,22577,WOODEN HEART CHRISTMAS SCANDINAVIAN,24,2011-10-28 13:00:00,0.29,17418.0,United Kingdom
573270,35967,FOLK ART METAL STAR T-LIGHT HOLDER,12,2011-10-28 13:00:00,0.38,17418.0,United Kingdom
573270,85123A,WHITE HANGING HEART T-LIGHT HOLDER,6,2011-10-28 13:00:00,2.95,17418.0,United Kingdom
573270,23382,BOX OF 6 CHRISTMAS CAKE DECORATIONS,4,2011-10-28 13:00:00,3.75,17418.0,United Kingdom
573270,85048,15CM CHRISTMAS GLASS BALL 20 LIGHTS,2,2011-10-28 13:00:00,7.95,17418.0,United Kingdom
573270,22632,HAND WARMER RED RETROSPOT,12,2011-10-28 13:00:00,2.1,17418.0,United Kingdom
573270,85135C,RED DRAGONFLY HELICOPTER,4,2011-10-28 13:00:00,7.95,17418.0,United Kingdom
573270,23080,RED METAL BOX TOP SECRET,4,2011-10-28 13:00:00,8.25,17418.0,United Kingdom
573270,23081,GREEN METAL BOX ARMY SUPPLIES,4,2011-10-28 13:00:00,8.25,17418.0,United Kingdom
573270,22617,BAKING SET SPACEBOY DESIGN,3,2011-10-28 13:00:00,4.95,17418.0,United Kingdom
573270,22139,RETROSPOT TEA SET CERAMIC 11 PC ,3,2011-10-28 13:00:00,4.95,17418.0,United Kingdom
573270,23205,CHARLOTTE BAG VINTAGE ALPHABET ,10,2011-10-28 13:00:00,0.85,17418.0,United Kingdom
573270,23293,SET OF 12 FAIRY CAKE BAKING CASES,8,2011-10-28 13:00:00,0.83,17418.0,United Kingdom
573270,85099B,JUMBO BAG RED RETROSPOT,10,2011-10-28 13:00:00,2.08,17418.0,United Kingdom
573270,16225,RATTLE SNAKE EGGS,12,2011-10-28 13:00:00,1.25,17418.0,United Kingdom
573270,23132,SMALL IVORY HEART WALL ORGANISER,3,2011-10-28 13:00:00,5.75,17418.0,United Kingdom
573270,22380,TOY TIDY SPACEBOY  ,5,2011-10-28 13:00:00,2.1,17418.0,United Kingdom
C576108,20685,DOORMAT RED RETROSPOT,-24,2011-11-14 10:32:00,7.08,15113.0,United Kingdom
576111,20686,DOLLY MIXTURE CHILDREN'S UMBRELLA,24,2011-11-14 10:33:00,3.25,15113.0,United Kingdom
576359,20713,JUMBO BAG OWLS,100,2011-11-14 16:59:00,1.79,14680.0,United Kingdom
576359,85099C,JUMBO  BAG BAROQUE BLACK WHITE,100,2011-11-14 16:59:00,1.79,14680.0,United Kingdom
576359,22386,JUMBO BAG PINK POLKADOT,100,2011-11-14 16:59:00,1.79,14680.0,United Kingdom
576359,22667,RECIPE BOX RETROSPOT ,24,2011-11-14 16:59:00,2.55,14680.0,United Kingdom
576359,21731,RED TOADSTOOL LED NIGHT LIGHT,48,2011-11-14 16:59:00,1.65,14680.0,United Kingdom
576359,79321,CHILLI LIGHTS,96,2011-11-14 16:59:00,4.95,14680.0,United Kingdom
576359,23444,Next Day Carriage,1,2011-11-14 16:59:00,15.0,14680.0,United Kingdom
577083,21495,SKULLS AND CROSSBONES WRAP,200,2011-11-17 15:34:00,0.36,15287.0,United Kingdom
577083,85014A,BLACK/BLUE POLKADOT UMBRELLA,3,2011-11-17 15:34:00,5.95,15287.0,United Kingdom
577083,85014B,RED RETROSPOT UMBRELLA,6,2011-11-17 15:34:00,5.95,15287.0,United Kingdom
577083,23002,TRAVEL CARD WALLET SKULLS,24,2011-11-17 15:34:00,0.42,15287.0,United Kingdom
577083,22994,TRAVEL CARD WALLET RETROSPOT,24,2011-11-17 15:34:00,0.42,15287.0,United Kingdom
577108,22517,CHILDS GARDEN RAKE PINK,1,2011-11-17 17:34:00,2.1,15983.0,United Kingdom
577108,22514,CHILDS GARDEN SPADE BLUE,1,2011-11-17 17:34:00,2.1,15983.0,United Kingdom
577108,84347,ROTATING SILVER ANGELS T-LIGHT HLDR,12,2011-11-17 17:34:00,2.55,15983.0,United Kingdom
577108,84879,ASSORTED COLOUR BIRD ORNAMENT,8,2011-11-17 17:34:00,1.69,15983.0,United Kingdom
577108,23348,CHILDRENS TOY COOKING UTENSIL SET,2,2011-11-17 17:34:00,2.08,15983.0,United Kingdom
577108,22139,RETROSPOT TEA SET CERAMIC 11 PC ,2,2011-11-17 17:34:00,4.95,15983.0,United Kingdom
577108,16015,MEDIUM CHINESE STYLE SCISSOR,10,2011-11-17 17:34:00,0.5,15983.0,United Kingdom
577108,22150,3 STRIPEY MICE FELTCRAFT,2,2011-11-17 17:34:00,1.95,15983.0,United Kingdom
577108,22082,RIBBON REEL STRIPES DESIGN ,5,2011-11-17 17:34:00,1.65,15983.0,United Kingdom
577108,22651,GENTLEMAN SHIRT REPAIR KIT ,5,2011-11-17 17:34:00,0.85,15983.0,United Kingdom
577108,23330,DECORATIVE WICKER HEART MEDIUM,10,2011-11-17 17:34:00,1.25,15983.0,United Kingdom
577108,23333,IVORY WICKER HEART MEDIUM,10,2011-11-17 17:34:00,1.25,15983.0,United Kingdom
577108,72800E,4 IVORY DINNER CANDLES SILVER FLOCK,4,2011-11-17 17:34:00,2.55,15983.0,United Kingdom
577108,23328,SET 6 SCHOOL MILK BOTTLES IN CRATE,3,2011-11-17 17:34:00,3.75,15983.0,United Kingdom
577108,23493,VINTAGE DOILY TRAVEL SEWING KIT,4,2011-11-17 17:34:00,1.95,15983.0,United Kingdom
577108,21914,BLUE HARMONICA IN BOX ,5,2011-11-17 17:34:00,1.25,15983.0,United Kingdom
577108,21918,SET 12 KIDS COLOUR  CHALK STICKS,2,2011-11-17 17:34:00,0.42,15983.0,United Kingdom
577108,21917,SET 12 KIDS  WHITE CHALK STICKS,2,2011-11-17 17:34:00,0.42,15983.0,United Kingdom
577108,21916,SET 12 RETRO WHITE CHALK STICKS,2,2011-11-17 17:34:00,0.42,15983.0,United Kingdom
577108,84006,MAGIC TREE -PAPER FLOWERS,36,2011-11-17 17:34:00,0.85,15983.0,United Kingdom
577108,22561,WOODEN SCHOOL COLOURING SET,2,2011-11-17 17:34:00,1.65,15983.0,United Kingdom
577108,22592,CARDHOLDER HOLLY WREATH METAL,4,2011-11-17 17:34:00,3.75,15983.0,United Kingdom
577108,23323,WHITE WICKER STAR ,2,2011-11-17 17:34:00,2.1,15983.0,United Kingdom
577108,22694,WICKER STAR ,2,2011-11-17 17:34:00,2.1,15983.0,United Kingdom
577108,22469,HEART OF WICKER SMALL,2,2011-11-17 17:34:00,1.65,15983.0,United Kingdom
577108,20767,BLUE PAISLEY JOURNAL ,1,2011-11-17 17:34:00,2.55,15983.0,United Kingdom
577108,23192,BUNDLE OF 3 ALPHABET EXERCISE BOOKS,2,2011-11-17 17:34:00,1.65,15983.0,United Kingdom
577108,23191,BUNDLE OF 3 RETRO NOTE BOOKS,4,2011-11-17 17:34:00,1.65,15983.0,United Kingdom
577108,23228,FILIGREE HEART BIRD WHITE ,24,2011-11-17 17:34:00,1.25,15983.0,United Kingdom
577108,20775,DAISY NOTEBOOK ,6,2011-11-17 17:34:00,1.65,15983.0,United Kingdom
577108,23085,ANTIQUE SILVER BAUBLE LAMP  ,5,2011-11-17 17:34:00,10.4,15983.0,United Kingdom
577108,21494,ROTATING LEAVES T-LIGHT HOLDER,12,2011-11-17 17:34:00,1.25,15983.0,United Kingdom
577407,22086,PAPER CHAIN KIT 50'S CHRISTMAS ,40,2011-11-20 10:37:00,2.55,14739.0,United Kingdom
577407,22910,PAPER CHAIN KIT VINTAGE CHRISTMAS,40,2011-11-20 10:37:00,2.55,14739.0,United Kingdom
577407,22087,PAPER BUNTING WHITE LACE,40,2011-11-20 10:37:00,2.55,14739.0,United Kingdom
577407,21790,VINTAGE SNAP CARDS,72,2011-11-20 10:37:00,0.72,14739.0,United Kingdom
577407,21791,VINTAGE HEADS AND TAILS CARD GAME ,72,2011-11-20 10:37:00,1.06,14739.0,United Kingdom
577407,22075,6 RIBBONS ELEGANT CHRISTMAS ,12,2011-11-20 10:37:00,1.65,14739.0,United Kingdom
577407,23434,3 RAFFIA RIBBONS 50'S CHRISTMAS ,20,2011-11-20 10:37:00,0.79,14739.0,United Kingdom
577407,85049A,TRADITIONAL CHRISTMAS RIBBONS,12,2011-11-20 10:37:00,1.25,14739.0,United Kingdom
577407,85049E,SCANDINAVIAN REDS RIBBONS,12,2011-11-20 10:37:00,1.25,14739.0,United Kingdom
577407,22909,SET OF 20 VINTAGE CHRISTMAS NAPKINS,12,2011-11-20 10:37:00,0.85,14739.0,United Kingdom
577524,23165,LARGE CERAMIC TOP STORAGE JAR,2,2011-11-20 13:33:00,1.65,16905.0,United Kingdom
577524,23058,CHRISTMAS HANGING SNOWFLAKE,1,2011-11-20 13:33:00,0.79,16905.0,United Kingdom
577524,23275,SET OF 3 HANGING OWLS OLLIE BEAK,1,2011-11-20 13:33:00,1.25,16905.0,United Kingdom
577524,22573,STAR WOODEN CHRISTMAS DECORATION,1,2011-11-20 13:33:00,0.85,16905.0,United Kingdom
577524,22576,SWALLOW WOODEN CHRISTMAS DECORATION,1,2011-11-20 13:33:00,0.85,16905.0,United Kingdom
577524,23266,SET OF 3 WOODEN STOCKING DECORATION,1,2011-11-20 13:33:00,1.25,16905.0,United Kingdom
577524,22572,ROCKING HORSE GREEN CHRISTMAS ,1,2011-11-20 13:33:00,0.85,16905.0,United Kingdom
577524,22571,ROCKING HORSE RED CHRISTMAS ,2,2011-11-20 13:33:00,0.85,16905.0,United Kingdom
577524,23211,RED ROCKING HORSE HAND PAINTED,2,2011-11-20 13:33:00,1.25,16905.0,United Kingdom
577524,23210,WHITE ROCKING HORSE HAND PAINTED,3,2011-11-20 13:33:00,1.25,16905.0,United Kingdom
577524,23219,LAUREL STAR ANTIQUE SILVER ,2,2011-11-20 13:33:00,1.25,16905.0,United Kingdom
577524,23221,REINDEER HEART DECORATION SILVER,4,2011-11-20 13:33:00,0.83,16905.0,United Kingdom
577524,23270,SET OF 2 CERAMIC PAINTED HEARTS ,1,2011-11-20 13:33:00,1.45,16905.0,United Kingdom
577524,23269,SET OF 2 CERAMIC CHRISTMAS TREES,1,2011-11-20 13:33:00,1.45,16905.0,United Kingdom
577524,23263,SET OF 3 WOODEN HEART DECORATIONS,1,2011-11-20 13:33:00,1.25,16905.0,United Kingdom
577524,23264,SET OF 3 WOODEN SLEIGH DECORATIONS,1,2011-11-20 13:33:00,1.25,16905.0,United Kingdom
577524,22154,ANGEL DECORATION 3 BUTTONS ,3,2011-11-20 13:33:00,0.42,16905.0,United Kingdom
577524,22155,STAR DECORATION RUSTIC,2,2011-11-20 13:33:00,0.42,16905.0,United Kingdom
577524,23489,VINTAGE BELLS GARLAND,1,2011-11-20 13:33:00,2.89,16905.0,United Kingdom
577524,23566,EGG CUP MILKMAID HEIDI,3,2011-11-20 13:33:00,1.25,16905.0,United Kingdom
577524,23565,EGG CUP MILKMAID HELGA ,3,2011-11-20 13:33:00,1.25,16905.0,United Kingdom
577524,23131,MISTLETOE HEART WREATH CREAM,2,2011-11-20 13:33:00,4.15,16905.0,United Kingdom
577524,21818,GLITTER HEART DECORATION,10,2011-11-20 13:33:00,0.39,16905.0,United Kingdom
577524,21819,GLITTER CHRISTMAS STAR ,10,2011-11-20 13:33:00,0.39,16905.0,United Kingdom
577524,21494,ROTATING LEAVES T-LIGHT HOLDER,30,2011-11-20 13:33:00,1.25,16905.0,United Kingdom
577524,22155,STAR DECORATION RUSTIC,20,2011-11-20 13:33:00,0.42,16905.0,United Kingdom
577524,22798,ANTIQUE GLASS DRESSING TABLE POT,1,2011-11-20 13:33:00,2.95,16905.0,United Kingdom
577524,84949,SILVER HANGING T-LIGHT HOLDER,6,2011-11-20 13:33:00,1.65,16905.0,United Kingdom
577524,21744,SNOWFLAKE PORTABLE TABLE LIGHT ,1,2011-11-20 13:33:00,2.95,16905.0,United Kingdom
577524,23489,VINTAGE BELLS GARLAND,9,2011-11-20 13:33:00,2.89,16905.0,United Kingdom
577524,23131,MISTLETOE HEART WREATH CREAM,6,2011-11-20 13:33:00,4.15,16905.0,United Kingdom
577524,23491,VINTAGE JINGLE BELLS HEART,1,2011-11-20 13:33:00,8.25,16905.0,United Kingdom
577524,22086,PAPER CHAIN KIT 50'S CHRISTMAS ,4,2011-11-20 13:33:00,2.95,16905.0,United Kingdom
577524,22423,REGENCY CAKESTAND 3 TIER,2,2011-11-20 13:33:00,12.75,16905.0,United Kingdom
577524,23210,WHITE ROCKING HORSE HAND PAINTED,10,2011-11-20 13:33:00,1.25,16905.0,United Kingdom
577524,23211,RED ROCKING HORSE HAND PAINTED,10,2011-11-20 13:33:00,1.25,16905.0,United Kingdom
577524,84347,ROTATING SILVER ANGELS T-LIGHT HLDR,36,2011-11-20 13:33:00,2.55,16905.0,United Kingdom
577524,23090,VINTAGE GLASS T-LIGHT HOLDER,12,2011-11-20 13:33:00,0.83,16905.0,United Kingdom
577524,21819,GLITTER CHRISTMAS STAR ,36,2011-11-20 13:33:00,0.39,16905.0,United Kingdom
577524,22158,3 HEARTS HANGING DECORATION RUSTIC,8,2011-11-20 13:33:00,2.95,16905.0,United Kingdom
577524,22154,ANGEL DECORATION 3 BUTTONS ,20,2011-11-20 13:33:00,0.42,16905.0,United Kingdom
577524,22297,HEART IVORY TRELLIS SMALL,10,2011-11-20 13:33:00,1.25,16905.0,United Kingdom
577524,22296,HEART IVORY TRELLIS LARGE,10,2011-11-20 13:33:00,1.65,16905.0,United Kingdom
577524,84360,TABLE LAMP WHITE SHADE WOOD BASE,3,2011-11-20 13:33:00,5.95,16905.0,United Kingdom
577524,23356,LOVE HOT WATER BOTTLE,6,2011-11-20 13:33:00,5.95,16905.0,United Kingdom
577524,22111,SCOTTIE DOG HOT WATER BOTTLE,6,2011-11-20 13:33:00,4.95,16905.0,United Kingdom
577524,23439,HAND WARMER RED LOVE HEART,3,2011-11-20 13:33:00,2.1,16905.0,United Kingdom
577524,22866,HAND WARMER SCOTTY DOG DESIGN,3,2011-11-20 13:33:00,2.1,16905.0,United Kingdom
577524,22113,GREY HEART HOT WATER BOTTLE,4,2011-11-20 13:33:00,4.25,16905.0,United Kingdom
577524,23582,VINTAGE DOILY JUMBO BAG RED ,1,2011-11-20 13:33:00,2.08,16905.0,United Kingdom
577524,21485,RETROSPOT HEART HOT WATER BOTTLE,3,2011-11-20 13:33:00,4.95,16905.0,United Kingdom
577525,82486,3 DRAWER ANTIQUE WHITE WOOD CABINET,2,2011-11-20 13:37:00,8.95,16905.0,United Kingdom
577525,21892,TRADITIONAL WOODEN CATCH CUP GAME ,20,2011-11-20 13:37:00,1.25,16905.0,United Kingdom
577525,23570,TRADITIONAL PICK UP STICKS GAME ,20,2011-11-20 13:37:00,1.25,16905.0,United Kingdom
577525,21914,BLUE HARMONICA IN BOX ,20,2011-11-20 13:37:00,1.25,16905.0,United Kingdom
577525,21791,VINTAGE HEADS AND TAILS CARD GAME ,20,2011-11-20 13:37:00,1.25,16905.0,United Kingdom
577525,21034,REX CASH+CARRY JUMBO SHOPPER,1,2011-11-20 13:37:00,0.95,16905.0,United Kingdom
577525,21790,VINTAGE SNAP CARDS,50,2011-11-20 13:37:00,0.85,16905.0,United Kingdom
578634,23492,VINTAGE JINGLE BELLS WREATH,2,2011-11-24 16:34:00,8.25,16566.0,United Kingdom
578634,22151,PLACE SETTING WHITE HEART,24,2011-11-24 16:34:00,0.42,16566.0,United Kingdom
578634,84946,ANTIQUE SILVER T-LIGHT GLASS,12,2011-11-24 16:34:00,1.25,16566.0,United Kingdom
578634,84949,SILVER HANGING T-LIGHT HOLDER,6,2011-11-24 16:34:00,1.65,16566.0,United Kingdom
578634,21326,AGED GLASS SILVER T-LIGHT HOLDER,36,2011-11-24 16:34:00,0.65,16566.0,United Kingdom
578634,22464,HANGING METAL HEART LANTERN,12,2011-11-24 16:34:00,1.65,16566.0,United Kingdom
578634,22224,WHITE LOVEBIRD LANTERN,6,2011-11-24 16:34:00,2.95,16566.0,United Kingdom
579101,21832,CHOCOLATE CALCULATOR,6,2011-11-28 11:27:00,1.65,16364.0,United Kingdom
579101,22029,SPACEBOY BIRTHDAY CARD,24,2011-11-28 11:27:00,0.42,16364.0,United Kingdom
579101,21328,BALLOONS  WRITING SET ,4,2011-11-28 11:27:00,1.65,16364.0,United Kingdom
579101,21327,SKULLS WRITING SET ,3,2011-11-28 11:27:00,1.65,16364.0,United Kingdom
579101,21329,DINOSAURS  WRITING SET ,3,2011-11-28 11:27:00,1.65,16364.0,United Kingdom
579101,21061,PARTY INVITES FOOTBALL,7,2011-11-28 11:27:00,0.85,16364.0,United Kingdom
579101,21991,BOHEMIAN COLLAGE STATIONERY SET,6,2011-11-28 11:27:00,1.25,16364.0,United Kingdom
579101,21990,MODERN FLORAL STATIONERY SET,6,2011-11-28 11:27:00,1.25,16364.0,United Kingdom
579101,21098,CHRISTMAS TOILET ROLL,6,2011-11-28 11:27:00,1.25,16364.0,United Kingdom
579101,22867,HAND WARMER BIRD DESIGN,6,2011-11-28 11:27:00,2.1,16364.0,United Kingdom
579101,22865,HAND WARMER OWL DESIGN,6,2011-11-28 11:27:00,2.1,16364.0,United Kingdom
579101,23356,LOVE HOT WATER BOTTLE,2,2011-11-28 11:27:00,5.95,16364.0,United Kingdom
579101,23320,GIANT 50'S CHRISTMAS CRACKER,4,2011-11-28 11:27:00,2.89,16364.0,United Kingdom
579101,23319,BOX OF 6 MINI 50'S CRACKERS,6,2011-11-28 11:27:00,2.49,16364.0,United Kingdom
579101,23101,SILVER STARS TABLE DECORATION,12,2011-11-28 11:27:00,0.83,16364.0,United Kingdom
579101,23080,RED METAL BOX TOP SECRET,4,2011-11-28 11:27:00,8.25,16364.0,United Kingdom
579101,22791,T-LIGHT GLASS FLUTED ANTIQUE,12,2011-11-28 11:27:00,1.25,16364.0,United Kingdom
579101,23075,PARLOUR CERAMIC WALL HOOK,6,2011-11-28 11:27:00,4.15,16364.0,United Kingdom
579101,23100,SILVER BELLS TABLE DECORATION,12,2011-11-28 11:27:00,1.25,16364.0,United Kingdom
579101,22960,JAM MAKING SET WITH JARS,4,2011-11-28 11:27:00,4.25,16364.0,United Kingdom
579101,22942,CHRISTMAS LIGHTS 10 SANTAS ,4,2011-11-28 11:27:00,8.5,16364.0,United Kingdom
579101,23165,LARGE CERAMIC TOP STORAGE JAR,12,2011-11-28 11:27:00,1.65,16364.0,United Kingdom
579101,22109,FULL ENGLISH BREAKFAST PLATE,6,2011-11-28 11:27:00,3.75,16364.0,United Kingdom
579101,22607,WOODEN ROUNDERS GARDEN SET ,4,2011-11-28 11:27:00,9.95,16364.0,United Kingdom
579525,85123A,WHITE HANGING HEART T-LIGHT HOLDER,96,2011-11-30 08:23:00,2.55,15113.0,United Kingdom
579525,23493,VINTAGE DOILY TRAVEL SEWING KIT,40,2011-11-30 08:23:00,1.95,15113.0,United Kingdom
579525,23552,BICYCLE PUNCTURE REPAIR KIT ,36,2011-11-30 08:23:00,2.08,15113.0,United Kingdom
579525,23368,SET 12 COLOUR PENCILS DOLLY GIRL ,72,2011-11-30 08:23:00,0.65,15113.0,United Kingdom
579525,22941,CHRISTMAS LIGHTS 10 REINDEER,8,2011-11-30 08:23:00,8.5,15113.0,United Kingdom
579525,21914,BLUE HARMONICA IN BOX ,48,2011-11-30 08:23:00,1.25,15113.0,United Kingdom
579525,23196,VINTAGE LEAF MAGNETIC NOTEPAD,36,2011-11-30 08:23:00,1.45,15113.0,United Kingdom
579525,84077,WORLD WAR 2 GLIDERS ASSTD DESIGNS,144,2011-11-30 08:23:00,0.29,15113.0,United Kingdom
579525,22299,PIG KEYRING WITH LIGHT & SOUND ,48,2011-11-30 08:23:00,1.25,15113.0,United Kingdom
579525,22551,PLASTERS IN TIN SPACEBOY,24,2011-11-30 08:23:00,1.65,15113.0,United Kingdom
579525,22555,PLASTERS IN TIN STRONGMAN,12,2011-11-30 08:23:00,1.65,15113.0,United Kingdom
579525,21481,FAWN BLUE HOT WATER BOTTLE,12,2011-11-30 08:23:00,3.75,15113.0,United Kingdom
579525,23308,SET OF 60 VINTAGE LEAF CAKE CASES ,48,2011-11-30 08:23:00,0.55,15113.0,United Kingdom
579525,21977,PACK OF 60 PINK PAISLEY CAKE CASES,48,2011-11-30 08:23:00,0.55,15113.0,United Kingdom
579525,22417,PACK OF 60 SPACEBOY CAKE CASES,24,2011-11-30 08:23:00,0.55,15113.0,United Kingdom
579525,22988,SOLDIERS EGG CUP ,36,2011-11-30 08:23:00,1.25,15113.0,United Kingdom
579525,23566,EGG CUP MILKMAID HEIDI,24,2011-11-30 08:23:00,1.25,15113.0,United Kingdom
579525,21733,RED HANGING HEART T-LIGHT HOLDER,32,2011-11-30 08:23:00,2.55,15113.0,United Kingdom
579525,22961,JAM MAKING SET PRINTED,48,2011-11-30 08:23:00,1.45,15113.0,United Kingdom
579525,22960,JAM MAKING SET WITH JARS,12,2011-11-30 08:23:00,3.75,15113.0,United Kingdom
579525,22435,SET OF 9 HEART SHAPED BALLOONS,12,2011-11-30 08:23:00,1.25,15113.0,United Kingdom
579525,23367,SET 12 COLOUR PENCILS SPACEBOY ,48,2011-11-30 08:23:00,0.65,15113.0,United Kingdom
579525,23237,SET OF 4 KNICK KNACK TINS LEAF,12,2011-11-30 08:23:00,4.15,15113.0,United Kingdom
579525,23373,VINTAGE CHRISTMAS PAPER GIFT BAG,30,2011-11-30 08:23:00,0.82,15113.0,United Kingdom
580299,22646,CERAMIC STRAWBERRY CAKE MONEY BANK,12,2011-12-02 13:58:00,1.45,14023.0,United Kingdom
580299,22139,RETROSPOT TEA SET CERAMIC 11 PC ,9,2011-12-02 13:58:00,4.95,14023.0,United Kingdom
580299,21704,BAG 250g SWIRLY MARBLES,12,2011-12-02 13:58:00,0.85,14023.0,United Kingdom
580299,21912,VINTAGE SNAKES & LADDERS,8,2011-12-02 13:58:00,3.75,14023.0,United Kingdom
580299,22550,HOLIDAY FUN LUDO,4,2011-12-02 13:58:00,3.75,14023.0,United Kingdom
580299,22620,4 TRADITIONAL SPINNING TOPS,12,2011-12-02 13:58:00,1.45,14023.0,United Kingdom
580299,23569,TRADTIONAL ALPHABET STAMP SET,4,2011-12-02 13:58:00,4.95,14023.0,United Kingdom
580299,23076,ICE CREAM SUNDAE LIP GLOSS,24,2011-12-02 13:58:00,1.25,14023.0,United Kingdom
580299,22492,MINI PAINT SET VINTAGE ,36,2011-12-02 13:58:00,0.65,14023.0,United Kingdom
580299,23263,SET OF 3 WOODEN HEART DECORATIONS,12,2011-12-02 13:58:00,1.25,14023.0,United Kingdom
580299,21889,WOODEN BOX OF DOMINOES,12,2011-12-02 13:58:00,1.25,14023.0,United Kingdom
580299,72133,COLUMBIAN CANDLE RECTANGLE,6,2011-12-02 13:58:00,1.25,14023.0,United Kingdom
580299,22489,PACK OF 12 TRADITIONAL CRAYONS,24,2011-12-02 13:58:00,0.42,14023.0,United Kingdom
580299,20704,MR ROBOT SOFT TOY,4,2011-12-02 13:58:00,6.95,14023.0,United Kingdom
580299,20705,MRS ROBOT SOFT TOY,4,2011-12-02 13:58:00,6.95,14023.0,United Kingdom
580514,22800,ANTIQUE TALL SWIRLGLASS TRINKET POT,1,2011-12-04 14:01:00,3.75,16905.0,United Kingdom
580514,21344,MOROCCAN BEATEN METAL DISH,1,2011-12-04 14:01:00,9.95,16905.0,United Kingdom
580514,23084,RABBIT NIGHT LIGHT,1,2011-12-04 14:01:00,2.08,16905.0,United Kingdom
580514,21790,VINTAGE SNAP CARDS,1,2011-12-04 14:01:00,0.85,16905.0,United Kingdom
580514,23482,PEARLISED IVORY HEART LARGE ,12,2011-12-04 14:01:00,1.65,16905.0,United Kingdom
580514,85048,15CM CHRISTMAS GLASS BALL 20 LIGHTS,2,2011-12-04 14:01:00,7.95,16905.0,United Kingdom
580514,22666,RECIPE BOX PANTRY YELLOW DESIGN,1,2011-12-04 14:01:00,2.95,16905.0,United Kingdom
580514,84879,ASSORTED COLOUR BIRD ORNAMENT,8,2011-12-04 14:01:00,1.69,16905.0,United Kingdom
580514,23491,VINTAGE JINGLE BELLS HEART,6,2011-12-04 14:01:00,8.25,16905.0,United Kingdom
580514,82486,3 DRAWER ANTIQUE WHITE WOOD CABINET,4,2011-12-04 14:01:00,8.95,16905.0,United Kingdom
580514,20828,GLITTER BUTTERFLY CLIPS,3,2011-12-04 14:01:00,2.55,16905.0,United Kingdom
580514,84949,SILVER HANGING T-LIGHT HOLDER,10,2011-12-04 14:01:00,1.65,16905.0,United Kingdom
580514,21390,FILIGRIS HEART WITH BUTTERFLY,6,2011-12-04 14:01:00,1.25,16905.0,United Kingdom
580514,22801,ANTIQUE GLASS PEDESTAL BOWL,1,2011-12-04 14:01:00,3.75,16905.0,United Kingdom
580514,23223,CHRISTMAS TREE HANGING SILVER ,15,2011-12-04 14:01:00,0.83,16905.0,United Kingdom
580514,23219,LAUREL STAR ANTIQUE SILVER ,15,2011-12-04 14:01:00,1.25,16905.0,United Kingdom
580514,22113,GREY HEART HOT WATER BOTTLE,5,2011-12-04 14:01:00,4.25,16905.0,United Kingdom
580514,23090,VINTAGE GLASS T-LIGHT HOLDER,20,2011-12-04 14:01:00,0.83,16905.0,United Kingdom
580514,23481,PEARLISED IVORY HEART SMALL ,12,2011-12-04 14:01:00,1.25,16905.0,United Kingdom
580514,22297,HEART IVORY TRELLIS SMALL,10,2011-12-04 14:01:00,1.25,16905.0,United Kingdom
580514,22296,HEART IVORY TRELLIS LARGE,6,2011-12-04 14:01:00,1.65,16905.0,United Kingdom
580514,22866,HAND WARMER SCOTTY DOG DESIGN,3,2011-12-04 14:01:00,2.1,16905.0,United Kingdom
580514,22865,HAND WARMER OWL DESIGN,3,2011-12-04 14:01:00,2.1,16905.0,United Kingdom
580514,23439,HAND WARMER RED LOVE HEART,6,2011-12-04 14:01:00,2.1,16905.0,United Kingdom
580514,22867,HAND WARMER BIRD DESIGN,6,2011-12-04 14:01:00,2.1,16905.0,United Kingdom
580514,21034,REX CASH+CARRY JUMBO SHOPPER,1,2011-12-04 14:01:00,0.95,16905.0,United Kingdom
580653,22621,TRADITIONAL KNITTING NANCY,24,2011-12-05 13:34:00,1.65,17706.0,United Kingdom
580653,22625,RED KITCHEN SCALES,6,2011-12-05 13:34:00,8.5,17706.0,United Kingdom
580653,85123A,WHITE HANGING HEART T-LIGHT HOLDER,12,2011-12-05 13:34:00,2.95,17706.0,United Kingdom
580653,85099B,JUMBO BAG RED RETROSPOT,10,2011-12-05 13:34:00,2.08,17706.0,United Kingdom
580653,22909,SET OF 20 VINTAGE CHRISTMAS NAPKINS,24,2011-12-05 13:34:00,0.85,17706.0,United Kingdom
580653,21080,SET/20 RED RETROSPOT PAPER NAPKINS ,24,2011-12-05 13:34:00,0.85,17706.0,United Kingdom
580653,21714,CITRONELLA CANDLE GARDEN POT,24,2011-12-05 13:34:00,1.25,17706.0,United Kingdom
580653,21479,WHITE SKULL HOT WATER BOTTLE ,12,2011-12-05 13:34:00,4.25,17706.0,United Kingdom
580653,22192,BLUE DINER WALL CLOCK,6,2011-12-05 13:34:00,8.5,17706.0,United Kingdom
580653,22191,IVORY DINER WALL CLOCK,6,2011-12-05 13:34:00,8.5,17706.0,United Kingdom
580653,22726,ALARM CLOCK BAKELIKE GREEN,6,2011-12-05 13:34:00,3.75,17706.0,United Kingdom
580653,22467,GUMBALL COAT RACK,12,2011-12-05 13:34:00,2.55,17706.0,United Kingdom
580653,23084,RABBIT NIGHT LIGHT,12,2011-12-05 13:34:00,2.08,17706.0,United Kingdom
580653,21174,POTTERING IN THE SHED METAL SIGN,18,2011-12-05 13:34:00,2.08,17706.0,United Kingdom
580653,23426,METAL SIGN DROP YOUR PANTS,18,2011-12-05 13:34:00,2.89,17706.0,United Kingdom
580653,21172,PARTY METAL SIGN ,12,2011-12-05 13:34:00,1.45,17706.0,United Kingdom
580653,21907,I'M ON HOLIDAY METAL SIGN,18,2011-12-05 13:34:00,2.1,17706.0,United Kingdom
580653,21175,GIN AND TONIC DIET METAL SIGN,24,2011-12-05 13:34:00,2.55,17706.0,United Kingdom
580653,22413,METAL SIGN TAKE IT OR LEAVE IT ,18,2011-12-05 13:34:00,2.95,17706.0,United Kingdom
580653,21181,PLEASE ONE PERSON METAL SIGN,18,2011-12-05 13:34:00,2.1,17706.0,United Kingdom
580653,21169,YOU'RE CONFUSING ME METAL SIGN ,18,2011-12-05 13:34:00,1.69,17706.0,United Kingdom
580719,84946,ANTIQUE SILVER T-LIGHT GLASS,72,2011-12-05 16:54:00,1.06,14739.0,United Kingdom
580719,22909,SET OF 20 VINTAGE CHRISTMAS NAPKINS,36,2011-12-05 16:54:00,0.85,14739.0,United Kingdom
580719,22910,PAPER CHAIN KIT VINTAGE CHRISTMAS,40,2011-12-05 16:54:00,2.55,14739.0,United Kingdom
580719,22086,PAPER CHAIN KIT 50'S CHRISTMAS ,40,2011-12-05 16:54:00,2.55,14739.0,United Kingdom
580719,23597,PAPER BUNTING PAISLEY PARK,40,2011-12-05 16:54:00,2.55,14739.0,United Kingdom
580719,21912,VINTAGE SNAKES & LADDERS,36,2011-12-05 16:54:00,3.39,14739.0,United Kingdom
C581162,84946,ANTIQUE SILVER T-LIGHT GLASS,-3,2011-12-07 14:32:00,1.06,14739.0,United Kingdom
489439,POST,POSTAGE,3,2009-12-01 09:28:00,18.0,12682.0,France
489444,POST,POSTAGE,1,2009-12-01 09:55:00,141.0,12636.0,USA
489447,POST,POSTAGE,1,2009-12-01 10:10:00,130.0,12362.0,Belgium
489526,POST,POSTAGE,6,2009-12-01 11:50:00,18.0,12533.0,Germany
C489538,POST,POSTAGE,-1,2009-12-01 12:18:00,9.58,15796.0,United Kingdom
489557,POST,POSTAGE,4,2009-12-01 12:52:00,18.0,12490.0,France
489609,M,Manual,1,2009-12-01 14:50:00,4.0,,United Kingdom
C489651,M,Manual,-1,2009-12-01 16:48:00,5.1,17804.0,United Kingdom
C489685,POST,POSTAGE,-1,2009-12-02 10:28:00,18.0,12523.0,France
C489859,M,Manual,-1,2009-12-02 14:45:00,69.57,,United Kingdom
489883,POST,POSTAGE,3,2009-12-02 16:24:00,18.0,12437.0,France
C490117,POST,POSTAGE,-1,2009-12-03 17:38:00,2.99,16570.0,United Kingdom
C490120,POST,POSTAGE,-2,2009-12-03 17:52:00,18.0,14277.0,France
C490126,M,Manual,-1,2009-12-03 18:12:00,5.95,15884.0,United Kingdom
C490129,M,Manual,-1,2009-12-03 18:26:00,1998.49,15482.0,United Kingdom
490152,POST,POSTAGE,7,2009-12-04 10:00:00,18.0,12714.0,France
490158,POST,POSTAGE,3,2009-12-04 10:47:00,18.0,12759.0,Netherlands
490295,POST,POSTAGE,4,2009-12-04 13:47:00,28.0,12510.0,Spain
C490296,POST,POSTAGE,-1,2009-12-04 13:51:00,28.0,12510.0,Spain
490300,M,Manual,1,2009-12-04 14:19:00,0.85,12970.0,United Kingdom
490300,M,Manual,1,2009-12-04 14:19:00,0.21,12970.0,United Kingdom
C490307,POST,POSTAGE,-1,2009-12-04 14:49:00,8.97,,United Kingdom
490344,POST,POSTAGE,1,2009-12-04 15:53:00,18.0,,United Kingdom
490395,POST,POSTAGE,2,2009-12-06 10:16:00,18.0,13813.0,Germany
490397,POST,POSTAGE,2,2009-12-06 10:30:00,15.0,12417.0,Belgium
490458,POST,POSTAGE,4,2009-12-06 11:57:00,18.0,12583.0,France
490564,POST,POSTAGE,7,2009-12-07 10:42:00,18.0,12471.0,Germany
490682,POST,POSTAGE,2,2009-12-07 13:37:00,18.0,12600.0,Germany
490718,POST,POSTAGE,3,2009-12-07 15:42:00,40.0,12443.0,Norway
490727,M,Manual,1,2009-12-07 16:38:00,0.0,17231.0,United Kingdom
490733,POST,POSTAGE,3,2009-12-07 16:56:00,28.0,12540.0,Spain
C490748,M,Manual,-1,2009-12-07 18:14:00,309.73,12748.0,United Kingdom
490760,M,Manual,1,2009-12-08 09:49:00,10.0,14295.0,United Kingdom
C490798,POST,POSTAGE,-2,2009-12-08 11:51:00,18.0,14277.0,France
490806,POST,POSTAGE,1,2009-12-08 12:13:00,4.0,13485.0,United Kingdom
490881,M,Manual,1,2009-12-08 12:58:00,10.0,16210.0,United Kingdom
490936,POST,POSTAGE,2,2009-12-08 13:56:00,28.0,12785.0,Portugal
C490943,BANK CHARGES, Bank Charges,-1,2009-12-08 14:08:00,15.0,16703.0,United Kingdom
490948,BANK CHARGES, Bank Charges,1,2009-12-08 14:29:00,15.0,16805.0,United Kingdom
490959,POST,POSTAGE,2,2009-12-08 15:14:00,18.0,12682.0,France
490964,POST,POSTAGE,1,2009-12-08 16:09:00,15.0,14646.0,Netherlands
490999,M,Manual,1,2009-12-08 17:26:00,15.95,13883.0,United Kingdom
490999,M,Manual,1,2009-12-08 17:26:00,8.7,13883.0,United Kingdom
491050,POST,POSTAGE,2,2009-12-09 10:46:00,18.0,12712.0,Germany
491094,POST,POSTAGE,1,2009-12-09 13:49:00,216.0,12709.0,Germany
C491157,M,Manual,-1,2009-12-10 10:00:00,40.0,14942.0,United Kingdom
491176,M,Manual,1,2009-12-10 11:50:00,1213.02,13091.0,United Kingdom
C491423,M,Manual,-1,2009-12-10 19:45:00,2.2,16798.0,United Kingdom
C491623,POST,POSTAGE,-1,2009-12-11 14:20:00,15.0,16253.0,United Kingdom
491649,POST,POSTAGE,2,2009-12-13 10:28:00,40.0,12664.0,Finland
